pixel2,pixel4,pixel23,pixel28,pixel32,pixel56,pixel59,pixel66,pixel68,pixel80,pixel81,pixel102,pixel112,pixel124,pixel125,pixel141,pixel157,pixel163,pixel168,pixel174,pixel181,pixel186,pixel188,pixel190,pixel205,pixel212,pixel218,pixel223,pixel227,pixel230,pixel231,pixel253,pixel277,pixel280,pixel297,pixel298,pixel300,pixel302,pixel306,pixel309,pixel319,pixel332,pixel335,pixel348,pixel352,pixel366,pixel370,pixel388,pixel391,pixel403,pixel418,pixel431,pixel433,pixel456,pixel460,pixel464,pixel467,pixel469,pixel474,pixel477,pixel485,pixel488,pixel496,pixel499,pixel503,pixel506,pixel514,pixel516,pixel526,pixel527,pixel542,pixel551,pixel553,pixel556,pixel564,pixel573,pixel589,pixel601,pixel628,pixel629,pixel634,pixel636,pixel647,pixel655,pixel665,pixel681,pixel684,pixel685,pixel689,pixel699,pixel701,pixel707,pixel709,pixel713,pixel719,pixel742,pixel747,pixel760,pixel770,pixel775,target
0,0,0,0,0,0,0,56,45,0,0,50,0,64,49,0,35,64,0,0,46,39,36,59,74,45,61,0,0,25,107,0,0,0,81,47,74,150,0,0,67,59,0,69,84,0,78,77,0,70,0,70,66,104,67,85,54,38,0,0,95,66,52,95,0,0,67,69,114,105,64,63,39,83,0,64,0,63,64,63,59,54,0,66,21,33,63,66,67,0,0,149,39,64,57,63,67,0,16,15,6
0,0,0,0,0,0,0,0,0,0,0,0,0,0,0,0,0,0,0,0,0,0,0,0,0,0,0,0,0,0,0,0,0,0,111,168,0,0,0,0,0,2,150,145,143,0,0,113,218,34,198,136,173,163,186,182,175,173,163,63,207,195,195,214,245,0,143,143,127,120,0,0,0,0,0,0,0,0,0,0,0,0,0,0,0,0,0,0,0,0,0,0,0,0,0,0,0,0,0,0,7
0,0,0,0,0,0,0,96,126,0,0,147,0,146,145,0,161,0,0,0,195,149,94,0,0,155,0,0,0,0,0,0,0,0,171,175,124,0,0,0,172,0,0,187,156,0,0,0,0,194,0,186,219,0,196,0,156,0,0,0,0,206,146,0,0,0,75,212,0,0,85,185,0,0,0,188,0,160,211,119,180,123,0,186,0,0,218,64,46,0,0,0,0,5,194,0,183,0,0,138,1
0,0,0,0,0,0,0,97,211,0,0,203,0,203,212,0,209,0,0,0,198,194,156,0,0,255,0,0,0,0,0,0,0,0,206,183,0,0,0,0,173,0,0,209,247,0,0,0,0,51,0,49,207,0,211,202,42,0,0,0,0,211,0,0,0,0,0,221,0,0,0,62,0,0,0,231,0,236,233,235,197,0,0,25,0,0,220,241,245,0,0,0,0,242,0,240,0,0,95,0,1
0,4,0,0,0,0,0,18,93,0,0,48,0,59,187,0,65,126,0,167,67,83,63,110,95,81,95,0,0,102,81,0,81,0,73,77,81,87,18,0,97,108,0,71,81,0,0,0,0,91,2,85,67,4,69,81,77,46,0,0,83,73,93,0,0,0,97,69,0,0,91,83,8,0,0,73,0,73,75,77,69,102,0,75,2,65,79,75,75,0,0,0,69,81,75,95,85,0,75,75,6
0,0,0,0,0,0,0,61,50,0,0,89,0,94,52,0,73,0,0,0,99,121,14,0,25,105,0,0,0,0,0,0,0,0,150,66,31,0,0,0,182,0,0,240,225,0,0,0,0,169,0,153,192,0,187,214,185,0,0,0,154,150,136,0,0,0,210,138,0,0,186,144,1,0,0,180,0,159,205,149,188,197,0,170,133,171,105,121,58,0,0,114,164,123,155,210,156,0,36,6,3
0,0,0,0,0,0,0,30,22,12,0,23,0,35,23,0,30,60,0,211,28,30,14,46,51,37,49,0,0,70,135,0,28,0,61,95,72,102,0,0,40,0,0,86,64,0,0,0,0,103,0,107,65,14,126,68,44,53,0,0,130,98,81,0,0,0,131,110,9,0,140,44,44,0,0,154,0,119,67,88,46,58,0,96,82,117,145,137,58,0,0,0,117,144,42,78,32,0,33,16,0
0,0,0,0,0,0,0,0,92,0,0,50,0,0,7,0,13,0,0,0,2,118,0,0,0,0,0,0,0,0,2,0,0,0,62,75,5,0,0,0,0,0,0,0,0,0,0,8,0,13,0,119,74,213,219,209,208,200,0,0,188,194,188,147,0,0,198,202,205,198,208,181,164,0,0,190,0,189,193,191,183,179,0,194,201,201,201,199,200,0,0,165,194,198,184,247,255,0,137,153,8
0,0,0,0,0,0,0,0,0,0,0,0,0,0,0,0,0,0,0,0,0,0,0,0,0,0,0,0,0,0,0,0,8,0,86,62,1,5,19,0,0,6,20,62,5,113,149,2,0,114,133,0,0,24,26,155,179,179,189,0,30,29,219,219,146,0,2,1,20,7,0,0,0,0,0,0,0,0,0,0,0,0,0,0,0,0,0,0,0,0,0,0,0,0,0,0,0,0,0,0,7
0,0,0,0,0,0,0,93,113,0,0,116,0,90,89,0,76,131,0,49,76,82,83,110,147,86,127,0,0,127,140,0,0,0,110,106,63,204,0,0,165,145,0,97,205,0,171,133,0,116,0,116,107,245,106,213,103,72,0,0,72,104,100,167,0,0,100,110,177,192,94,104,69,111,0,111,0,111,128,120,107,106,0,102,107,117,104,128,103,0,0,143,94,99,96,117,130,0,106,86,6
0,0,0,0,0,0,0,211,175,0,0,190,0,230,234,0,227,0,0,0,228,236,0,0,3,232,0,0,0,0,0,0,0,0,221,239,0,0,0,0,46,0,0,248,242,0,0,0,0,240,0,243,233,0,235,243,238,91,0,0,0,234,188,0,0,0,94,230,0,0,98,238,0,0,0,235,0,236,237,237,244,179,0,213,0,0,158,177,178,0,0,0,0,197,180,225,233,0,150,167,3
0,0,0,0,0,0,0,0,0,0,0,0,0,17,17,0,233,212,0,200,192,195,198,203,203,201,195,190,197,198,201,0,137,123,135,126,115,109,156,0,169,139,132,168,150,181,208,154,0,169,154,188,146,205,144,124,138,184,180,0,210,197,203,169,0,0,212,200,150,166,209,166,217,181,218,198,1,195,250,251,252,255,0,104,95,0,0,0,0,0,0,0,0,0,0,0,0,0,0,0,8
0,0,0,0,0,0,0,0,205,0,0,225,0,255,229,0,246,0,0,4,186,121,227,96,236,219,177,0,0,0,0,0,0,0,222,235,214,223,0,0,222,0,0,219,212,0,0,0,0,218,0,216,217,234,217,213,214,230,0,0,222,218,213,198,0,0,223,219,207,218,224,212,231,0,0,217,0,218,220,220,215,211,0,213,229,212,232,222,222,0,0,200,208,213,135,8,0,0,0,4,4
0,0,0,0,0,0,0,200,211,39,0,195,0,214,212,0,186,195,0,212,220,182,180,188,106,142,189,0,196,217,195,0,214,0,145,155,186,199,34,0,190,0,0,189,184,0,0,0,0,195,0,196,197,206,189,199,198,188,0,0,192,192,188,0,0,0,196,189,184,0,197,193,193,0,0,195,0,199,196,198,197,200,0,199,200,195,199,196,197,0,0,149,196,190,197,215,224,0,173,156,0
0,0,0,0,0,0,0,0,0,0,0,0,0,0,0,0,163,179,0,0,1,25,52,62,0,103,89,0,0,0,0,0,150,0,72,60,96,97,116,0,0,89,0,3,43,0,0,140,70,0,157,0,92,0,74,92,91,104,160,0,0,84,114,130,189,0,64,87,175,146,55,104,185,192,11,114,0,141,126,146,0,0,151,206,48,151,119,91,1,0,0,0,0,0,0,0,0,0,0,0,9
0,0,0,0,0,0,0,0,0,0,0,128,1,0,0,0,180,133,47,0,0,163,134,82,0,181,191,123,0,0,0,0,199,5,140,162,146,144,108,0,2,159,140,2,143,0,0,127,142,0,171,21,184,0,165,156,150,148,150,0,54,145,183,159,181,15,172,146,157,138,175,170,156,156,167,162,183,166,151,146,181,208,13,188,224,167,172,124,0,43,0,0,0,0,0,0,0,0,0,0,9
0,0,0,0,0,0,0,0,182,0,0,0,0,175,255,0,101,0,0,0,255,0,0,0,0,255,0,0,0,0,0,0,0,0,197,0,0,0,0,0,22,0,0,255,255,0,0,0,0,101,0,118,244,0,255,249,0,0,0,0,0,255,0,0,0,0,0,255,0,0,0,0,0,0,0,246,0,247,255,247,167,0,0,207,0,0,255,250,255,0,0,0,0,241,0,255,0,0,148,0,3
0,0,4,0,0,0,0,0,1,0,0,0,0,0,0,0,17,0,0,207,198,248,227,231,231,247,226,3,0,223,231,0,131,0,231,233,242,255,0,0,231,232,0,233,232,0,250,219,0,233,249,233,233,228,232,232,234,224,223,0,229,232,227,249,199,0,234,233,102,243,234,238,255,0,0,233,0,233,233,232,235,232,0,233,237,231,235,234,235,0,0,240,228,223,217,255,255,1,90,92,6
0,0,0,0,0,0,0,0,236,0,0,217,0,233,232,0,233,0,0,0,233,216,176,0,0,239,0,0,0,0,0,0,0,0,255,216,216,0,0,0,255,0,0,223,39,0,0,0,0,255,0,231,240,0,235,0,233,0,0,0,0,244,201,0,0,0,0,249,0,0,0,227,0,0,0,229,0,233,180,243,252,159,0,0,0,0,61,248,102,0,0,0,0,212,236,255,252,0,175,115,1
0,0,0,0,0,0,0,112,67,0,0,118,0,78,82,0,105,122,0,56,107,107,94,113,217,122,111,0,0,94,138,0,0,0,120,116,66,165,0,0,134,124,0,116,118,0,127,139,0,118,0,116,120,104,122,124,116,0,0,0,44,124,145,215,0,0,141,128,128,214,134,124,6,139,0,123,0,134,179,181,174,185,0,0,0,0,0,0,0,0,0,123,0,1,1,0,0,0,0,0,2
0,0,0,0,0,0,0,144,184,10,0,137,0,135,121,0,121,85,0,97,119,115,90,104,90,103,97,0,0,150,130,0,1,0,99,121,104,90,0,0,86,0,0,85,75,0,0,0,0,85,0,85,88,99,79,74,75,81,0,0,103,85,81,72,0,0,94,85,86,79,95,86,94,0,3,99,0,106,117,112,128,95,0,106,113,173,150,146,121,0,0,170,226,144,153,189,218,0,193,65,0
0,0,1,0,0,0,0,11,1,0,0,0,0,19,43,0,248,0,0,0,58,0,138,171,175,178,201,0,0,0,113,0,232,0,68,0,110,143,81,0,230,92,0,220,45,0,215,255,0,196,0,248,241,83,186,0,227,14,0,0,33,174,195,2,0,0,208,230,0,2,226,229,116,0,0,150,0,221,249,251,143,150,0,31,254,29,2,249,241,0,0,81,0,64,218,175,176,0,32,21,6
0,0,0,0,0,0,0,223,231,0,0,207,0,213,209,0,211,2,0,0,210,209,211,0,223,211,0,0,0,0,0,0,0,0,209,210,224,0,0,0,211,0,0,213,210,0,0,0,0,209,0,209,208,217,216,209,209,217,0,0,205,217,205,0,0,0,210,218,101,0,211,210,224,1,0,222,0,233,209,243,211,207,0,210,215,211,207,234,209,0,0,224,199,243,208,0,0,0,0,0,1
0,0,0,0,0,0,0,0,0,0,0,0,0,0,0,0,0,134,0,0,0,182,215,226,0,0,202,0,0,0,0,0,179,0,217,169,226,201,66,0,0,182,0,0,248,0,0,172,0,1,150,0,73,2,91,207,204,200,206,2,0,143,207,171,226,0,19,93,210,188,142,210,210,238,164,151,118,183,196,199,255,230,0,208,239,49,79,53,0,96,0,0,0,0,0,0,0,0,0,0,9
0,0,0,0,0,0,0,0,187,0,0,214,0,203,221,0,191,0,0,1,182,192,183,0,194,200,40,0,0,0,0,0,0,0,191,193,203,175,0,0,204,0,0,203,188,0,0,0,0,197,0,181,192,192,189,178,178,210,0,0,213,190,185,151,0,0,211,202,192,160,202,194,212,0,0,192,0,185,221,207,183,183,0,185,206,193,184,183,207,0,0,0,223,197,190,229,208,0,109,74,4
0,0,0,0,0,0,0,0,153,0,0,0,0,93,0,0,62,0,0,0,0,136,1,0,0,0,0,0,0,0,0,0,0,0,0,58,0,1,0,0,0,0,0,16,0,0,203,158,0,56,0,158,39,148,89,77,106,164,0,0,193,192,147,186,0,0,172,93,163,160,203,167,219,151,68,132,0,252,186,187,130,201,0,37,151,96,66,238,181,0,0,167,210,195,154,212,67,0,119,41,8
0,0,0,0,0,0,0,0,0,0,0,0,2,0,0,0,132,198,2,0,24,186,219,162,0,186,175,0,0,0,0,0,193,0,217,227,225,210,200,0,0,184,219,175,224,0,0,200,227,167,194,230,189,0,190,202,204,168,190,4,201,197,173,214,223,0,179,200,0,125,174,245,0,217,165,220,38,219,220,210,0,0,192,184,0,254,233,212,0,209,0,2,61,135,0,0,0,0,0,0,9
0,0,0,0,0,0,0,213,221,113,0,223,0,223,218,0,220,215,0,226,202,225,208,213,211,222,217,0,0,229,215,0,225,0,232,215,198,208,93,0,218,209,0,177,107,0,230,210,0,188,179,214,201,198,219,213,208,208,215,0,216,216,208,229,0,0,218,216,204,232,219,208,209,213,253,213,0,214,216,215,216,209,85,216,212,216,218,219,224,0,0,200,210,212,208,229,226,0,179,166,2
0,0,0,0,0,0,0,0,0,0,0,0,0,0,0,0,0,0,0,0,0,0,0,0,0,0,0,0,0,0,0,0,0,0,0,0,0,0,0,1,86,0,0,138,231,1,0,0,0,0,1,4,0,0,0,69,201,35,0,31,2,10,132,99,131,0,89,82,90,79,0,0,0,0,0,0,0,0,0,0,0,0,0,0,0,0,0,0,0,0,0,0,0,0,0,0,0,0,0,0,5
0,0,0,0,0,0,0,0,0,0,0,0,0,0,0,0,0,5,1,0,0,1,0,54,0,0,131,1,0,0,0,0,0,0,35,168,0,68,0,1,0,5,115,0,255,0,0,127,70,0,7,85,202,26,27,26,123,29,29,0,32,0,4,20,5,0,21,26,21,21,4,7,19,19,96,149,11,98,150,158,82,89,0,51,0,0,0,0,0,0,0,0,0,0,0,0,0,0,0,0,5
0,0,0,0,0,0,0,150,22,0,0,82,0,103,126,0,105,0,0,0,44,134,185,0,182,108,0,0,0,0,11,0,0,0,152,124,124,104,0,0,57,0,0,139,90,0,0,0,0,88,0,143,204,233,34,166,67,235,0,0,45,136,57,0,0,0,125,160,143,0,122,32,237,0,0,244,0,74,172,245,105,24,0,229,1,0,225,247,224,0,0,0,0,221,104,255,97,0,140,15,3
0,0,0,0,0,0,0,194,196,64,0,175,0,164,160,0,158,180,0,193,151,156,153,177,145,143,184,0,0,36,83,0,0,0,108,103,115,85,0,0,96,0,0,77,71,0,0,2,0,52,0,54,43,0,45,42,50,64,0,0,49,45,51,0,0,0,73,46,2,0,79,51,73,1,0,50,0,51,52,55,47,63,0,60,89,49,58,66,54,0,0,2,49,62,53,57,55,0,98,81,0
0,0,0,0,0,0,0,152,144,0,1,152,0,170,161,0,0,186,0,66,34,0,7,106,6,123,13,0,0,159,92,0,20,0,98,41,1,41,0,0,115,50,0,0,0,0,205,0,0,220,0,170,160,221,173,167,175,145,0,0,144,173,168,200,0,0,177,171,209,241,162,171,146,95,0,178,0,193,30,24,43,51,0,0,0,0,3,3,3,0,0,2,0,0,0,0,0,0,0,0,2
0,0,0,0,0,0,0,24,13,0,0,16,0,27,11,0,11,0,0,0,11,41,0,0,0,11,0,0,0,0,0,0,0,0,105,133,0,0,0,0,182,0,0,108,91,0,0,0,0,149,0,127,110,0,102,133,157,0,0,0,0,110,0,0,0,0,138,116,0,0,130,155,0,0,0,110,0,116,108,119,138,0,0,135,0,0,121,110,105,0,0,0,0,121,163,144,188,0,121,105,3
0,0,0,0,0,0,0,199,180,0,0,192,0,159,132,0,178,0,0,0,136,162,199,0,108,102,0,0,0,0,0,0,0,0,125,164,162,0,0,0,164,0,0,129,132,0,0,0,0,197,0,173,134,0,176,155,115,95,0,0,120,166,143,0,0,0,159,141,0,0,183,122,115,0,0,155,0,150,134,132,153,141,0,166,132,132,139,60,92,0,0,0,141,20,148,0,164,0,0,108,1
0,0,0,0,0,0,0,0,0,0,0,0,0,0,0,0,0,0,0,0,0,0,0,0,0,0,0,0,0,0,0,0,223,0,189,218,132,0,160,0,89,226,129,217,158,0,0,231,215,115,226,173,170,215,168,182,231,219,168,50,224,232,255,0,0,47,248,235,7,18,6,0,0,22,0,106,0,0,0,0,0,0,0,0,0,0,0,0,0,0,0,0,0,0,0,0,0,0,0,0,7
0,0,0,0,0,0,0,189,189,0,0,201,0,167,168,0,176,2,0,185,159,172,177,191,166,175,193,0,0,194,173,0,0,0,165,167,227,184,0,0,156,0,0,163,166,0,191,0,0,156,0,161,159,185,159,164,139,237,0,0,99,163,59,206,0,0,192,165,189,210,194,197,208,5,0,167,0,171,164,165,166,48,0,174,12,81,105,111,104,0,0,49,0,0,0,5,2,0,0,0,2
0,0,0,0,0,0,0,166,192,0,0,209,0,88,104,0,107,0,0,0,88,179,0,0,0,88,0,0,0,0,0,0,0,0,156,215,0,0,0,0,232,0,0,127,212,0,0,0,0,160,0,143,255,39,176,225,228,52,0,0,192,196,196,0,0,0,238,209,0,0,241,238,186,0,0,219,0,215,192,219,137,196,0,147,232,209,196,212,189,0,0,179,202,202,202,150,156,0,78,19,3
0,0,5,0,0,0,0,197,46,0,0,161,0,212,190,0,208,213,0,215,209,196,210,215,212,205,221,0,0,214,222,0,81,0,207,205,204,235,0,0,207,90,0,208,206,0,0,0,0,207,0,207,209,57,212,209,207,30,0,0,197,212,218,5,0,0,215,213,0,5,218,205,87,0,0,213,0,214,214,214,214,222,0,214,105,186,230,231,223,0,0,0,185,186,213,199,180,0,212,195,0
0,0,0,0,0,0,0,164,224,0,0,183,0,197,255,0,154,175,0,139,165,169,180,176,164,149,182,0,0,209,184,0,0,0,183,180,190,181,0,0,186,113,0,196,188,0,206,140,0,213,0,190,212,253,178,204,218,164,0,0,16,185,138,190,0,0,231,185,255,190,230,183,80,156,0,193,0,189,206,214,195,253,0,43,26,0,0,0,0,0,0,222,0,2,4,0,0,0,0,0,4
0,0,0,0,0,0,0,103,107,1,0,106,0,97,106,0,84,119,0,124,92,95,92,100,92,96,116,0,0,126,115,0,32,0,103,106,83,193,0,0,104,147,0,99,100,0,0,0,0,96,0,96,100,0,102,102,106,79,0,0,76,102,115,1,0,0,100,102,0,1,103,102,79,0,0,102,0,102,102,102,102,104,0,97,84,95,102,103,100,0,0,0,99,100,96,122,114,0,59,52,0
0,0,0,0,0,0,0,0,0,0,0,31,0,30,242,0,235,0,0,0,255,0,0,0,0,237,0,0,0,0,0,0,0,0,255,133,0,0,0,0,0,0,0,170,231,0,0,0,0,0,0,0,255,0,121,232,0,0,0,0,0,108,0,0,0,0,0,89,0,0,0,0,0,0,0,255,0,255,0,255,47,0,0,0,0,0,0,255,247,0,0,0,0,249,0,254,0,0,228,0,3
0,0,0,0,0,0,0,217,203,18,0,202,0,209,209,0,208,211,0,208,206,205,207,213,213,213,213,0,0,214,227,0,211,0,214,214,216,225,247,0,213,238,32,214,214,0,0,0,1,216,0,215,213,155,211,212,214,221,0,0,225,214,210,0,0,0,212,217,186,0,212,213,221,0,0,214,0,213,213,213,213,210,0,213,224,215,215,209,216,0,0,0,216,205,200,249,253,0,105,100,0
0,0,0,0,0,0,0,0,112,0,0,144,0,176,153,0,110,0,0,0,121,153,0,0,0,121,0,0,0,0,0,0,0,0,167,165,0,0,0,0,68,0,0,153,179,0,0,0,0,190,0,199,158,0,172,176,140,0,0,0,0,128,114,0,0,0,149,202,0,0,186,156,20,0,0,147,0,220,165,186,186,174,0,165,135,75,179,181,163,0,0,0,119,170,183,174,250,0,142,107,3
0,0,0,0,0,0,0,0,0,0,0,0,0,0,0,0,87,0,0,0,0,201,0,0,0,141,214,61,0,0,0,0,204,0,187,199,214,218,223,0,2,197,170,0,171,0,0,198,219,139,212,149,125,165,151,152,180,198,204,0,64,175,206,206,222,166,179,194,206,205,228,208,208,206,193,219,168,198,244,217,0,30,0,175,162,0,0,0,0,0,0,0,0,0,0,0,0,0,0,0,9
0,0,0,0,0,0,0,0,0,0,0,0,0,0,0,0,0,0,0,0,0,0,0,0,0,0,0,8,0,0,0,0,35,0,209,210,221,226,221,1,0,203,183,254,218,1,0,200,227,216,199,204,214,189,206,214,219,216,205,5,210,207,216,214,224,26,220,231,255,254,26,36,37,24,0,0,0,0,0,0,0,0,0,0,0,0,0,0,0,0,0,0,0,0,0,0,0,0,0,0,7
0,2,0,0,1,0,1,217,202,20,0,215,0,126,189,0,124,205,0,203,137,155,65,214,101,150,213,0,0,207,210,0,205,0,0,0,177,216,106,0,34,187,0,30,35,0,0,0,0,43,0,33,49,204,2,51,8,228,0,0,213,65,209,0,0,0,198,59,46,0,207,224,217,3,0,241,0,206,203,206,208,210,0,200,213,208,203,208,205,0,0,0,208,208,209,208,219,0,216,189,0
0,0,1,0,0,0,0,28,55,3,0,21,0,113,82,0,8,42,0,43,42,0,50,38,0,1,82,0,0,50,114,0,0,0,65,38,21,13,0,0,16,45,0,45,57,0,97,67,0,32,0,32,70,3,40,45,42,35,37,0,20,55,37,89,0,0,92,55,6,84,64,59,8,75,55,45,0,60,47,45,3,18,27,11,15,3,59,67,45,0,0,35,0,50,86,0,62,3,0,52,6
0,0,0,0,0,0,0,193,199,0,0,207,0,187,183,0,188,0,0,0,181,169,67,0,129,247,0,0,0,0,0,0,0,0,188,135,42,0,0,0,131,0,0,145,253,0,0,0,0,116,0,120,185,0,133,165,91,0,0,0,0,139,0,0,0,0,115,174,0,0,124,167,0,0,0,134,0,139,214,157,217,0,0,225,0,0,215,147,200,0,0,0,0,129,139,0,140,0,0,62,1
0,0,0,0,0,0,0,37,121,0,0,121,0,128,181,0,145,2,0,2,146,140,98,111,156,149,105,0,0,156,162,0,0,0,134,137,131,182,0,0,150,99,0,140,161,0,120,98,0,158,0,149,158,250,146,170,143,127,0,0,152,145,152,176,0,0,184,155,158,180,187,143,50,135,28,169,0,174,174,173,155,173,0,176,133,238,175,175,161,0,0,107,234,173,150,190,188,54,113,80,4
0,0,0,0,0,0,0,86,235,1,0,195,0,188,196,0,192,196,0,137,189,189,191,193,190,193,199,0,0,199,191,0,0,0,192,187,170,199,0,0,218,210,0,187,200,0,230,224,0,250,0,253,192,255,191,196,250,1,0,0,0,202,116,198,0,0,226,194,255,204,249,205,0,197,0,199,0,202,191,199,198,253,0,197,63,0,206,204,207,0,0,237,0,195,192,215,215,0,165,113,6
0,1,1,0,0,0,0,159,248,1,2,142,0,142,147,0,154,185,0,178,154,152,165,165,154,152,166,0,0,172,148,0,0,0,163,160,170,190,0,0,156,186,0,159,155,0,0,0,0,158,0,156,158,126,166,150,167,164,0,0,167,169,167,0,0,0,167,171,0,0,170,161,204,1,0,198,0,192,165,163,190,202,0,170,213,161,170,167,175,0,0,131,169,174,158,197,198,1,0,45,6
0,0,0,0,0,0,0,163,233,1,0,226,0,208,219,0,217,212,0,164,214,220,219,198,187,222,204,0,0,229,199,0,0,0,203,198,192,228,0,0,204,251,0,194,211,0,238,252,0,204,0,197,211,232,200,213,205,54,0,0,50,201,207,225,0,0,248,202,255,229,245,190,4,202,0,190,0,191,192,190,197,241,0,189,100,138,189,197,202,0,0,248,40,187,206,203,92,0,119,0,6
0,0,0,0,1,0,0,133,121,1,0,121,0,126,128,0,126,118,0,122,121,126,117,132,136,124,136,0,0,133,146,0,0,0,128,126,108,161,0,0,135,132,0,133,128,0,137,157,0,140,0,130,117,253,147,126,118,156,0,0,126,157,115,157,0,0,130,158,197,153,125,119,142,164,40,135,0,137,174,142,178,122,0,133,132,157,158,147,158,0,0,153,163,156,143,82,32,101,0,0,2
0,0,0,0,0,0,0,0,0,0,0,0,0,0,0,0,0,0,0,0,0,0,0,0,0,0,0,0,0,0,0,0,0,0,154,126,0,0,110,0,0,50,2,139,79,6,0,216,137,119,211,150,115,58,192,159,160,202,196,106,153,171,163,187,206,112,166,102,192,196,136,227,172,169,0,67,0,0,0,0,0,0,0,0,0,0,0,0,0,0,0,0,0,0,0,0,0,0,0,0,7
0,0,0,0,0,0,0,0,0,0,0,0,0,0,0,0,0,154,0,0,0,145,209,177,0,151,58,1,0,0,0,0,140,1,0,0,0,223,123,0,7,163,200,0,138,0,0,58,232,3,165,1,12,5,0,145,196,165,80,0,0,0,70,0,0,0,0,0,0,0,0,0,1,110,0,0,14,3,79,140,5,0,49,168,0,10,1,0,0,1,0,0,0,0,0,0,0,0,0,0,5
0,0,0,0,0,0,0,219,234,0,0,213,0,154,255,0,241,0,0,0,170,221,194,0,254,237,0,0,0,0,0,0,0,0,222,218,165,0,0,0,228,0,0,225,225,0,0,0,0,227,0,227,227,79,226,226,233,0,0,0,253,228,157,0,0,0,222,229,0,0,224,232,0,0,0,232,0,233,235,234,225,224,0,236,0,251,235,234,232,0,0,0,250,247,235,136,121,0,128,167,2
0,0,0,0,0,0,0,5,0,0,0,36,0,81,0,0,0,0,0,0,0,0,184,0,165,7,0,0,0,3,0,0,9,0,178,178,175,194,0,0,146,194,0,184,182,203,200,206,242,200,219,202,206,200,193,200,200,203,220,0,198,243,202,208,0,0,203,105,203,202,213,147,194,242,38,0,9,159,219,235,226,222,4,220,208,248,231,232,241,7,3,200,201,221,68,0,0,0,0,0,8
0,0,0,0,0,0,0,62,216,0,0,210,0,210,212,0,215,228,0,13,212,212,210,210,209,203,208,0,0,111,237,0,58,0,214,210,202,218,0,0,206,252,0,209,213,0,203,247,0,210,0,206,209,226,209,210,205,232,0,0,218,210,211,221,0,0,229,210,191,227,249,207,197,228,0,214,0,214,212,215,213,206,0,204,249,233,212,215,217,0,0,0,255,212,205,218,221,0,212,180,6
0,0,0,0,0,0,0,0,0,0,35,0,0,1,0,0,12,0,0,0,0,0,0,0,0,100,0,73,0,0,0,0,129,59,0,0,1,163,33,0,4,106,77,0,0,0,3,157,83,106,79,152,0,0,142,0,77,114,73,0,99,114,90,0,0,0,83,142,0,0,177,102,0,76,0,0,0,48,94,255,0,1,0,167,0,106,96,109,0,3,42,158,196,163,0,51,0,0,0,0,5
0,0,2,0,0,0,0,87,122,0,0,92,0,120,45,0,30,0,0,0,102,145,120,20,165,87,42,0,0,0,62,0,0,0,97,207,35,92,0,0,130,0,0,105,157,0,50,0,0,110,0,0,100,0,17,0,70,0,0,0,142,167,122,0,0,0,167,85,0,5,35,65,0,0,0,110,0,122,105,167,135,127,0,40,37,102,107,110,82,0,0,0,15,90,25,77,55,0,95,75,3
0,0,0,0,0,0,0,0,196,0,0,186,0,199,205,0,219,0,0,0,186,222,214,0,47,150,0,0,0,0,0,0,0,0,4,0,220,0,0,0,166,0,0,230,208,0,0,0,0,221,0,170,182,34,188,179,0,2,0,0,229,183,7,0,0,0,210,205,0,0,200,0,0,0,0,198,0,188,174,216,49,6,0,208,0,190,185,214,234,0,0,0,160,175,0,192,0,0,170,0,3
0,0,0,0,0,0,0,0,0,0,0,1,0,0,0,0,1,252,0,0,128,112,171,114,0,64,175,200,0,0,0,0,215,81,0,3,30,216,221,0,1,225,176,0,0,0,1,113,41,0,57,27,0,210,73,156,102,35,59,0,171,252,46,56,43,60,140,223,56,53,172,57,56,54,214,204,30,142,113,85,46,46,23,57,74,41,55,46,35,2,0,0,0,0,0,0,0,0,0,0,5
0,0,0,0,0,0,0,0,0,0,0,0,0,0,0,0,91,244,0,0,0,180,203,155,0,6,174,176,0,0,0,0,219,0,163,180,214,238,235,0,1,223,198,0,171,0,0,177,251,142,215,226,140,226,150,171,226,242,217,0,63,148,218,226,255,166,227,251,189,183,238,151,156,165,159,138,0,202,242,232,220,143,0,0,0,0,0,0,0,0,0,0,0,0,0,0,0,0,0,0,9
0,0,0,0,0,0,0,2,42,0,0,96,0,145,0,0,0,0,0,0,0,107,0,0,0,5,0,0,0,0,0,0,0,0,0,0,25,2,0,0,15,5,0,0,0,0,114,120,0,162,0,154,154,171,158,169,198,190,0,0,172,164,177,188,0,0,170,170,176,194,162,177,166,224,0,179,0,183,183,183,179,189,0,182,201,185,176,175,187,0,0,179,169,176,188,195,201,1,178,163,8
0,0,0,0,0,0,0,97,98,0,0,75,0,75,80,0,70,129,0,136,74,76,82,105,85,76,133,0,0,103,66,0,0,0,85,76,75,122,0,0,78,110,0,83,82,0,75,106,0,85,0,87,86,106,85,87,83,194,0,0,49,86,40,94,0,0,90,87,128,128,94,91,99,98,79,85,0,86,91,91,86,78,0,91,125,60,87,87,90,0,0,47,71,94,103,97,86,63,0,0,2
0,0,0,0,0,0,1,171,211,89,0,198,0,197,194,0,198,167,0,134,198,198,200,201,207,198,200,0,3,45,188,0,0,0,202,206,198,176,0,0,202,3,0,213,204,0,0,0,0,213,0,215,207,181,225,207,216,206,1,0,200,230,197,0,0,0,199,232,196,0,202,215,194,0,0,210,0,214,241,215,242,207,0,218,193,194,240,221,222,0,0,114,201,224,217,223,243,0,0,72,6
0,0,0,0,0,0,0,126,50,0,0,130,0,0,89,0,0,0,0,0,159,205,98,0,147,200,0,0,0,0,0,0,0,0,190,183,80,0,0,0,178,0,0,199,191,0,0,0,0,172,0,174,188,0,186,174,161,0,0,0,166,169,154,0,0,0,185,191,0,0,183,168,78,0,0,195,0,188,196,199,178,178,0,199,179,208,195,205,217,0,0,0,191,208,198,227,203,0,157,139,0
0,0,0,0,0,0,0,0,0,0,0,0,0,0,0,0,0,0,0,0,0,0,0,0,0,0,0,0,0,0,0,0,0,0,0,0,0,0,80,0,0,120,0,0,27,0,4,35,0,0,4,4,4,174,0,0,0,0,0,94,202,141,195,208,254,0,162,139,158,130,0,0,0,0,0,0,0,0,0,0,0,0,0,0,0,0,0,0,0,0,0,0,0,0,0,0,0,0,0,0,5
0,0,0,0,0,0,0,19,120,0,0,137,0,134,125,0,138,0,0,0,149,145,141,0,0,152,0,0,0,0,0,0,0,0,157,116,132,0,0,0,167,0,0,116,119,0,0,0,0,167,0,170,158,0,119,0,143,0,0,0,0,125,79,0,0,0,0,136,0,0,0,151,0,0,0,170,0,171,164,170,186,99,0,158,0,0,167,158,48,0,0,0,0,143,152,0,161,0,0,129,1
0,0,0,0,0,0,0,0,205,0,0,28,0,171,214,0,177,0,0,0,207,0,0,0,0,237,0,0,0,0,0,0,0,0,221,40,0,0,0,0,95,0,0,253,224,0,0,0,0,145,0,148,203,0,228,226,0,0,0,0,0,231,0,0,0,0,0,235,0,0,0,0,0,0,0,198,0,196,226,189,155,0,0,173,0,0,219,180,216,0,0,0,0,180,0,249,0,0,154,0,3
0,0,0,0,0,0,0,0,188,0,0,22,0,144,122,0,88,0,0,0,91,110,0,0,0,163,0,0,0,0,0,0,0,0,72,94,28,0,0,0,141,0,0,94,141,0,0,0,0,141,0,138,116,0,85,163,144,0,0,0,0,88,3,0,0,0,204,88,0,0,217,151,0,0,0,135,0,138,107,135,94,47,0,154,0,0,119,144,163,0,0,0,0,151,220,163,255,0,103,113,3
0,0,0,0,0,0,0,0,0,0,0,0,0,0,0,0,0,0,0,0,0,0,0,0,0,0,0,0,0,0,0,0,1,1,196,190,0,1,0,0,0,0,196,161,186,0,0,248,217,164,217,149,188,133,174,103,196,203,221,123,185,229,255,250,255,233,119,134,92,91,175,182,199,237,0,228,0,0,0,0,0,0,0,0,0,0,0,0,0,0,0,0,0,0,0,0,0,0,0,0,7
0,0,0,0,0,0,0,202,57,230,230,240,0,215,228,0,196,212,0,205,214,214,211,215,215,212,214,0,0,209,217,0,255,0,240,213,255,214,70,0,255,204,0,0,145,0,230,135,0,229,131,255,245,255,0,106,0,133,65,0,242,205,0,217,0,0,255,247,255,255,214,216,219,239,0,220,0,224,228,226,224,226,0,224,222,220,159,183,205,0,0,203,213,220,224,138,78,2,0,0,0
0,0,0,0,0,0,0,0,39,0,0,158,0,226,221,0,218,0,0,33,218,225,213,230,219,222,244,0,0,170,239,0,0,0,223,251,213,233,0,0,214,0,0,220,216,0,254,0,0,218,0,220,216,230,216,217,227,220,0,0,179,217,204,229,0,0,243,219,235,230,250,236,123,71,0,218,0,219,219,219,216,231,0,219,36,134,221,220,224,0,0,243,113,227,236,26,0,0,0,0,4
0,0,0,0,0,0,0,138,173,0,0,168,0,173,179,0,183,0,0,0,172,139,131,0,0,241,0,0,0,0,0,0,0,0,168,123,29,0,0,0,207,0,0,133,213,0,0,0,0,207,0,214,216,0,159,102,161,0,0,0,0,168,0,0,0,0,17,186,0,0,19,203,0,0,0,215,0,185,222,136,221,0,0,194,0,0,210,101,150,0,0,0,0,93,108,0,88,0,0,65,1
0,0,0,0,0,0,0,0,0,0,0,0,0,0,0,0,0,0,0,0,0,0,0,0,0,0,0,0,0,0,0,0,198,0,196,178,255,202,199,0,0,178,236,218,247,0,0,188,230,184,200,199,206,195,208,218,208,217,12,8,196,198,153,6,0,77,213,218,0,0,187,17,0,0,57,99,0,65,0,0,0,0,0,0,0,0,0,0,0,0,0,0,0,0,0,0,0,0,0,0,7
0,0,0,0,0,0,0,0,0,0,0,0,0,0,0,0,0,0,0,0,0,0,0,0,0,0,0,0,0,0,0,0,205,31,77,72,163,27,233,0,0,255,179,73,0,1,0,0,178,0,223,7,1,161,0,1,110,0,214,2,70,2,202,11,207,3,0,0,0,134,44,146,106,187,55,104,0,0,0,0,0,0,0,0,0,0,0,0,0,0,0,0,0,0,0,0,0,0,0,0,5
0,0,0,0,0,0,0,230,221,0,0,226,0,224,224,0,226,0,0,0,221,224,223,255,217,223,255,0,0,0,156,0,0,0,224,225,223,255,0,0,223,0,0,224,223,0,0,0,0,224,0,225,223,248,224,225,226,233,0,0,227,224,224,95,0,0,220,225,242,77,226,228,224,0,0,226,0,226,228,227,227,204,0,224,0,45,227,229,229,0,0,6,59,225,255,252,221,0,168,0,3
0,0,0,0,0,0,0,11,246,0,0,224,0,197,199,0,201,117,0,212,202,200,206,207,203,199,204,0,0,213,210,0,0,0,200,200,200,197,0,0,201,214,1,203,201,0,233,230,2,201,0,199,203,192,200,203,201,243,0,0,208,200,198,207,0,0,197,201,243,199,195,199,192,228,205,200,0,199,206,203,212,200,222,197,190,242,220,218,225,187,126,196,85,111,93,0,0,0,0,3,6
0,0,0,0,0,0,0,43,81,0,0,129,0,126,132,0,12,78,0,62,32,40,32,50,56,26,73,0,0,78,46,0,0,0,45,40,86,40,0,0,50,76,0,45,43,0,86,62,0,53,0,57,51,48,54,54,67,0,0,0,0,54,101,64,0,0,89,56,18,62,86,65,0,62,0,54,0,54,59,56,64,112,0,64,46,0,64,57,53,0,0,79,0,57,70,68,103,0,32,9,6
0,0,0,0,0,0,0,0,225,0,0,212,0,216,221,0,210,0,0,0,225,219,193,0,0,220,0,0,0,0,0,0,0,0,221,219,66,0,0,0,247,0,0,215,255,0,0,0,0,253,0,236,253,0,222,212,200,0,0,0,0,225,0,0,0,0,0,229,0,0,0,209,0,0,0,222,0,222,206,230,237,0,0,0,0,0,46,237,253,0,0,0,0,206,0,254,0,0,194,0,1
0,0,0,0,0,0,0,0,0,0,0,0,0,0,1,0,139,218,1,0,0,113,137,66,0,132,0,0,0,0,0,0,9,0,0,5,1,0,1,0,3,0,0,0,3,0,0,159,157,0,108,47,104,3,135,255,84,181,128,0,0,150,146,1,20,0,115,82,3,0,42,33,9,0,3,0,0,247,0,166,0,0,122,137,0,86,110,78,1,0,0,0,0,0,0,0,0,0,0,0,5
0,0,0,0,0,0,0,98,204,0,0,177,0,193,165,0,230,0,0,0,227,215,0,0,0,220,0,0,0,0,0,0,0,0,234,168,0,0,0,0,203,0,0,225,213,0,0,0,0,217,0,211,218,0,217,214,230,0,0,0,221,217,129,0,0,0,219,217,0,0,213,220,0,0,0,220,0,219,218,221,219,255,0,217,74,226,216,224,222,0,0,0,241,219,216,248,249,0,137,45,3
0,0,0,0,0,0,0,223,227,0,0,214,0,237,253,0,210,0,0,0,215,213,230,132,219,236,181,0,0,29,230,0,0,0,222,227,232,234,0,0,215,0,0,218,226,0,211,0,0,223,0,216,229,231,217,221,211,237,0,0,243,218,242,255,0,0,211,218,217,255,202,211,245,69,0,236,0,241,222,237,222,217,0,208,247,219,224,241,221,0,0,234,215,227,214,255,255,0,76,24,4
0,0,0,0,0,0,0,159,171,0,0,189,0,232,157,0,164,0,0,0,180,193,0,1,0,189,0,0,0,0,0,0,0,0,184,188,0,1,0,0,190,0,0,196,177,0,0,0,0,200,0,190,172,177,179,155,172,213,0,0,156,155,171,0,0,0,178,118,36,0,137,166,216,0,0,180,0,198,155,207,138,159,0,137,226,160,193,199,203,0,0,179,91,237,183,43,148,0,0,68,1
0,0,0,0,0,0,0,0,0,0,0,0,0,0,0,0,0,0,0,0,0,0,0,0,0,0,0,0,0,0,0,0,63,0,38,44,67,8,84,1,170,108,187,62,75,16,193,205,212,223,198,193,218,49,209,68,163,216,167,0,169,215,199,172,254,0,199,232,235,235,21,0,0,0,0,0,0,0,0,0,0,0,0,0,0,0,0,0,0,0,0,0,0,0,0,0,0,0,0,0,7
0,0,0,0,0,0,0,219,215,0,0,212,0,206,221,0,156,206,0,204,140,185,111,204,223,173,208,0,0,211,206,0,215,0,157,210,203,234,0,0,219,0,0,210,102,0,0,2,0,217,0,208,127,0,198,207,209,190,0,0,180,238,190,0,0,0,220,213,18,0,217,217,196,4,0,205,0,222,218,219,215,207,0,217,204,213,222,221,221,0,0,0,221,216,215,242,225,0,165,163,0
0,0,0,0,0,0,0,62,38,0,0,44,0,47,44,0,74,0,0,0,74,71,171,65,213,68,83,0,0,0,71,0,0,0,83,91,109,115,0,0,103,0,0,112,97,0,35,0,0,112,0,115,100,216,130,97,97,207,0,0,23,133,8,38,0,0,100,124,136,56,106,103,204,0,0,106,0,100,136,109,97,97,0,160,41,133,133,103,83,0,0,0,127,109,94,157,118,0,157,53,3
0,0,0,0,0,0,0,0,0,0,0,0,0,0,0,0,1,3,0,0,0,0,0,0,1,0,0,236,0,0,0,0,224,57,177,253,0,241,51,0,192,199,255,166,175,0,0,198,254,204,249,206,226,172,179,245,246,255,0,0,215,211,255,0,87,237,236,236,86,97,226,0,188,0,238,255,0,11,133,202,0,6,0,0,0,0,0,0,0,0,0,0,0,0,0,0,0,0,0,0,7
0,0,0,0,0,0,0,0,0,0,0,0,0,148,10,0,13,1,0,0,0,79,0,0,0,0,6,0,0,0,1,0,0,0,0,6,89,0,0,0,0,0,0,0,0,0,79,56,0,125,0,124,84,111,79,72,75,127,0,0,144,160,175,124,0,0,156,191,141,132,161,206,161,17,0,187,0,194,194,196,206,179,0,196,203,179,203,203,215,0,0,156,177,211,229,237,242,0,153,180,8
0,0,0,0,0,0,0,47,136,0,0,178,0,116,122,0,152,0,0,0,147,194,156,136,183,136,148,0,0,0,0,0,0,0,155,201,0,157,0,0,24,0,0,175,144,0,0,0,0,183,0,205,170,167,157,171,198,20,0,0,60,159,106,130,0,0,0,163,255,151,0,187,0,0,0,165,0,167,198,161,174,0,0,33,0,1,188,174,157,0,0,0,0,165,141,180,159,0,86,8,3
0,0,0,0,0,0,0,91,154,0,0,131,0,149,151,0,138,116,0,0,145,147,154,191,137,168,179,0,0,0,38,0,0,0,149,109,195,214,0,0,158,0,0,40,168,0,42,3,0,124,0,86,154,188,167,165,121,211,0,0,204,195,202,154,0,0,154,182,193,156,161,147,161,98,0,175,0,198,149,219,144,165,0,138,43,0,130,219,188,0,0,0,0,202,207,219,204,0,116,0,6
0,0,0,0,0,0,0,0,0,0,0,0,0,0,0,0,0,0,0,0,0,0,0,0,0,0,0,0,0,0,0,0,0,0,206,195,204,0,215,0,0,135,14,80,175,3,0,206,249,197,177,161,185,166,192,174,179,166,189,96,169,164,220,238,226,0,222,214,107,79,24,0,0,0,0,25,0,0,0,0,0,0,0,0,0,0,0,0,0,0,0,0,0,0,0,0,0,0,0,0,7
0,0,0,0,0,0,0,223,199,0,0,206,0,213,218,0,193,0,0,124,164,181,201,206,198,197,210,0,0,205,213,0,0,0,199,194,199,205,0,0,198,0,0,197,199,0,228,18,0,199,0,198,200,225,201,199,199,202,0,0,207,202,179,205,0,0,205,205,218,206,208,218,112,106,0,206,0,205,210,209,206,193,0,198,21,153,210,211,212,0,0,193,0,26,46,0,0,0,4,3,2
0,0,0,0,0,0,0,198,187,40,0,193,0,193,200,0,152,196,0,210,183,175,171,189,170,195,208,0,0,205,230,0,211,0,200,200,192,238,50,0,199,0,0,202,193,0,4,2,0,201,0,200,200,0,201,194,200,212,0,0,221,200,196,0,0,0,206,200,6,0,201,193,189,3,0,199,0,199,200,200,196,191,0,207,201,204,200,199,199,0,0,0,174,186,191,237,234,0,67,71,0
0,0,0,0,0,0,0,0,202,172,203,168,1,145,131,0,171,182,0,0,141,173,195,206,0,167,221,0,0,0,0,0,157,0,170,188,199,166,173,0,0,127,193,78,166,0,0,132,175,0,166,0,114,0,145,148,182,180,184,0,3,163,185,149,155,0,0,130,45,0,56,189,33,162,0,155,0,159,154,167,155,0,39,149,0,122,142,150,70,0,0,136,130,154,0,235,0,0,72,0,9
0,0,0,0,0,0,0,24,54,0,0,32,0,34,32,0,89,66,0,95,28,14,64,46,99,30,42,0,0,80,46,0,0,0,38,40,68,42,0,0,52,28,0,38,34,0,60,34,0,62,0,56,48,60,52,42,48,62,0,0,78,50,119,50,0,0,60,46,64,50,44,40,54,58,0,52,0,66,74,78,62,82,0,58,56,95,62,64,64,0,0,70,184,87,66,52,64,0,0,0,2
0,0,0,0,0,0,0,0,0,0,0,170,0,216,205,0,202,0,0,0,206,211,201,126,223,207,168,0,0,0,0,0,0,0,215,216,239,230,0,0,223,0,0,210,211,0,0,0,0,236,0,239,213,250,203,210,237,124,0,0,82,207,71,190,0,0,157,209,248,197,170,231,89,0,0,216,0,213,230,231,230,237,0,73,66,52,0,0,0,0,0,149,52,3,8,0,4,0,0,5,2
0,0,0,0,0,0,0,0,0,0,0,0,0,0,0,0,216,227,0,0,0,213,225,217,0,215,227,0,0,0,0,0,191,0,215,221,228,223,157,0,0,213,0,1,225,0,0,215,0,6,153,0,193,3,162,207,212,226,233,0,0,209,221,198,227,0,223,191,208,207,164,228,234,224,197,211,81,194,220,213,218,218,203,215,210,255,234,220,1,255,0,67,99,48,0,0,0,0,0,0,9
0,0,0,0,0,0,0,206,216,0,0,197,0,188,201,0,206,0,0,73,185,178,190,165,199,178,209,0,0,210,197,0,0,0,173,175,206,193,0,0,184,141,0,186,170,0,171,202,0,201,0,178,172,255,198,171,192,248,0,0,186,198,201,159,0,0,182,189,215,173,200,182,235,205,150,187,0,174,185,173,165,203,0,209,229,202,172,175,167,0,0,221,197,179,185,194,208,0,0,0,4
0,0,0,0,0,0,0,224,206,0,0,178,0,187,187,0,181,0,0,0,178,164,135,0,166,222,0,0,0,0,0,0,0,0,167,114,123,0,0,0,131,0,0,121,255,0,0,0,0,157,0,177,138,0,107,206,107,0,0,0,0,88,57,0,0,0,160,77,0,0,178,153,0,0,0,189,0,190,182,189,188,21,0,207,0,0,189,162,199,0,0,0,0,125,172,0,179,0,0,103,1
0,0,0,0,0,0,0,206,198,0,0,193,0,190,192,0,187,247,0,0,184,183,189,211,209,187,209,0,0,0,90,0,0,0,189,189,192,208,0,0,220,80,0,196,194,0,0,0,0,249,0,234,250,0,179,178,192,5,0,0,0,193,213,4,0,0,214,195,0,1,223,194,167,0,0,202,0,201,210,252,255,177,0,0,0,4,0,0,0,0,0,0,0,0,1,29,1,0,25,1,0
0,0,0,0,0,0,0,0,162,0,0,200,0,196,191,0,201,4,0,0,189,188,200,221,201,192,224,0,0,0,155,0,0,0,199,193,198,220,0,0,201,0,0,196,193,0,0,0,0,197,0,199,193,204,193,193,200,228,0,0,236,190,179,238,0,0,171,188,214,227,167,191,176,107,0,182,0,179,182,179,184,204,0,185,82,61,179,197,184,0,0,97,54,201,174,224,188,0,184,142,4
0,0,68,0,0,0,0,186,185,209,180,202,0,186,170,0,188,210,0,189,174,176,141,224,167,181,204,31,0,179,161,0,74,0,2,0,184,182,119,0,161,205,64,181,0,0,197,192,71,172,107,186,0,0,0,194,206,176,89,0,0,0,194,192,66,0,0,0,207,196,0,197,206,213,101,180,0,227,195,200,221,219,0,180,205,173,166,198,196,0,0,149,168,187,201,232,245,0,95,106,8
0,0,0,0,0,0,0,125,126,0,0,182,0,141,137,0,145,0,0,46,132,136,155,122,105,144,160,0,0,113,136,0,0,0,117,136,69,137,0,0,125,0,0,147,140,0,146,13,0,130,0,130,131,98,145,128,141,61,0,0,58,140,3,144,0,0,149,143,187,135,136,79,0,68,0,126,0,125,144,135,142,140,0,152,0,22,88,89,41,0,0,58,0,0,0,1,2,0,0,0,4
0,0,0,0,0,0,0,0,0,0,0,0,0,0,0,0,0,0,0,0,0,0,0,0,0,0,0,0,0,0,0,0,66,0,174,211,0,0,171,0,191,189,144,98,214,0,126,208,248,211,206,202,203,218,215,220,217,213,222,0,201,215,179,157,77,39,0,0,0,0,14,22,24,27,0,14,0,0,0,0,0,0,0,0,0,0,0,0,0,0,0,0,0,0,0,0,0,0,0,0,7
0,0,0,0,0,0,0,126,109,3,0,175,0,159,160,0,146,165,0,0,98,100,120,178,151,108,49,0,0,0,0,0,0,0,163,155,137,0,0,0,162,0,0,101,101,0,0,0,0,116,0,157,167,0,162,168,153,77,0,0,23,154,184,0,0,0,147,107,0,0,139,110,123,1,0,137,0,175,173,174,186,163,0,143,214,131,111,115,100,0,0,0,198,143,176,235,215,0,124,0,3
0,0,0,0,0,0,0,0,209,0,0,148,0,191,166,0,168,0,0,0,150,164,85,0,0,193,0,0,0,0,0,0,0,0,224,198,65,0,0,0,207,0,0,147,255,0,0,0,0,235,0,234,151,0,179,114,171,0,0,0,0,190,0,0,0,0,101,183,0,0,103,150,0,0,0,190,0,200,202,194,205,0,0,188,0,0,219,165,234,0,0,0,0,163,20,0,0,0,0,0,1
0,0,0,0,0,0,0,0,0,0,0,0,0,0,0,0,0,0,0,0,0,0,0,0,0,0,0,0,0,0,0,0,0,0,215,191,10,0,110,0,101,70,206,222,247,0,0,167,240,220,216,229,186,201,227,223,226,222,217,139,231,245,245,247,255,198,149,159,151,154,215,206,198,190,46,94,0,0,0,0,0,0,0,0,0,0,0,0,0,0,0,0,0,0,0,0,0,0,0,0,7
0,0,0,0,0,0,0,0,0,0,0,0,0,0,0,0,0,0,0,0,0,0,0,0,0,0,0,0,0,0,0,0,0,0,149,0,0,0,239,0,64,247,193,118,228,0,164,224,223,209,221,232,241,58,162,156,137,119,59,10,0,0,0,0,20,0,54,55,62,71,0,0,0,0,0,0,0,0,0,0,0,0,0,0,0,0,0,0,0,0,0,0,0,0,0,0,0,0,0,0,7
0,0,0,0,0,0,0,0,228,0,0,211,0,195,195,0,204,146,0,138,199,202,195,199,188,203,199,0,0,218,211,0,0,0,189,196,199,212,0,0,192,237,0,185,191,0,215,246,0,182,0,187,196,95,192,185,192,93,0,0,168,190,248,213,0,0,224,218,168,205,211,195,68,203,25,205,0,189,185,197,210,253,0,199,112,178,194,191,190,0,0,176,255,201,204,54,21,57,0,0,4
0,0,0,0,0,0,0,0,0,0,0,0,0,0,0,0,0,0,0,0,0,0,0,0,0,0,0,1,0,0,0,0,9,1,199,215,9,0,145,0,50,197,59,182,213,9,0,209,213,179,225,224,188,197,228,221,185,232,223,71,203,230,176,209,181,199,195,202,191,190,190,231,184,184,186,234,0,118,0,0,0,0,0,0,0,0,0,0,0,0,0,0,0,0,0,0,0,0,0,0,7
0,0,0,0,0,0,0,0,156,0,0,0,0,0,5,0,0,79,0,135,0,0,0,0,0,0,0,0,0,88,68,0,193,0,42,46,60,42,138,0,52,111,56,116,130,0,99,140,23,109,187,129,113,102,136,146,150,151,184,0,102,109,114,140,38,0,118,116,135,133,107,124,132,131,4,111,0,116,120,118,124,127,7,121,128,125,137,135,122,24,0,154,153,162,120,225,119,0,27,0,8
0,0,0,0,0,0,0,146,194,0,0,203,0,179,201,0,208,0,0,0,202,130,106,0,106,255,0,0,0,0,0,0,0,0,184,166,0,0,0,0,185,0,0,126,255,0,0,0,0,229,0,199,160,0,167,213,34,0,0,0,0,188,0,0,0,0,24,214,0,0,22,55,0,0,0,228,0,230,234,221,213,0,0,170,0,2,239,209,240,0,0,0,3,203,0,8,0,0,0,0,1
0,0,0,0,0,0,0,165,140,0,0,142,0,139,135,0,158,0,0,0,181,166,225,97,213,180,130,0,0,0,0,0,0,0,162,238,71,170,0,0,110,0,0,197,188,0,0,0,0,221,0,192,193,0,188,183,189,0,0,0,0,184,171,0,0,0,176,187,0,0,183,184,0,0,0,190,0,187,188,190,185,172,0,183,0,34,192,189,184,0,0,2,33,183,170,196,183,0,171,144,3
0,0,0,0,0,0,0,0,0,0,0,0,0,0,0,0,100,0,0,0,4,255,0,0,0,236,208,55,0,0,0,0,255,0,231,233,230,255,255,0,0,244,148,0,237,0,0,245,255,35,228,255,221,67,226,233,209,146,240,0,246,231,210,228,248,227,230,233,206,206,231,205,176,198,224,242,0,227,128,103,18,0,0,0,0,0,0,0,0,0,0,0,0,0,0,0,0,0,0,0,9
0,0,10,0,0,0,0,128,238,4,0,0,0,8,0,0,155,20,0,57,74,70,30,58,33,43,47,0,35,71,58,0,37,0,48,33,40,38,62,0,31,31,32,22,60,30,31,38,43,61,30,70,64,69,64,59,59,65,65,0,69,71,71,64,76,38,76,75,65,64,74,60,66,64,50,99,0,99,83,91,88,77,51,79,73,80,78,83,82,26,0,71,73,83,58,96,88,71,33,31,8
0,0,0,0,0,0,0,0,0,0,0,0,0,0,0,0,0,0,0,0,0,0,0,0,0,0,0,0,0,0,0,0,7,0,204,219,0,0,220,0,134,52,111,167,231,0,108,226,238,224,220,221,216,228,241,255,220,159,33,59,193,182,0,0,11,141,0,0,18,32,159,162,175,189,0,0,0,0,0,0,0,0,0,0,0,0,0,0,0,0,0,0,0,0,0,0,0,0,0,0,7
0,0,0,0,0,0,0,0,90,0,0,79,0,42,67,0,171,132,0,171,129,165,166,200,139,139,211,0,0,166,155,0,0,0,221,235,241,230,0,0,178,149,0,188,198,0,177,254,0,186,0,184,188,170,188,195,210,212,0,0,177,187,212,211,0,0,185,188,212,213,184,212,215,214,176,192,0,194,198,210,193,208,0,190,215,189,200,198,191,0,0,185,194,189,195,223,234,0,169,152,8
0,0,0,0,0,0,0,220,248,150,0,229,0,221,239,0,224,224,0,227,218,224,222,221,229,219,230,0,0,238,244,0,0,0,231,233,247,0,1,0,227,0,0,231,227,0,0,0,0,226,0,226,229,0,231,228,226,224,0,0,152,231,232,0,0,0,241,230,16,0,230,230,244,2,0,228,0,229,230,230,230,232,0,232,226,237,233,233,232,0,0,0,230,222,222,255,255,0,107,100,0
0,0,0,0,0,0,0,224,212,0,0,206,0,217,212,0,223,0,0,0,219,216,0,0,0,216,0,0,0,0,0,0,0,0,209,221,0,0,0,0,219,0,0,209,213,0,0,0,0,224,0,224,215,0,211,214,227,0,0,0,0,211,137,0,0,0,204,212,0,0,215,223,0,0,0,217,0,218,217,217,215,178,0,218,0,0,217,220,222,0,0,0,0,220,227,226,235,0,214,199,3
0,0,0,0,0,0,2,217,236,213,213,199,29,222,225,0,218,225,42,241,213,198,227,210,223,222,219,255,0,222,221,0,223,76,184,174,234,231,222,0,220,226,255,219,231,0,239,229,255,220,222,220,222,210,222,225,227,227,225,0,221,220,227,229,255,181,221,222,226,229,223,227,227,228,137,222,0,232,246,247,225,226,5,235,225,197,215,219,247,249,0,220,207,222,206,239,0,0,99,0,8
0,0,0,0,0,0,0,0,0,0,0,1,0,0,1,0,75,104,0,0,0,39,228,245,0,36,224,162,0,0,0,0,228,0,86,113,84,72,188,0,1,127,6,1,58,2,2,138,20,1,119,0,57,1,95,96,86,89,125,0,0,63,98,99,113,0,78,80,92,90,80,101,93,81,84,84,21,84,76,84,82,85,84,82,97,107,109,111,116,121,0,26,46,60,37,0,0,0,0,0,9
0,0,1,0,0,0,0,254,235,0,1,235,0,234,232,0,232,216,0,109,233,233,238,238,236,233,240,0,0,184,251,0,0,0,231,229,244,243,0,0,235,255,0,224,231,0,253,252,0,232,0,232,228,235,228,230,222,255,0,0,252,226,241,232,0,0,243,225,232,230,241,227,255,254,0,231,0,231,233,231,233,238,0,236,250,248,233,229,232,0,0,0,255,231,230,241,254,0,215,189,2
0,0,0,0,1,0,0,107,128,0,1,107,0,89,89,0,138,126,0,86,94,231,60,106,74,222,107,0,43,72,105,0,139,0,223,224,42,152,0,0,240,0,0,47,64,0,0,1,0,90,0,88,86,114,89,85,84,74,0,0,120,89,99,0,0,0,84,89,0,0,85,85,78,0,0,90,0,92,93,92,89,105,0,97,80,103,95,97,90,0,0,0,103,94,86,97,101,0,94,94,0
0,0,0,0,0,0,0,0,0,0,0,0,0,0,0,0,84,55,0,0,0,212,236,255,0,0,196,12,0,0,0,0,206,0,221,186,215,215,142,0,0,193,0,1,191,0,0,199,147,0,212,114,189,0,146,158,153,178,211,2,183,114,208,203,203,0,86,148,205,205,166,219,226,238,200,232,124,176,212,218,249,255,0,151,31,0,0,0,0,0,0,0,0,0,0,0,0,0,0,0,9
0,0,0,0,0,0,0,0,0,0,0,0,0,0,0,0,0,0,0,0,0,0,0,0,0,0,0,0,0,0,0,0,0,0,235,189,178,0,121,1,11,117,191,142,200,0,0,235,213,219,199,212,208,212,215,225,202,206,212,14,218,247,237,222,194,2,108,115,104,109,21,8,8,11,0,0,0,0,0,0,0,0,0,0,0,0,0,0,0,0,0,0,0,0,0,0,0,0,0,0,7
0,0,0,0,0,0,0,193,181,0,0,188,0,179,180,0,184,209,0,223,178,185,184,198,185,175,204,0,0,231,188,0,82,0,181,185,199,194,0,0,187,216,0,187,184,0,0,0,0,187,0,186,184,0,184,184,186,18,0,0,13,184,193,4,0,0,190,184,0,5,193,186,48,0,0,186,0,188,190,188,187,201,0,185,133,119,187,185,188,0,0,5,129,175,180,214,197,0,118,91,0
0,0,0,0,0,0,0,78,73,12,0,89,0,87,100,0,87,119,0,143,95,92,95,119,102,95,141,0,0,102,157,0,154,0,124,124,148,173,0,0,121,105,0,124,111,0,109,114,0,106,65,108,129,0,129,122,122,35,98,0,207,133,154,205,0,0,160,127,54,205,148,122,103,116,178,132,0,138,138,135,130,122,0,143,168,183,135,135,133,0,0,0,199,151,149,148,137,79,0,0,2
0,0,0,0,0,0,0,0,0,0,0,0,0,0,0,0,0,0,0,0,0,0,0,0,0,0,0,0,0,0,0,0,0,0,83,120,0,2,60,0,0,17,0,201,187,0,0,61,157,131,176,179,190,160,135,178,163,158,167,66,155,179,196,198,188,165,225,242,136,123,62,0,0,0,27,87,0,0,0,0,0,0,0,0,0,0,0,0,0,0,0,0,0,0,0,0,0,0,0,0,7
0,0,0,0,0,0,0,0,0,0,0,0,0,0,0,0,255,227,0,0,81,225,182,217,1,206,237,247,0,0,0,0,228,125,217,230,221,218,228,0,0,235,255,65,209,0,0,199,241,225,230,191,200,213,192,206,211,200,220,0,175,187,210,222,221,191,196,185,252,243,228,145,114,89,62,136,3,63,107,111,112,111,0,87,80,0,0,0,0,0,0,0,0,0,0,0,0,0,0,0,9
0,0,0,0,0,0,0,118,93,1,0,119,0,113,116,0,111,22,0,66,115,111,177,151,216,129,144,0,0,134,141,0,0,0,146,175,0,143,0,0,172,0,0,141,143,0,151,14,0,134,0,145,148,66,149,148,162,69,0,0,71,149,67,153,0,0,174,152,213,155,169,162,41,91,0,158,0,152,163,158,165,175,0,38,34,0,0,0,0,0,0,182,0,1,5,0,2,0,0,2,2
0,0,0,0,4,0,2,222,239,27,0,206,0,223,206,0,203,196,0,198,213,190,189,205,184,185,205,0,0,195,230,0,207,0,182,188,206,76,217,0,184,204,0,185,182,0,0,0,0,192,0,196,185,212,185,180,217,211,0,0,179,186,186,0,0,0,191,189,149,0,194,227,202,0,0,190,0,195,195,201,201,194,0,210,188,173,198,213,190,0,0,193,178,209,225,239,246,3,83,107,0
0,0,0,0,0,0,0,183,198,2,0,187,0,185,183,0,182,0,0,59,186,183,188,228,187,192,206,0,0,145,203,0,0,0,190,183,195,206,0,0,185,0,0,188,198,0,228,66,0,189,0,190,186,202,189,198,182,220,0,0,162,190,188,237,0,0,190,180,235,254,254,179,218,0,0,214,0,255,0,0,194,211,0,0,209,0,0,0,249,0,0,0,0,0,202,0,175,0,0,0,4
0,0,0,0,0,0,0,0,224,0,0,185,0,196,154,0,222,0,0,0,147,192,0,0,0,254,0,0,0,0,0,0,0,0,130,204,0,0,0,0,237,0,0,253,229,0,0,0,0,255,0,237,180,0,251,255,180,0,0,0,0,164,0,0,0,0,192,253,0,0,185,194,0,0,0,255,0,220,213,255,191,0,0,227,0,0,218,241,207,0,0,0,0,238,195,206,159,0,0,0,3
0,0,0,0,0,0,0,163,206,0,0,204,0,132,160,0,210,0,0,0,109,183,172,113,185,157,156,0,0,0,199,0,0,0,171,163,207,204,0,0,182,0,0,177,174,0,94,0,0,185,0,196,179,219,179,176,160,241,0,0,0,178,0,136,0,0,209,180,191,145,234,201,198,0,0,177,0,189,180,184,166,128,0,189,177,184,192,191,189,0,0,230,225,204,204,171,181,0,0,0,2
0,0,0,0,0,0,0,192,114,0,0,85,0,141,110,0,87,0,0,0,134,105,98,0,98,117,0,0,0,0,0,0,0,0,120,111,90,0,0,0,134,0,0,104,202,0,0,0,0,135,0,138,101,0,85,149,90,0,0,0,0,95,76,0,0,0,159,110,0,0,159,120,0,0,0,114,0,90,131,70,147,61,0,116,0,19,137,31,140,0,0,0,2,22,147,0,144,0,0,89,1
0,0,0,0,0,0,0,0,177,0,0,16,0,255,157,0,77,0,0,0,194,77,49,0,0,88,0,0,0,0,0,0,0,0,52,58,0,0,0,0,0,0,0,213,55,0,0,0,0,88,0,121,69,0,194,60,63,0,0,0,0,180,0,0,0,0,0,169,0,0,0,77,0,0,0,94,0,91,155,99,88,8,0,224,0,0,169,202,194,0,0,0,0,171,135,155,213,0,94,194,3
0,0,0,0,0,0,0,0,243,0,0,230,0,226,240,0,196,0,0,37,201,144,218,192,222,213,225,0,0,192,247,0,0,0,218,221,247,234,0,0,217,0,0,221,221,0,255,57,0,223,0,225,230,235,225,232,237,248,0,0,232,225,230,253,0,0,230,227,232,242,223,220,250,175,0,237,0,227,219,234,255,203,0,0,205,0,0,0,0,0,0,245,0,4,0,0,3,0,0,1,4
0,0,0,0,0,0,0,0,0,0,0,0,0,0,0,0,0,0,0,0,0,0,0,0,0,0,0,0,0,0,0,0,28,0,137,129,0,6,137,0,0,177,55,167,125,0,3,179,255,144,242,133,140,104,108,28,177,208,176,15,104,122,226,218,166,35,117,122,7,12,16,54,28,27,0,97,0,0,0,0,0,0,0,0,0,0,0,0,0,0,0,0,0,0,0,0,0,0,0,0,7
0,0,0,0,0,0,0,243,227,0,0,240,0,241,238,0,239,0,0,0,220,221,222,242,221,226,245,0,0,0,158,0,0,0,223,225,240,233,0,0,215,0,0,223,226,0,0,34,0,215,0,220,225,236,218,227,232,249,0,0,237,218,230,255,0,0,227,221,229,255,215,228,249,170,0,225,0,232,219,231,225,234,0,218,195,201,222,231,231,0,0,228,173,225,222,255,240,0,124,115,4
0,0,1,0,0,0,0,207,233,0,0,208,0,227,222,0,219,0,0,0,221,209,206,0,217,225,20,0,0,17,178,0,0,0,224,179,210,39,0,0,136,0,0,222,220,0,0,0,0,215,0,249,206,166,213,227,160,191,0,0,218,213,195,0,0,0,205,220,119,0,139,220,104,0,0,176,0,220,207,209,213,212,0,238,181,213,207,211,203,0,0,202,209,210,222,221,234,0,172,194,6
0,0,0,0,0,0,0,0,0,0,0,0,0,0,0,0,0,0,0,0,0,0,0,0,0,0,1,0,0,0,0,0,2,0,113,99,0,0,26,0,0,0,15,132,153,1,0,225,159,173,151,182,2,128,200,112,104,209,145,127,144,153,225,216,183,164,182,155,33,47,117,93,103,109,10,53,0,0,0,0,0,0,0,0,0,0,0,0,0,0,0,0,0,0,0,0,0,0,0,0,7
0,0,0,0,0,0,0,0,0,0,0,0,0,0,0,0,0,0,0,0,0,0,0,0,0,0,0,0,1,1,1,1,183,0,111,128,151,172,212,0,3,196,170,33,141,0,0,146,248,125,157,54,131,116,160,200,196,204,209,1,15,54,36,15,18,0,100,68,84,101,89,109,103,91,0,0,0,0,0,0,0,0,0,0,0,0,0,0,0,0,0,0,0,0,0,0,0,0,0,0,7
0,0,0,0,3,0,0,187,139,0,0,176,0,186,220,0,224,221,0,222,233,207,224,227,239,216,243,0,0,220,239,0,0,0,221,236,215,0,0,0,220,0,0,224,223,0,3,0,0,225,0,210,225,99,206,220,220,79,0,0,243,211,240,2,0,0,224,230,0,0,218,224,242,2,0,223,0,220,214,225,217,220,0,202,238,222,224,223,217,0,0,217,221,215,221,255,255,2,83,77,0
0,0,0,0,0,0,0,0,0,0,0,0,0,0,0,0,0,0,0,0,0,0,0,0,0,0,0,0,0,0,0,0,7,0,164,171,0,0,240,1,45,6,155,171,159,0,0,208,242,121,191,124,138,193,99,203,220,205,191,2,190,172,224,225,255,11,216,240,106,96,64,0,0,2,0,0,0,0,0,0,0,0,0,0,0,0,0,0,0,0,0,0,0,0,0,0,0,0,0,0,7
0,0,0,0,0,0,0,0,0,0,0,0,0,73,188,0,126,0,0,0,69,0,226,0,0,5,0,0,2,3,3,0,0,0,94,91,200,86,30,0,215,230,197,190,218,0,153,219,217,222,198,204,186,192,177,186,202,177,178,108,195,184,207,225,233,152,190,196,187,116,183,201,221,103,210,167,0,170,255,207,202,239,0,28,71,0,0,0,0,0,0,0,0,0,0,0,0,0,0,0,8
0,0,0,0,0,0,0,187,209,0,0,209,0,222,232,0,216,0,0,0,218,210,121,0,125,222,0,0,0,0,0,0,0,0,231,217,121,0,0,0,213,0,0,221,255,0,0,0,0,214,0,213,102,0,233,234,255,0,0,0,117,237,60,0,0,0,255,241,0,0,251,255,0,0,0,255,0,242,212,239,228,99,0,223,0,0,231,220,240,0,0,0,2,216,233,251,250,0,155,140,1
0,0,0,0,0,0,0,0,0,0,0,0,0,0,0,0,0,0,0,0,0,15,0,12,194,188,190,68,52,221,237,1,208,0,149,188,177,253,221,0,215,235,240,222,222,255,214,225,225,227,223,225,237,202,226,222,234,230,228,236,226,225,232,230,255,0,228,230,236,237,229,222,221,224,223,245,120,234,52,0,0,0,0,0,0,0,0,0,0,0,0,0,0,0,0,0,0,0,0,0,8
0,0,0,0,0,0,0,170,206,0,0,207,0,198,210,0,203,201,0,56,201,205,203,191,199,215,179,0,0,121,201,0,0,0,200,210,199,192,0,0,207,235,0,190,221,0,193,244,0,204,0,201,198,242,198,214,197,129,0,0,44,192,194,182,0,0,188,191,209,187,212,194,0,205,0,202,0,201,198,201,204,243,0,187,86,75,217,218,219,0,0,200,30,129,107,0,0,0,0,2,4
0,0,0,0,0,0,0,16,0,0,0,19,0,15,16,0,5,18,0,16,5,0,0,11,166,140,33,0,0,9,5,0,32,0,233,229,240,184,0,0,209,0,0,143,135,0,1,0,0,0,0,21,21,8,19,21,16,25,0,0,25,19,18,0,0,0,11,21,0,0,9,14,22,0,0,12,0,16,8,15,23,14,0,28,12,15,11,16,11,0,0,0,16,19,23,23,29,0,19,14,0
0,0,0,0,0,0,0,0,178,0,0,154,0,193,191,0,163,0,0,0,238,234,176,123,182,199,176,0,0,0,101,0,0,0,126,165,142,183,0,0,165,18,0,172,172,0,65,50,0,172,0,193,174,218,201,182,183,181,0,0,204,160,106,173,0,0,165,183,206,167,202,194,180,117,0,168,0,173,213,203,146,167,0,162,227,219,229,222,152,0,0,216,174,183,213,207,208,0,0,0,4
0,0,0,0,0,0,0,0,0,0,0,0,0,0,0,0,0,0,0,0,0,0,0,0,0,0,0,0,0,0,0,0,254,1,5,0,0,134,0,0,0,137,5,136,132,0,1,0,0,2,112,0,0,0,0,0,249,255,211,0,75,1,136,249,229,5,0,0,174,255,50,0,0,222,22,83,63,226,85,0,0,0,0,0,0,0,0,0,0,0,0,0,0,0,0,0,0,0,0,0,5
0,0,0,0,0,0,0,0,213,0,0,213,0,246,255,0,219,121,0,0,224,221,223,235,228,219,234,0,0,0,77,0,0,0,220,222,223,240,0,0,228,116,0,225,225,0,0,170,0,220,0,213,230,235,232,223,228,189,0,0,253,231,219,230,0,0,91,224,255,232,77,224,56,221,0,232,0,227,225,227,230,255,0,255,86,73,0,17,45,0,0,215,54,0,0,3,4,0,0,0,4
0,0,1,0,0,0,0,0,0,1,0,47,0,52,8,0,46,0,0,0,37,41,77,105,129,75,75,0,0,79,71,0,0,0,70,65,1,151,0,0,84,71,0,79,69,0,83,79,0,75,0,70,76,0,82,74,75,0,0,0,56,85,87,133,0,0,83,81,93,140,84,69,43,83,0,72,0,70,71,74,82,74,0,40,37,115,161,153,109,0,0,123,165,118,134,0,0,0,3,3,2
0,0,0,0,0,0,0,183,97,0,3,67,0,241,255,0,236,57,0,0,235,235,236,234,228,214,216,0,0,100,233,0,0,0,235,214,208,228,0,0,211,252,0,227,196,0,253,252,0,221,0,217,213,241,216,194,210,208,0,0,229,213,204,218,0,0,213,220,229,195,218,222,210,243,0,217,0,213,220,221,216,230,0,223,225,248,227,222,235,0,0,224,111,223,209,16,0,0,0,0,4
0,0,0,0,0,0,0,41,78,0,0,187,0,113,187,0,120,43,0,152,135,130,131,150,112,118,152,0,0,148,158,0,0,0,110,26,115,135,0,0,118,73,0,116,112,0,107,66,0,118,0,121,118,50,123,120,123,3,0,0,150,122,143,2,0,0,121,122,0,2,122,128,1,0,0,121,0,121,121,121,128,161,0,121,21,146,125,125,131,0,0,0,142,123,126,145,138,0,113,93,0
0,0,0,0,0,0,0,242,241,0,0,236,0,236,235,0,238,255,0,96,237,236,237,238,240,237,242,0,0,176,255,0,0,0,238,238,245,247,0,0,251,246,0,236,238,0,233,248,0,255,0,253,238,255,236,240,229,45,0,0,17,237,255,255,0,0,255,238,172,255,255,229,109,245,0,240,0,240,239,241,240,255,0,230,172,84,248,251,254,0,0,255,54,210,184,0,0,0,0,0,2
0,0,0,0,0,0,0,59,51,0,0,75,0,73,73,0,75,28,0,70,70,73,104,95,117,79,102,0,0,97,110,0,0,0,86,84,90,139,0,0,75,22,0,77,64,0,95,53,0,77,0,79,144,246,73,55,77,186,0,0,62,73,82,95,0,0,99,73,206,121,95,59,79,66,0,184,0,179,59,204,128,95,0,75,126,97,4,0,24,0,0,0,106,6,117,0,51,0,0,0,2
0,0,0,0,0,0,0,2,0,160,2,0,2,0,0,0,84,0,0,0,63,0,0,0,0,0,0,217,0,0,0,0,108,139,0,0,4,86,187,0,0,133,160,0,0,0,0,180,170,0,176,0,0,0,0,0,65,106,211,0,0,0,100,0,88,0,0,0,2,0,0,135,12,0,0,2,2,0,0,8,0,0,18,30,0,178,2,59,0,18,0,166,166,115,0,63,0,0,0,0,5
0,0,0,0,0,0,0,0,0,255,244,231,0,0,2,0,240,232,0,0,3,230,231,237,0,255,238,30,0,0,0,0,229,0,232,247,225,234,253,0,0,239,142,4,206,0,0,241,255,3,231,0,255,0,187,226,229,226,220,0,0,255,229,230,255,0,93,220,234,234,255,228,231,234,0,225,0,229,229,230,207,0,214,230,81,222,227,227,0,251,0,255,255,255,2,0,2,0,0,0,9
0,0,0,0,0,0,0,0,0,0,0,0,0,0,0,0,163,141,0,0,4,236,230,233,0,217,217,0,0,0,0,0,232,0,230,220,216,221,158,0,0,216,0,0,211,0,0,218,0,0,205,0,244,3,229,216,222,245,225,1,0,195,198,34,207,3,207,204,212,216,82,224,227,225,140,207,0,230,223,214,222,205,206,250,251,165,107,118,0,77,0,0,0,0,0,0,0,0,0,0,9
0,0,0,0,0,0,0,24,128,0,0,129,0,70,83,0,62,95,0,39,65,77,67,76,93,73,74,0,0,83,62,0,30,0,76,75,49,178,0,0,83,92,0,80,59,0,0,0,0,92,0,83,72,0,66,72,77,0,0,0,0,62,89,0,0,0,60,78,0,1,62,64,4,0,0,87,0,69,89,76,61,91,0,103,44,0,70,96,78,0,0,0,0,57,70,143,100,0,70,26,6
0,0,0,0,0,0,0,181,39,0,0,109,0,67,59,0,81,57,0,0,79,83,66,82,72,52,102,0,0,2,86,0,0,0,105,68,101,69,0,0,108,32,0,161,134,0,32,33,0,122,0,80,118,174,132,117,65,205,0,0,102,86,40,66,0,0,37,99,187,55,62,83,109,57,0,69,0,75,71,70,71,52,0,70,16,0,82,83,88,0,0,124,0,93,89,4,4,0,0,0,2
0,0,0,0,0,0,0,0,64,0,0,33,0,201,0,0,50,2,0,0,0,137,0,0,0,0,0,0,0,0,0,0,0,0,0,5,53,2,0,0,0,0,0,212,154,0,131,168,0,103,0,89,140,81,53,14,103,165,0,0,170,56,235,151,0,0,78,75,120,140,103,137,145,98,193,103,0,134,126,117,145,145,0,126,142,131,126,134,145,0,0,126,126,128,128,123,128,0,123,165,8
0,0,0,0,0,0,0,156,227,0,0,247,0,230,230,0,227,0,0,0,232,237,0,0,0,255,0,0,0,0,0,0,0,0,221,255,0,0,0,0,255,0,0,223,255,0,0,0,0,255,0,255,255,0,231,242,0,0,0,0,0,236,0,0,0,0,0,236,0,0,0,0,0,0,0,255,0,255,233,255,171,0,0,247,0,0,234,255,239,0,0,0,0,255,0,0,0,0,0,0,1
0,0,0,0,0,0,0,0,188,0,0,198,0,0,13,0,0,0,0,1,0,0,146,9,225,0,0,0,0,7,0,1,0,0,0,0,154,0,0,0,0,0,0,180,195,0,212,128,0,166,68,223,211,215,184,179,194,226,218,167,210,207,213,217,200,255,216,225,212,213,230,210,219,207,201,210,0,228,230,229,219,217,193,231,218,223,223,226,223,30,2,218,219,221,209,255,255,0,113,119,8
0,1,0,0,0,0,0,62,42,25,0,40,0,83,31,0,138,52,0,61,92,128,185,49,10,83,33,0,0,47,78,0,77,0,44,114,162,32,65,0,105,5,0,86,110,0,0,0,0,152,0,154,79,0,68,126,69,91,0,0,38,27,58,0,0,0,55,21,23,0,58,120,114,0,0,160,0,50,51,38,151,163,0,196,154,43,55,52,61,0,0,0,57,35,37,71,67,0,46,53,0
0,0,2,0,0,0,0,174,200,0,2,173,0,171,164,0,163,147,0,198,172,164,185,187,179,174,186,0,0,201,208,0,0,0,188,177,193,203,0,0,189,155,0,193,187,0,220,208,0,185,0,188,179,20,193,185,167,94,0,0,231,182,213,210,0,0,167,187,183,224,169,175,163,203,108,181,0,181,188,183,186,189,0,186,181,188,182,180,183,0,0,54,229,193,185,48,0,41,0,0,2
0,0,0,0,0,0,0,0,0,0,0,0,0,0,0,0,0,0,0,0,0,0,0,0,0,0,0,0,0,0,0,0,0,0,0,0,0,0,0,0,4,0,0,167,59,0,11,1,1,0,0,29,87,233,255,235,203,215,211,0,168,135,94,84,99,0,0,0,0,0,0,0,0,0,0,0,0,0,0,0,0,0,0,0,0,0,0,0,0,0,0,0,0,0,0,0,0,0,0,0,5
0,0,0,0,0,0,0,0,206,0,0,224,0,235,224,0,228,0,0,0,228,225,179,0,236,222,0,0,0,0,158,0,0,0,223,216,222,144,0,0,224,0,0,224,220,0,68,0,0,222,0,222,228,232,222,224,225,225,0,0,213,222,229,112,0,0,220,222,252,120,218,214,225,0,0,228,0,228,229,229,215,163,0,222,206,178,226,227,222,0,0,248,147,220,235,9,33,0,0,0,4
0,0,0,0,0,0,0,0,0,0,0,0,0,0,0,0,2,0,0,0,0,0,85,0,1,0,0,0,0,0,0,0,4,0,85,80,158,0,0,0,0,0,206,0,1,0,0,200,178,0,168,0,0,33,0,0,224,0,195,0,126,24,0,54,211,1,85,125,0,38,87,0,2,217,1,165,80,188,148,135,1,0,151,74,2,126,109,172,4,237,0,47,100,100,0,0,0,0,0,0,5
0,0,0,0,0,0,0,0,0,0,0,0,0,0,0,0,0,1,0,0,0,0,188,0,0,0,0,0,0,0,0,0,7,0,175,219,0,14,13,0,0,0,8,87,181,0,2,234,238,129,208,173,172,203,177,196,194,207,187,0,182,174,204,207,202,138,187,211,200,201,229,209,211,220,0,49,3,0,27,27,26,25,0,0,0,0,0,0,0,0,0,0,0,0,0,0,0,0,0,0,7
0,0,1,0,0,0,0,44,95,0,0,63,0,62,50,0,63,88,0,61,59,70,69,64,54,69,113,0,0,76,72,0,0,0,70,72,44,96,0,0,65,84,0,66,72,0,105,101,0,64,0,65,55,132,79,75,82,128,0,0,49,78,58,58,0,0,76,75,166,103,77,66,43,58,0,61,0,70,66,74,71,72,0,57,28,25,61,63,74,0,0,151,18,70,63,149,82,0,108,43,6
0,0,0,0,0,0,0,0,0,0,0,0,0,0,0,0,0,0,0,0,0,0,0,0,0,0,0,0,0,0,0,0,154,0,108,86,227,0,78,0,161,117,100,112,149,0,151,102,100,103,61,110,134,102,98,156,188,190,71,0,147,156,1,8,183,0,69,37,231,255,120,142,115,45,0,0,0,0,0,0,0,0,0,0,0,0,0,0,0,0,0,0,0,0,0,0,0,0,0,0,7
0,0,0,0,0,0,0,0,132,0,0,94,0,232,232,0,219,0,0,2,228,224,200,0,232,222,0,0,0,0,0,0,0,0,225,224,255,100,0,0,254,0,0,229,202,0,159,0,0,219,0,206,210,0,217,213,198,19,0,0,226,216,33,248,0,0,233,218,144,248,236,253,0,0,0,210,0,210,217,210,203,59,0,215,0,225,217,214,218,0,0,0,229,213,216,225,222,0,204,192,4
0,0,0,0,0,0,0,0,0,107,121,221,149,0,0,0,222,201,0,0,0,216,224,206,0,22,197,23,0,0,0,0,219,0,227,221,222,183,152,0,0,211,0,0,142,0,0,202,0,0,207,0,42,4,67,217,217,238,218,0,0,255,226,230,84,3,255,210,143,230,216,217,200,212,127,226,0,225,209,215,210,211,212,223,233,213,214,215,213,0,15,212,212,227,0,91,2,0,0,0,9
0,0,0,0,0,0,0,178,204,1,0,176,0,158,195,0,165,0,0,0,226,209,187,208,215,137,215,0,0,36,214,0,6,0,223,179,167,227,0,0,176,0,0,175,165,0,238,44,0,208,1,166,152,232,163,178,201,192,0,0,226,182,186,193,0,0,156,161,205,202,160,205,157,222,32,162,0,97,175,169,150,212,0,178,182,192,124,225,161,0,0,11,226,144,201,251,161,0,102,182,6
0,0,0,0,0,0,0,0,206,0,0,188,0,166,94,0,124,0,0,0,105,125,158,176,158,170,176,0,0,0,73,0,0,0,208,216,132,170,0,0,148,0,0,154,154,0,1,20,0,168,0,174,154,194,149,153,165,74,0,0,65,148,118,185,0,0,117,148,222,185,141,164,32,90,0,153,0,157,161,158,158,172,0,153,98,120,160,164,164,0,0,205,126,172,162,148,132,0,0,0,2
0,0,0,0,0,0,0,2,57,1,0,33,0,191,186,0,182,0,0,0,175,213,49,122,188,71,157,0,0,7,0,0,0,0,210,136,211,202,0,0,179,0,0,184,96,0,0,0,0,127,0,22,175,186,253,161,0,193,0,0,183,213,255,145,0,0,130,210,196,84,192,0,213,3,0,119,0,118,179,97,239,191,0,192,225,183,208,193,91,0,0,89,132,155,0,0,0,0,0,0,6
0,0,0,0,0,0,0,209,207,0,0,218,0,223,230,0,218,0,0,0,218,219,213,111,219,216,112,0,0,0,180,0,0,0,225,196,194,83,0,0,193,0,0,188,226,0,0,0,0,181,0,175,247,254,189,227,167,187,0,0,173,191,203,0,0,0,142,188,0,0,137,158,83,0,0,232,0,236,222,229,208,211,0,213,0,236,220,244,209,0,0,0,229,244,228,0,236,0,0,37,1
0,0,0,0,0,0,0,0,0,0,0,0,0,0,0,0,0,0,0,0,0,0,0,0,0,0,0,0,0,0,0,0,0,0,0,0,0,0,0,0,0,0,0,55,25,2,0,105,0,103,0,0,16,28,88,162,109,105,105,0,55,20,0,27,62,0,0,0,0,0,0,0,0,0,0,0,0,0,0,0,0,0,0,0,0,0,0,0,0,0,0,0,0,0,0,0,0,0,0,0,5
0,0,1,0,0,0,0,55,204,1,0,193,0,110,255,0,43,74,0,18,56,162,102,155,140,249,131,0,0,0,148,0,0,0,255,74,134,79,0,0,201,124,0,216,214,0,173,157,0,157,0,143,124,242,169,139,170,155,0,0,34,201,162,235,0,0,255,167,160,217,255,202,145,227,0,227,0,57,130,146,196,152,0,183,143,121,164,251,113,0,0,211,99,221,123,138,181,0,123,89,6
0,0,0,0,0,0,0,22,12,0,0,26,0,24,24,0,25,29,0,26,24,28,18,31,26,28,60,0,0,31,20,0,6,0,29,36,18,103,0,0,31,33,0,28,31,0,24,25,0,32,0,29,29,85,31,31,31,0,0,0,0,28,32,70,0,0,29,28,75,72,28,28,0,18,0,29,0,28,26,28,29,26,0,25,8,14,33,32,37,0,0,99,0,4,5,0,0,0,0,0,2
0,0,0,0,0,0,0,0,0,0,0,0,0,0,0,0,0,0,0,0,0,0,0,0,0,0,0,0,0,0,0,0,0,4,185,0,0,0,0,0,133,199,221,204,208,5,198,0,0,0,116,0,0,223,192,233,219,210,159,0,116,125,86,74,39,0,37,35,26,31,0,0,0,0,0,0,0,0,0,0,0,0,0,0,0,0,0,0,0,0,0,0,0,0,0,0,0,0,0,0,5
0,0,0,0,0,0,0,0,0,0,0,0,0,0,0,0,0,0,0,0,0,176,224,240,0,3,228,94,0,0,0,0,244,150,116,151,247,244,235,0,4,255,156,170,151,0,0,150,62,184,236,204,152,201,159,173,178,166,151,0,25,127,167,181,170,175,108,175,155,176,118,212,200,200,44,139,27,21,39,66,80,78,43,63,93,65,91,29,57,0,0,0,0,0,0,0,0,0,0,0,7
0,0,0,0,0,0,0,0,0,0,0,0,75,0,1,0,203,217,0,0,3,191,191,167,0,174,71,128,0,0,0,0,164,0,194,205,206,209,185,0,0,209,0,0,194,0,0,204,0,1,152,3,63,3,33,128,214,144,189,0,0,163,105,178,84,0,165,91,200,188,98,217,180,197,122,125,36,209,191,192,203,202,139,188,182,209,211,220,17,197,1,0,54,62,0,0,0,0,0,0,9
0,0,0,0,0,0,0,0,0,0,0,0,0,0,0,0,0,0,0,0,0,0,0,0,0,0,0,0,0,0,0,0,0,0,103,108,0,0,0,0,47,0,43,255,142,0,0,164,164,112,159,86,116,121,121,146,177,172,177,177,190,185,198,203,207,198,198,211,233,224,133,77,77,95,0,0,0,0,0,0,0,0,0,0,0,0,0,0,0,0,0,0,0,0,0,0,0,0,0,0,7
0,0,0,0,0,0,0,241,205,0,0,217,0,226,210,0,185,0,0,168,207,209,199,235,210,208,217,0,0,214,203,0,0,0,80,165,238,195,0,0,207,162,0,212,143,0,183,202,0,195,0,195,204,128,208,210,255,114,0,0,88,204,72,207,0,0,235,215,255,206,207,223,0,201,137,214,0,195,212,206,180,218,0,215,93,170,189,181,221,0,0,242,0,0,0,0,0,0,0,0,4
0,0,0,0,0,0,0,0,0,0,0,0,0,0,0,0,0,0,0,0,0,35,0,0,0,104,2,1,0,0,0,0,0,0,136,150,112,167,130,0,0,53,94,0,133,0,0,46,160,0,24,0,111,0,53,115,0,129,4,0,36,50,185,0,0,6,55,66,0,0,135,76,0,0,111,218,2,128,0,0,0,0,0,0,0,0,0,0,0,0,0,0,0,0,0,0,0,0,0,0,5
0,0,0,0,0,0,0,141,215,0,0,120,0,120,159,0,132,0,0,0,149,162,0,0,0,144,2,0,0,0,0,0,0,0,145,152,0,0,0,0,95,0,0,151,141,0,0,0,0,160,0,159,149,3,145,148,157,0,0,0,0,143,124,0,0,0,97,140,0,0,82,159,0,0,0,143,0,151,159,157,156,53,0,152,0,3,174,160,160,0,0,0,3,161,157,170,149,0,153,95,3
0,0,0,0,0,0,0,28,14,0,0,30,0,30,30,0,26,40,0,49,33,42,46,47,46,39,47,0,0,53,53,0,0,0,42,40,40,59,0,0,39,21,0,46,37,0,56,37,0,46,0,46,33,78,59,24,47,78,0,0,15,78,17,31,0,0,50,89,170,33,49,46,91,47,0,26,0,26,150,27,62,0,0,40,176,31,176,39,68,0,0,72,143,37,21,85,47,0,65,39,2
0,0,0,0,0,0,0,0,0,0,0,0,0,1,3,0,122,66,3,0,1,35,137,102,0,0,194,0,0,0,0,0,185,45,0,1,4,245,108,0,1,113,187,2,1,0,0,152,13,1,136,0,2,48,0,6,91,0,9,1,190,51,9,0,0,0,188,123,2,0,196,0,1,101,176,225,32,192,206,193,1,0,0,228,0,129,196,184,1,1,0,0,0,0,0,0,0,0,0,0,5
0,0,0,0,0,0,0,0,0,0,0,197,0,0,0,0,213,211,131,0,0,198,237,199,0,182,216,216,0,0,0,0,193,0,207,184,212,213,207,0,0,211,9,0,204,0,0,198,0,0,180,0,27,0,44,215,213,224,202,2,0,191,203,215,21,0,196,121,205,216,104,211,207,206,100,188,24,216,213,219,210,216,84,227,88,122,144,148,104,152,0,15,79,95,50,0,0,0,0,0,9
0,0,0,0,0,0,0,0,0,0,0,153,0,0,6,0,223,223,55,0,3,230,239,233,0,244,235,208,0,0,0,0,228,0,217,223,236,232,234,0,0,230,115,3,223,0,0,232,206,2,237,0,102,0,25,216,241,221,234,0,1,182,237,224,215,0,1,202,239,247,194,249,241,222,0,188,0,195,225,228,237,10,226,234,0,255,228,209,0,255,0,0,41,179,0,0,0,0,0,0,9
0,0,0,0,0,0,0,0,0,0,0,7,0,35,159,0,10,0,0,0,66,0,1,0,0,92,0,0,0,0,0,0,0,0,194,86,8,0,0,0,150,0,0,119,0,0,0,0,0,195,0,201,204,87,217,195,199,87,0,0,212,221,216,0,0,0,191,207,0,0,196,208,229,0,0,205,0,242,119,238,220,210,0,187,220,200,228,216,213,0,0,0,208,202,213,201,225,0,204,176,8
0,0,4,0,1,0,1,142,155,0,1,162,0,158,158,0,157,198,0,191,157,162,174,188,193,155,200,0,0,191,230,0,183,0,173,184,181,227,6,0,174,168,0,172,187,0,199,180,0,187,4,185,198,189,187,183,217,202,0,0,199,187,208,0,0,0,168,187,0,0,166,212,208,5,0,200,0,199,174,202,187,200,0,222,211,187,188,181,214,0,0,136,181,164,185,207,195,0,84,86,6
0,0,0,0,0,0,0,193,238,0,0,171,0,174,180,0,220,204,0,195,159,155,228,182,241,204,190,0,0,171,211,0,130,0,175,164,179,201,0,0,174,181,0,172,152,0,183,178,0,145,15,155,143,142,150,124,155,169,35,0,183,150,159,163,0,0,171,153,218,189,165,145,183,192,191,198,0,224,192,168,185,193,104,177,204,195,159,159,157,0,0,132,0,0,0,0,0,142,1,0,4
0,0,0,0,0,0,0,0,96,0,0,251,0,233,237,0,223,0,0,0,234,236,0,0,0,237,0,0,0,0,0,0,0,0,225,241,0,0,0,0,247,0,0,220,233,0,0,0,0,245,0,247,236,0,223,236,255,0,0,0,0,222,132,0,0,0,239,224,0,0,255,252,0,0,0,232,0,235,235,235,231,214,0,230,0,0,239,220,236,0,0,0,0,231,246,245,247,0,1,3,3
0,0,0,0,0,0,0,0,0,0,0,0,0,0,0,0,0,0,0,0,0,0,0,0,0,0,0,0,4,186,167,0,205,80,209,217,216,181,189,6,237,213,220,239,230,96,236,227,223,220,217,242,220,245,244,185,213,205,166,4,157,220,220,208,199,0,245,216,186,181,82,0,0,0,0,0,0,0,0,0,0,0,0,0,0,0,0,0,0,0,0,0,0,0,0,0,0,0,0,0,8
0,0,0,0,0,0,0,0,204,0,0,204,0,196,201,0,203,0,0,0,198,203,227,0,120,201,0,0,0,0,0,0,0,0,205,200,220,0,0,0,198,0,0,214,254,0,0,0,0,200,0,213,0,153,52,198,197,0,0,0,221,43,37,0,0,0,198,78,0,0,198,187,0,0,0,0,0,0,174,0,205,0,0,221,0,224,251,0,206,0,0,0,204,1,131,0,51,0,0,0,1
0,0,0,0,0,0,0,0,220,0,0,205,0,224,241,0,212,0,0,0,222,220,0,0,0,240,0,0,0,0,0,0,0,0,225,249,0,0,0,0,255,0,0,220,255,0,0,0,0,242,0,243,255,0,235,232,105,0,0,0,0,234,0,0,0,0,0,239,0,0,0,112,0,0,0,237,0,239,247,228,240,0,0,77,0,0,220,231,236,0,0,0,0,233,20,255,0,0,109,0,1
0,0,0,0,0,0,0,0,0,0,0,0,0,0,0,0,0,0,0,0,0,0,0,3,0,25,72,0,0,0,0,0,129,0,201,206,96,101,0,0,0,0,0,0,206,0,0,0,114,1,120,0,0,0,0,0,188,73,94,0,53,0,97,105,112,0,79,35,75,73,118,160,171,158,86,155,0,0,0,0,0,0,0,0,0,0,0,0,0,0,0,0,0,0,0,0,0,0,0,0,5
0,0,0,0,0,0,0,0,0,0,0,0,0,0,2,0,255,249,19,0,0,208,229,201,0,216,213,22,0,0,0,0,255,2,219,224,222,238,160,0,0,234,0,0,176,0,0,224,39,37,203,207,201,0,229,235,245,216,208,0,81,205,236,227,0,0,209,196,35,243,211,204,0,215,211,210,77,244,227,233,1,1,18,255,0,86,122,47,0,0,0,0,0,0,0,0,0,0,0,0,9
0,0,0,0,0,0,0,0,0,0,0,0,0,50,50,0,202,186,38,178,177,179,175,187,175,182,124,191,223,175,171,69,186,155,192,181,116,216,196,69,217,196,211,177,180,240,185,187,197,211,195,207,205,203,205,164,210,210,200,0,207,231,209,214,215,116,214,181,209,207,211,206,208,203,221,205,0,219,127,161,251,254,0,0,50,0,0,0,0,0,0,0,0,0,0,0,0,0,0,0,8
0,0,0,0,0,0,0,0,0,0,0,0,0,0,0,0,0,0,0,0,0,0,1,0,0,176,0,0,0,0,0,0,96,0,238,227,173,64,109,0,138,177,1,190,237,1,3,92,0,198,0,217,212,210,191,137,30,138,27,41,207,254,141,45,7,166,215,67,18,10,225,32,48,108,167,47,0,75,49,47,0,1,0,0,0,0,0,0,0,0,0,0,0,0,0,0,0,0,0,0,7
0,0,0,0,0,0,0,49,22,0,0,35,0,31,46,0,33,48,0,9,37,27,35,57,23,37,67,0,0,23,38,0,0,0,35,38,28,68,0,0,39,15,0,28,38,0,41,24,0,34,0,33,39,88,37,38,34,84,0,0,77,38,24,46,0,0,17,37,63,52,28,39,41,38,0,42,0,42,39,48,44,30,0,44,20,9,39,67,51,0,0,9,0,33,0,17,0,0,0,0,4
0,1,0,0,0,0,0,48,177,40,0,44,0,16,78,0,44,55,0,54,40,41,44,56,40,38,66,0,0,54,81,0,78,0,37,27,45,94,0,0,36,0,0,34,31,0,0,0,0,33,0,33,33,54,36,34,49,33,0,0,42,34,70,0,0,0,33,36,0,0,38,45,30,1,0,40,0,41,45,42,45,69,0,40,37,55,54,48,51,0,0,0,60,48,52,45,62,0,42,23,0
0,0,0,0,0,0,0,0,0,0,0,0,0,0,146,0,0,0,0,0,0,0,123,6,4,4,2,5,0,0,0,49,19,0,247,209,178,254,171,0,168,61,213,180,181,0,188,213,42,201,252,185,193,218,175,191,209,134,185,0,89,179,170,206,0,0,98,173,244,209,91,199,70,230,28,203,3,207,201,200,198,205,0,215,200,216,254,253,254,119,0,108,202,25,24,0,0,0,0,0,8
0,0,0,0,0,0,0,137,136,146,156,148,0,143,140,0,164,158,0,184,145,136,132,183,174,152,207,53,1,186,129,0,123,0,153,150,146,212,185,0,188,157,34,144,149,0,162,162,29,190,158,192,154,138,144,155,154,152,161,0,180,146,150,212,32,0,213,148,203,212,215,155,152,181,178,170,0,178,204,214,199,158,28,196,166,185,210,213,200,153,0,193,174,204,150,253,0,0,98,0,8
0,0,0,0,0,0,0,239,239,0,0,229,0,241,238,0,237,0,0,0,237,221,239,29,251,238,82,0,0,0,0,0,0,0,238,246,64,223,0,0,255,0,0,227,240,0,0,0,0,255,0,248,250,248,233,241,255,0,0,0,51,233,105,205,0,0,255,234,255,234,255,242,0,0,0,250,0,250,238,249,227,233,0,238,0,223,238,250,237,0,0,0,222,242,241,255,248,0,61,212,3
0,0,0,0,0,0,0,0,0,0,0,0,0,0,0,0,0,0,0,0,0,5,45,31,0,5,201,0,0,0,0,0,139,0,88,86,206,206,178,0,0,159,110,3,111,0,0,224,219,0,200,121,110,14,124,214,199,200,108,1,120,193,211,60,106,17,191,171,96,30,154,231,202,144,27,149,16,0,32,33,35,35,0,0,0,0,0,0,0,0,0,0,0,0,0,0,0,0,0,0,7
0,0,0,0,0,0,0,0,0,0,0,0,0,1,0,0,0,139,0,0,0,0,0,224,0,106,186,0,0,0,0,0,8,0,0,0,170,245,0,0,0,0,162,0,0,0,0,149,112,0,116,0,0,0,0,2,87,146,85,3,208,0,123,142,104,0,255,205,121,149,198,0,0,102,97,238,0,251,62,114,3,0,95,127,0,106,87,57,4,146,0,0,0,0,0,0,0,0,0,0,5
0,0,0,0,0,0,0,89,92,1,0,72,0,98,77,0,88,0,0,0,73,129,106,128,128,130,127,0,0,0,91,0,0,0,157,137,140,106,0,0,121,0,0,130,89,0,35,26,0,128,0,133,135,125,128,83,112,132,0,0,125,127,148,136,0,0,132,144,131,153,112,108,98,47,0,128,0,126,136,126,125,150,0,128,110,150,140,139,174,0,0,0,128,132,129,169,141,0,40,63,4
0,0,0,0,0,0,0,246,235,2,0,226,0,228,225,0,224,249,0,201,224,225,226,221,228,225,227,0,0,243,227,0,0,0,225,229,226,243,0,0,230,255,0,228,227,0,229,255,0,222,0,223,226,207,228,227,243,65,0,0,0,228,231,231,0,0,255,228,255,237,255,220,0,236,66,226,0,227,227,226,226,255,0,221,189,255,227,226,226,0,0,215,255,223,224,255,255,20,132,0,6
0,0,0,0,0,0,0,83,213,0,0,192,0,190,203,0,198,153,0,46,194,194,196,205,199,170,195,0,0,169,221,0,0,0,198,196,199,196,0,0,200,194,0,197,196,0,219,233,0,199,0,199,203,217,199,195,198,215,0,0,195,197,193,197,0,0,206,198,222,199,203,203,204,220,0,203,0,204,203,205,198,210,0,204,225,205,204,204,209,0,0,218,230,211,220,206,163,0,0,0,4
0,0,0,0,0,0,0,0,0,0,0,0,0,0,0,0,0,0,0,0,0,0,0,0,0,95,14,0,0,0,0,0,238,0,225,232,236,237,232,0,0,218,255,0,228,0,2,227,230,179,237,255,221,233,226,234,241,235,232,43,224,229,239,238,255,208,241,248,234,232,191,215,211,222,80,181,0,0,0,0,0,0,0,0,0,0,0,0,0,0,0,0,0,0,0,0,0,0,0,0,9
0,0,0,0,0,0,0,0,0,0,0,0,0,0,0,0,0,0,0,0,0,0,0,0,0,0,0,0,0,0,0,0,0,0,167,196,0,0,200,0,145,175,163,134,151,1,0,198,199,118,188,115,200,90,93,108,116,101,96,7,12,34,16,11,40,28,10,7,17,19,24,21,16,16,0,0,0,0,0,0,0,0,0,0,0,0,0,0,0,0,0,0,0,0,0,0,0,0,0,0,7
0,0,28,0,0,0,0,1,201,28,0,228,0,204,193,0,215,26,0,25,201,201,0,30,0,178,29,0,0,23,23,0,0,0,145,147,30,30,0,0,48,30,0,88,148,0,26,30,0,32,0,33,112,28,33,8,66,35,0,0,35,36,1,30,0,0,47,33,33,33,45,137,36,41,0,69,0,63,38,51,123,39,0,38,25,38,39,33,32,0,0,36,36,47,48,33,51,0,44,36,1
0,0,0,0,0,0,0,189,209,0,0,175,0,159,165,0,150,0,0,0,182,193,175,170,150,136,186,0,0,109,184,0,0,0,211,221,215,171,0,0,209,0,0,206,221,0,196,50,0,201,0,229,230,234,171,166,173,195,0,0,157,148,169,180,0,0,182,175,183,164,168,168,217,137,0,161,0,167,173,154,157,155,0,184,225,168,181,179,178,0,0,183,180,179,175,226,245,0,61,41,4
0,0,0,0,1,0,0,231,229,0,0,235,0,226,224,0,232,249,0,240,168,233,233,233,0,232,238,0,0,232,247,0,23,0,232,233,227,239,0,0,41,154,0,4,230,0,239,168,0,42,0,43,122,162,0,239,186,193,0,0,84,45,159,253,0,0,255,255,237,254,228,174,93,118,174,232,0,231,231,232,167,186,0,232,141,239,229,229,211,0,0,74,254,243,200,218,178,97,0,0,2
0,0,0,0,0,0,0,0,223,0,0,201,0,199,183,0,181,0,0,0,184,190,183,160,200,195,200,0,0,0,133,0,0,0,188,187,198,198,0,0,199,0,0,191,186,0,77,30,0,223,0,233,198,235,184,190,215,103,0,0,15,190,154,196,0,0,230,198,222,198,244,204,35,112,0,186,0,190,203,200,198,230,0,205,158,179,199,192,194,0,0,199,191,200,210,158,147,0,0,0,4
0,0,0,0,0,0,0,182,213,0,0,198,0,179,177,0,191,187,0,203,192,121,143,183,139,145,220,0,0,199,212,0,214,0,168,161,186,212,169,0,152,186,0,74,139,0,228,209,18,222,0,128,125,34,225,142,65,142,0,0,218,169,150,0,0,0,110,105,0,0,131,91,184,1,0,153,0,199,206,208,215,192,0,199,194,193,194,197,196,0,0,51,185,187,185,223,232,0,121,89,0
0,0,0,0,0,0,0,18,37,0,0,21,0,10,10,0,32,20,0,126,111,72,75,72,91,68,64,0,0,77,78,0,54,0,72,68,81,69,0,0,66,71,0,85,123,0,47,66,0,115,18,88,58,92,64,112,69,55,0,0,38,68,115,80,0,0,52,72,75,54,52,86,43,0,0,51,0,51,77,58,49,108,0,153,44,51,72,55,55,0,0,123,47,49,114,83,140,0,37,1,6
0,0,0,0,0,0,0,148,185,0,0,130,0,140,180,0,170,0,0,0,155,156,174,197,158,152,166,0,0,0,184,0,0,0,148,182,194,148,0,0,202,0,0,161,177,0,141,42,0,213,0,184,180,190,172,179,164,221,0,0,124,171,141,183,0,0,148,178,199,174,161,166,174,129,0,176,0,173,175,179,169,164,0,154,167,125,187,181,183,0,0,179,0,207,111,0,0,0,0,0,4
0,0,0,0,0,0,0,0,0,0,0,0,0,0,0,0,0,0,0,0,0,0,170,0,0,0,0,0,0,0,0,0,0,101,117,134,0,0,82,0,0,67,7,0,156,0,0,39,34,0,10,0,7,0,0,167,86,0,34,0,0,140,0,1,0,0,116,175,0,1,144,0,0,0,54,202,150,99,66,18,0,0,13,18,0,16,4,92,0,0,0,92,84,61,0,0,0,0,0,0,5
0,0,0,0,0,0,0,0,0,0,0,0,0,0,0,0,0,0,0,0,0,0,0,0,0,74,1,0,0,0,2,0,160,3,67,169,88,119,136,0,0,54,0,255,143,0,145,71,2,56,4,78,88,171,143,161,30,0,19,132,146,148,7,68,191,210,143,136,182,209,164,200,187,197,162,235,0,107,0,0,0,0,0,0,0,0,0,0,0,0,0,0,0,0,0,0,0,0,0,0,5
0,0,24,0,0,0,0,180,172,193,156,110,0,171,168,0,193,217,0,0,216,173,175,174,177,161,169,0,0,0,64,0,122,0,171,169,168,169,110,0,172,141,0,169,167,0,10,145,0,177,92,175,171,157,173,170,167,167,90,0,165,175,166,153,0,0,187,176,161,160,190,167,160,137,0,173,0,172,168,166,160,161,64,210,190,161,207,207,198,0,0,233,0,0,0,0,0,0,0,0,8
0,0,0,0,0,0,0,24,174,1,0,160,0,129,174,0,109,137,0,149,105,127,127,135,105,121,154,0,0,149,153,0,0,0,117,137,146,167,0,0,113,117,0,115,117,0,129,153,0,123,0,111,123,255,119,111,125,116,0,0,0,114,135,145,0,0,146,118,212,159,140,119,42,137,0,113,0,114,115,113,127,117,0,110,104,105,109,123,120,0,0,175,87,113,128,167,113,0,25,0,6
0,0,0,0,0,0,0,0,0,0,0,0,0,0,0,0,0,0,0,0,0,162,141,0,0,178,183,0,0,0,0,0,133,0,193,199,163,159,168,0,0,203,184,0,178,0,0,167,163,198,184,193,186,192,186,177,187,165,182,0,173,175,169,149,193,168,186,183,204,187,208,187,182,165,149,100,0,123,101,74,61,69,0,0,0,0,0,0,0,0,0,0,0,0,0,0,0,0,0,0,7
0,0,0,0,0,0,0,50,133,0,0,195,0,155,183,0,165,0,0,0,168,151,104,0,0,193,0,0,0,0,0,0,0,0,141,149,0,0,0,0,189,0,0,159,201,0,0,0,0,117,0,92,146,0,187,208,4,0,0,0,0,184,0,0,0,0,0,178,0,0,0,0,0,0,0,175,0,175,175,185,145,0,0,0,0,0,186,208,207,0,0,0,0,210,0,181,0,0,91,0,1
0,0,0,0,0,0,0,205,209,0,0,204,0,214,213,0,209,0,0,0,209,209,228,0,96,232,0,0,0,0,0,0,0,0,201,201,203,0,0,0,207,0,0,207,251,0,0,0,0,208,0,209,202,0,207,248,195,156,0,0,197,203,216,0,0,0,223,204,0,0,222,197,148,0,0,216,0,220,207,222,208,204,0,211,164,188,208,223,239,0,0,0,195,220,207,219,221,0,6,132,1
0,0,0,0,0,0,0,210,227,0,0,231,0,232,220,0,223,0,0,0,227,209,227,0,155,214,0,0,0,0,0,0,0,0,230,230,241,0,0,0,227,0,0,233,244,0,0,0,0,224,0,223,230,0,234,231,225,193,0,0,134,231,236,0,0,0,240,226,0,0,240,222,234,0,0,231,0,210,212,209,211,216,0,202,255,214,205,208,209,0,0,0,202,201,213,255,243,0,123,57,6
0,0,1,0,0,0,0,213,204,0,0,204,0,202,192,0,194,189,0,0,175,97,167,186,173,175,192,0,0,4,180,0,0,0,170,170,180,194,0,0,175,98,0,172,173,0,86,119,0,172,0,165,172,160,178,180,175,200,0,0,251,172,153,194,0,0,196,180,239,188,184,173,213,148,0,180,0,183,181,186,189,165,0,192,211,242,191,191,188,0,0,200,183,207,208,76,70,0,0,0,4
0,0,0,0,0,0,0,73,162,0,0,157,0,170,166,0,181,0,0,0,137,139,83,0,0,232,0,0,0,0,0,0,0,0,210,163,64,0,0,0,193,0,0,126,111,0,0,0,0,81,0,182,176,0,155,0,146,0,0,0,0,175,42,0,0,0,0,193,0,0,0,188,0,0,0,190,0,194,181,202,215,34,0,0,0,0,74,217,158,0,0,0,0,199,206,210,201,0,191,168,1
0,0,0,0,1,0,0,238,220,27,0,227,0,221,222,0,222,224,0,219,221,222,202,222,218,220,222,0,0,223,221,0,234,0,218,218,218,223,0,0,218,0,0,218,218,0,1,0,0,214,0,212,217,0,219,218,220,228,0,0,157,220,212,0,0,0,226,221,181,0,223,222,224,0,0,220,0,220,219,220,221,217,0,218,224,219,222,222,220,0,0,0,217,217,215,237,244,0,187,167,0
0,0,0,0,0,0,5,213,207,199,62,216,0,218,223,0,204,177,2,151,206,206,199,208,193,201,218,0,0,164,180,0,182,0,202,203,199,159,197,0,208,138,0,206,203,0,201,180,43,209,199,207,200,83,204,202,208,249,217,0,255,204,197,208,250,0,197,203,115,158,201,203,242,255,0,204,0,206,201,204,202,197,0,203,203,206,212,227,227,0,0,147,212,195,218,111,160,0,119,63,6
0,0,0,0,0,0,0,97,100,0,1,71,0,93,97,0,90,98,0,159,86,81,86,86,161,102,85,0,0,163,91,0,0,0,95,91,107,79,0,0,124,86,0,105,109,0,145,102,0,126,0,128,114,176,109,111,97,147,0,0,104,111,72,93,0,0,131,112,163,112,130,105,88,109,45,117,0,117,116,112,119,98,0,149,53,85,88,83,91,0,0,150,0,0,0,0,0,0,0,0,6
0,0,0,0,0,0,0,179,168,46,0,168,0,162,173,0,133,185,0,0,133,121,139,179,127,133,173,0,0,0,226,0,0,0,139,139,156,168,0,0,144,0,0,133,139,0,0,0,0,156,0,156,127,150,115,127,156,144,0,0,121,115,133,0,0,0,127,115,156,0,133,162,139,0,0,110,0,110,104,98,121,133,0,127,121,115,110,98,104,0,0,46,115,92,156,179,162,0,98,104,0
0,0,0,0,0,0,0,0,0,0,0,111,0,27,78,0,0,0,0,0,36,35,18,2,2,1,0,1,0,0,0,0,0,0,0,0,106,1,0,0,42,0,0,115,57,1,106,27,0,49,111,18,93,137,118,162,192,42,152,1,60,100,96,41,36,0,195,93,96,83,154,116,44,67,147,73,0,176,206,183,227,245,123,169,14,23,154,113,151,192,65,180,102,249,199,0,34,0,0,0,8
0,0,0,0,0,0,0,100,220,0,4,214,0,113,191,0,184,184,0,93,219,198,224,169,236,150,206,0,0,187,217,0,0,0,185,198,218,194,0,0,158,206,4,132,212,0,209,216,0,147,0,248,227,221,184,220,209,216,37,0,206,241,230,157,0,0,216,215,211,173,196,220,206,220,255,245,0,183,218,204,232,77,81,167,182,206,222,214,221,122,0,97,223,198,217,175,122,0,0,0,6
0,0,0,0,0,0,0,168,223,0,0,217,0,235,221,0,174,34,0,28,136,189,209,241,233,221,236,0,0,124,231,0,0,0,201,224,220,217,0,0,224,35,0,193,228,0,251,99,0,195,0,208,233,225,200,232,255,145,0,0,121,208,161,225,0,0,229,221,255,226,223,223,204,212,0,192,0,216,223,245,247,243,0,161,50,0,0,0,0,0,0,242,0,0,6,0,3,0,0,3,4
0,0,0,0,0,0,0,205,227,1,0,226,0,215,224,0,213,220,0,246,215,220,211,220,225,204,223,0,0,242,231,0,0,0,226,200,226,225,0,0,210,255,0,231,217,0,214,255,0,182,0,224,226,244,224,226,218,250,0,0,234,229,225,211,0,0,223,228,249,214,218,188,246,229,172,219,0,216,210,224,204,211,0,202,240,255,226,238,228,0,0,219,114,113,73,0,0,114,2,4,4
0,0,0,0,0,0,0,0,207,0,0,0,0,254,169,0,136,0,0,0,179,0,0,0,0,186,0,0,0,0,0,0,0,0,181,19,0,0,0,0,144,0,0,204,186,0,0,0,0,189,0,186,193,0,191,187,0,0,0,0,0,193,0,0,0,0,0,192,0,0,0,0,0,0,0,195,0,196,189,196,202,0,0,187,0,0,192,204,181,0,0,0,0,197,45,184,151,0,167,34,3
0,0,0,0,0,0,0,111,149,0,0,128,0,140,135,0,120,0,0,0,136,125,110,0,103,207,0,0,0,0,0,0,0,0,173,127,113,0,0,0,116,0,0,146,173,0,0,0,0,122,0,134,0,137,77,116,129,0,0,0,152,28,39,0,0,0,132,18,0,0,138,139,0,0,0,0,0,0,54,0,142,19,0,140,0,161,99,0,175,0,0,0,130,0,131,0,137,0,0,110,1
0,0,1,0,1,0,0,132,192,0,0,189,0,177,147,0,160,110,0,151,159,175,154,171,146,168,159,0,0,169,155,0,0,0,148,143,178,141,0,0,137,191,0,149,144,0,130,196,0,161,0,183,129,170,174,155,183,184,0,0,160,172,145,147,0,0,174,156,167,131,157,170,202,193,89,141,0,178,121,140,122,59,0,0,29,0,0,0,0,0,0,163,0,1,3,0,5,112,0,2,4
0,0,1,0,0,0,0,226,217,0,1,204,0,204,212,0,203,226,0,228,204,202,204,214,198,206,209,0,0,226,229,0,0,0,208,214,204,219,0,0,203,238,0,208,208,0,229,239,0,211,0,209,209,193,209,209,205,170,0,0,224,208,229,226,0,0,204,208,247,227,199,198,104,233,96,208,0,207,205,206,206,223,0,222,94,110,99,101,101,0,0,137,0,0,0,9,6,53,0,0,4
0,1,0,0,0,0,0,194,202,0,0,219,0,190,192,0,211,233,0,100,200,213,223,222,226,179,222,0,0,168,205,0,64,0,194,172,250,233,0,0,177,237,0,168,227,0,221,236,0,193,0,196,169,251,197,180,199,122,13,0,72,192,255,255,0,0,231,195,86,246,200,182,236,228,48,204,0,203,224,190,215,215,0,211,234,204,202,178,194,0,0,34,223,200,187,196,218,0,222,185,6
0,0,0,0,0,0,0,157,182,110,34,47,0,103,93,0,67,55,0,85,39,65,67,102,121,98,95,0,131,39,227,0,97,0,125,64,60,69,97,0,70,70,27,83,34,80,159,70,51,77,100,80,70,154,70,60,57,59,93,0,115,72,77,77,123,97,98,77,125,92,103,69,47,39,74,69,0,70,88,82,110,57,115,88,110,151,100,102,82,100,0,3,0,4,0,0,0,60,1,0,6
0,0,0,0,2,0,1,220,218,0,0,219,0,219,219,0,217,219,0,246,218,217,218,225,223,216,225,2,3,238,222,0,242,0,223,221,223,226,4,0,229,211,0,223,225,0,232,228,0,239,213,242,223,242,225,226,231,235,255,0,232,227,224,205,66,0,234,232,246,180,230,232,225,232,246,226,0,250,89,89,63,96,0,0,0,0,4,5,5,44,0,245,0,0,0,0,0,0,0,0,2
0,0,1,0,0,0,0,95,64,0,0,98,0,92,95,0,96,104,0,95,84,90,115,131,116,172,132,0,0,117,156,0,0,0,118,126,88,179,0,0,119,58,0,125,125,0,141,95,0,123,0,124,119,0,124,117,121,42,0,0,122,123,106,153,0,0,133,122,182,151,126,130,94,122,0,133,0,128,135,137,124,166,0,32,0,0,0,0,0,0,0,133,5,4,2,0,0,0,0,0,2
0,0,0,0,0,0,0,75,44,0,0,131,0,177,92,1,222,181,0,188,173,226,210,226,199,204,209,0,178,197,229,0,210,32,176,213,224,200,156,0,229,217,0,204,234,1,33,180,1,233,0,166,205,214,200,236,210,241,0,0,230,185,217,0,0,0,164,178,177,0,199,210,224,0,2,199,0,198,183,203,194,209,0,191,244,221,194,209,240,0,0,192,218,215,215,250,210,0,84,114,6
0,0,0,0,0,0,0,175,155,0,0,161,0,159,162,0,172,0,0,0,171,170,204,116,172,171,150,0,0,0,0,0,0,0,171,176,1,200,0,0,187,0,0,163,173,0,0,0,0,165,0,174,170,126,175,170,177,18,0,0,4,171,154,0,0,0,186,185,0,0,184,168,0,0,0,174,0,166,186,168,171,172,0,170,0,0,168,173,173,0,0,2,1,160,168,209,176,0,106,159,3
0,0,0,0,0,0,0,175,143,0,0,137,0,144,131,0,135,0,0,0,138,137,67,0,161,149,0,0,0,0,0,0,0,0,138,137,68,0,0,0,134,0,0,125,241,0,0,0,0,140,0,144,156,0,131,183,132,0,0,0,0,132,0,0,0,0,120,131,0,0,131,98,0,0,0,134,0,119,146,105,144,20,0,150,0,0,149,102,180,0,0,0,0,76,146,0,172,0,0,85,1
0,0,0,0,0,0,0,0,0,0,0,0,0,1,2,0,81,135,0,0,2,142,151,119,0,39,116,1,0,0,0,0,1,0,2,2,11,153,0,0,1,0,191,0,2,0,0,188,157,57,141,97,110,4,104,134,169,0,148,1,81,117,0,168,153,0,100,159,84,172,0,0,0,141,7,0,0,0,35,89,7,4,126,184,0,61,60,30,1,53,0,0,0,0,0,0,0,0,0,0,5
0,0,0,0,0,0,0,171,145,0,0,159,0,179,234,0,193,0,0,0,178,160,155,168,169,172,183,0,0,46,173,0,0,0,155,150,147,180,3,0,156,47,0,154,163,0,153,114,0,164,0,161,160,174,159,169,149,178,0,0,207,158,191,160,0,0,131,152,162,157,146,164,173,177,0,158,0,161,166,165,160,153,0,162,189,173,158,162,166,0,0,182,170,160,161,179,185,51,0,0,4
0,0,0,0,0,0,0,0,0,0,0,0,0,6,123,0,181,0,0,0,87,69,4,0,0,0,0,0,0,0,0,0,0,0,34,178,0,6,0,0,205,0,0,25,37,0,181,199,0,222,0,187,132,154,154,135,192,121,0,0,151,141,126,183,0,0,147,153,166,205,151,165,151,124,0,150,0,159,216,174,171,171,0,195,192,186,178,172,177,0,0,157,171,180,172,223,207,0,210,208,8
0,0,0,0,0,0,0,148,220,0,0,209,0,209,211,0,209,3,0,0,204,214,192,0,24,10,4,0,0,0,4,0,0,0,234,224,97,8,0,0,242,0,0,224,233,0,0,0,0,238,0,231,229,0,227,226,236,0,0,0,120,232,219,4,0,0,230,233,0,7,223,223,190,0,0,236,0,235,242,238,242,221,0,235,246,226,245,238,228,0,0,68,222,233,238,246,251,0,168,201,6
0,0,0,0,0,0,0,183,111,0,0,64,0,86,76,0,61,0,0,0,89,59,34,0,160,153,0,0,0,0,0,0,0,0,170,81,12,0,0,0,54,0,0,74,173,0,0,0,0,54,0,54,19,0,84,155,44,0,0,0,116,121,0,0,0,0,155,89,0,0,173,54,0,0,0,47,0,54,71,61,89,0,0,123,0,0,59,96,108,0,0,0,0,94,39,0,39,0,0,4,1
0,0,0,0,0,0,0,0,0,0,0,0,0,0,0,0,0,1,121,0,0,128,0,0,0,144,151,181,0,0,0,0,147,0,121,90,221,198,182,0,0,178,49,1,128,1,0,192,51,0,175,113,148,4,126,156,220,217,171,0,161,92,190,174,209,183,144,173,157,157,133,220,202,193,158,183,0,215,73,46,0,36,0,0,0,0,0,0,0,0,0,0,0,0,0,0,0,0,0,0,9
0,0,0,0,0,0,0,0,0,0,0,0,0,0,0,0,0,0,0,0,0,52,110,34,0,49,250,155,0,0,0,0,207,0,221,204,214,218,155,0,0,191,0,0,217,1,0,196,0,28,197,96,170,169,155,208,216,200,237,0,11,222,211,219,66,194,167,207,197,211,201,249,182,175,64,213,3,112,0,0,0,0,0,0,0,0,0,0,0,0,0,0,0,0,0,0,0,0,0,0,9
0,0,0,0,0,0,0,0,0,0,0,0,0,0,0,0,0,0,0,113,75,155,172,118,197,233,116,181,0,179,209,2,14,2,228,243,135,220,116,3,239,207,216,171,196,0,149,107,189,150,197,149,137,152,148,188,139,144,193,0,162,154,178,222,238,171,196,167,195,172,191,184,215,175,214,187,138,253,84,87,79,132,0,0,0,0,0,0,0,0,0,0,0,0,0,0,0,0,0,0,8
0,0,0,0,0,0,0,0,204,0,0,111,0,100,16,0,84,0,0,0,114,61,0,0,0,235,0,0,0,0,0,0,0,0,122,91,0,0,0,0,79,0,0,46,238,0,0,0,0,152,0,95,53,0,160,220,239,0,0,0,0,64,9,0,0,0,75,84,0,0,114,192,0,0,0,174,0,200,133,87,53,9,0,255,0,0,112,161,95,0,0,0,0,211,153,127,193,0,39,0,3
0,0,0,0,0,0,0,0,62,0,0,182,0,183,179,0,209,0,0,0,194,230,204,0,0,205,0,0,0,0,0,0,0,0,155,0,196,0,0,0,193,0,0,197,211,0,0,0,0,203,0,204,215,11,204,201,0,203,0,0,243,207,186,0,0,0,201,209,0,0,198,1,0,0,0,213,0,216,214,215,206,0,0,205,4,194,217,209,217,0,0,0,191,206,19,237,20,0,135,10,3
0,0,0,0,0,0,0,0,190,0,0,189,0,168,147,0,184,0,0,0,167,67,76,0,0,222,0,0,0,0,0,0,0,0,172,81,40,0,0,0,130,0,0,147,184,0,0,0,0,114,0,122,195,0,163,87,87,0,0,0,0,163,2,0,0,0,0,170,0,0,0,124,0,0,0,201,0,200,203,191,193,0,0,29,0,0,189,201,212,0,0,0,0,208,41,223,51,0,97,9,1
0,0,0,0,0,0,0,75,198,0,0,187,0,203,212,0,187,210,0,198,192,194,195,198,196,195,195,0,0,211,203,0,102,0,194,196,202,227,0,0,195,136,0,197,194,0,1,1,0,191,0,189,194,0,197,192,191,69,0,0,64,198,199,3,0,0,199,197,0,3,202,196,94,0,0,194,0,193,195,194,195,194,0,193,171,177,190,191,192,0,0,0,182,188,185,215,197,0,140,128,0
0,0,1,0,0,0,0,3,0,0,0,123,0,195,191,0,0,3,0,0,115,0,216,0,43,10,20,0,1,164,183,0,178,0,180,188,216,172,151,0,189,209,80,202,201,0,199,210,102,200,102,207,208,180,199,210,212,211,200,0,199,199,212,212,127,0,203,199,212,211,203,215,216,213,161,211,0,212,213,213,215,218,252,223,215,237,223,216,213,217,0,208,220,229,204,18,0,11,0,0,8
0,0,0,0,0,0,0,229,218,0,0,221,0,215,220,0,212,0,0,0,216,235,0,0,2,219,0,0,0,0,0,0,0,0,217,236,0,0,0,0,16,0,0,231,219,0,0,0,0,202,0,209,228,0,224,216,238,0,0,0,0,225,141,0,0,0,16,224,0,0,29,234,0,0,0,232,0,227,201,184,204,175,0,177,0,0,196,187,196,0,0,0,0,201,203,194,171,0,155,0,3
0,0,0,0,0,0,0,147,182,4,0,133,0,133,135,0,119,71,0,99,110,121,137,111,134,113,156,0,0,182,154,0,0,0,137,136,134,128,0,0,125,30,0,140,119,0,155,53,0,128,0,113,150,158,126,137,124,132,0,0,116,118,132,141,0,0,160,127,143,136,150,127,147,87,0,182,0,141,88,161,95,83,0,223,255,170,141,168,135,0,0,171,210,120,181,0,0,0,2,2,2
0,0,0,0,0,0,0,140,120,0,0,114,0,112,110,0,138,0,0,0,158,122,255,132,217,140,152,0,0,0,27,0,0,0,136,146,124,21,0,0,132,0,0,158,146,0,3,5,0,142,0,152,148,13,160,154,144,35,0,0,23,160,148,47,0,0,158,164,37,59,144,138,9,0,0,156,0,162,154,154,158,170,0,150,29,0,160,158,158,0,0,1,15,152,140,168,132,0,170,156,3
0,0,0,0,0,0,0,123,71,0,0,222,0,221,253,0,219,0,0,0,223,212,224,29,255,219,19,0,0,0,0,0,0,0,226,198,148,36,0,0,144,0,0,191,254,0,0,0,0,114,0,138,223,0,159,229,129,156,0,0,152,168,193,0,0,0,188,155,0,0,196,123,98,0,0,252,0,248,137,252,206,226,0,181,79,108,216,233,240,0,0,0,105,232,213,76,222,0,0,144,1
0,0,0,0,0,0,0,89,74,0,0,70,0,48,38,0,123,2,0,2,85,22,74,0,119,46,0,0,0,4,0,0,0,0,12,56,60,0,0,0,76,0,0,48,58,0,2,0,0,78,0,91,64,70,70,70,46,12,0,0,89,68,58,2,0,0,76,68,0,0,80,54,56,0,0,80,0,85,76,91,60,54,0,76,60,54,78,72,52,0,0,202,170,228,182,246,234,0,153,64,0
0,0,0,0,0,0,0,0,185,0,0,171,0,0,6,0,3,0,0,190,0,0,0,181,2,3,0,0,190,0,0,0,109,0,143,134,91,88,66,22,121,138,153,130,112,226,120,102,194,175,122,176,181,184,144,190,206,194,166,19,209,182,132,186,201,230,220,211,197,186,181,172,208,191,192,175,0,179,205,210,188,193,192,211,184,196,209,214,196,24,1,183,183,176,171,244,232,12,86,82,8
0,0,0,0,0,0,0,0,0,0,0,0,0,0,0,0,205,11,0,0,0,175,197,210,0,156,168,26,0,0,0,0,196,0,170,176,163,170,185,0,0,164,215,121,193,0,0,224,200,30,174,120,142,0,81,156,167,177,192,0,100,106,172,181,161,0,95,142,161,185,121,202,196,192,82,152,135,162,146,146,0,0,192,214,252,139,99,53,0,0,0,0,0,0,0,0,0,0,0,0,9
0,0,0,0,0,0,0,0,0,0,0,0,0,0,0,0,0,3,0,0,0,203,208,0,0,0,167,0,0,0,0,0,223,0,227,207,222,236,162,0,0,232,0,0,226,0,0,202,0,0,215,36,203,0,175,239,226,235,234,0,192,205,216,219,178,0,199,221,227,219,200,236,242,229,190,235,107,199,184,185,183,187,157,227,241,131,145,148,114,0,0,0,0,0,0,0,0,0,0,0,7
0,0,0,0,0,0,0,1,0,0,0,3,0,64,0,0,0,0,0,0,2,20,0,0,0,0,0,0,0,3,7,0,0,0,0,0,100,60,0,0,73,142,0,180,176,0,197,201,30,200,241,193,202,197,200,206,204,202,231,0,197,201,202,201,204,181,202,207,209,206,209,210,205,214,207,30,0,0,215,0,209,208,227,209,214,208,214,216,208,193,0,207,209,209,205,230,232,219,221,208,8
0,0,0,0,0,0,0,0,192,3,0,197,0,217,212,0,183,0,0,0,173,188,162,150,171,162,176,0,0,0,192,0,1,0,135,116,220,121,0,0,127,16,0,127,121,0,138,65,0,129,0,139,113,151,136,104,121,174,0,0,124,132,86,159,0,0,119,129,207,151,153,133,106,151,0,109,0,110,139,109,136,160,0,142,104,186,121,132,121,0,0,119,244,157,156,115,75,0,0,0,4
0,0,0,0,0,0,0,0,0,0,0,0,0,0,0,0,0,0,0,0,0,0,0,0,0,40,0,0,0,0,0,0,44,14,125,115,0,0,0,0,0,100,0,85,49,0,0,83,14,111,131,83,83,79,88,116,115,123,31,56,109,145,12,5,56,143,46,35,0,0,24,67,100,161,0,237,0,0,0,0,0,0,0,0,0,0,0,0,0,0,0,0,0,0,0,0,0,0,0,0,7
0,0,0,0,0,0,0,0,0,0,0,0,0,1,1,0,0,24,0,39,23,31,24,52,74,71,68,142,0,133,75,117,88,44,97,98,101,102,122,80,101,102,237,98,97,103,82,97,241,101,71,101,99,93,102,99,97,99,76,0,84,93,90,90,84,0,208,183,162,147,226,121,119,113,134,224,0,180,223,207,137,125,0,139,0,0,0,0,0,0,0,0,0,0,0,0,0,0,0,0,8
0,0,0,0,0,0,0,94,86,0,0,115,0,89,121,0,0,0,0,0,125,26,114,1,130,128,6,0,0,0,5,0,0,0,145,144,92,50,0,0,255,0,0,199,188,0,0,0,0,254,0,252,225,107,205,231,233,103,0,0,205,221,215,0,0,0,229,236,82,0,227,233,125,0,0,233,0,235,240,238,231,255,0,237,37,246,239,237,238,0,0,0,255,239,239,255,218,0,114,0,3
0,0,0,0,0,0,0,248,229,0,0,226,0,226,227,0,228,0,0,0,203,186,141,0,93,107,0,0,0,0,0,0,0,0,127,140,65,0,0,0,132,0,0,145,227,0,0,0,0,131,0,135,165,0,154,167,100,0,0,0,0,145,0,0,0,0,72,150,0,0,75,62,0,0,0,51,0,42,158,45,130,0,0,151,0,0,153,20,139,0,0,0,0,14,15,0,24,0,0,0,1
0,0,0,0,0,0,0,0,0,0,0,0,0,0,0,0,0,0,0,0,0,0,0,0,0,0,0,0,0,0,0,0,10,0,138,159,0,0,157,0,30,237,203,86,150,0,0,70,160,147,144,122,132,129,125,116,132,142,94,50,141,129,179,178,148,60,170,193,138,140,86,94,97,104,0,103,0,0,0,0,0,0,0,0,0,0,0,0,0,0,0,0,0,0,0,0,0,0,0,0,7
0,0,0,0,0,0,0,32,224,0,0,176,0,211,250,0,210,0,0,0,91,210,219,146,123,92,110,0,0,47,168,0,0,0,186,225,238,117,0,0,130,0,0,128,118,0,147,4,0,131,0,131,128,158,125,126,104,182,0,0,145,127,96,227,0,0,147,131,219,220,187,129,199,112,0,134,0,123,124,129,130,110,0,123,45,122,132,134,135,0,0,225,93,139,133,0,0,0,0,0,4
0,0,0,0,0,0,0,7,244,0,0,233,0,234,242,0,230,0,0,0,229,232,230,212,222,230,247,0,0,86,241,0,0,0,235,238,0,0,0,0,225,0,0,221,232,0,0,0,0,220,0,223,225,2,228,231,143,2,0,0,231,229,0,0,0,0,224,229,1,0,227,221,0,0,0,228,0,228,233,228,229,132,0,233,0,233,235,225,235,0,0,45,229,225,242,232,248,0,227,178,0
0,0,0,0,0,0,0,0,0,0,0,0,0,0,0,0,0,0,0,0,0,0,0,0,0,0,0,0,0,0,0,0,0,0,215,215,0,0,255,0,62,33,207,227,221,0,40,216,255,236,222,228,221,221,223,229,244,242,236,1,241,241,196,185,89,39,124,101,5,0,0,17,16,17,0,0,0,0,0,0,0,0,0,0,0,0,0,0,0,0,0,0,0,0,0,0,0,0,0,0,7
0,56,44,0,130,0,70,0,0,77,0,0,0,0,0,0,0,99,0,80,0,0,96,161,0,0,181,0,38,77,78,0,100,0,75,75,70,74,42,0,86,72,0,83,93,0,82,70,0,92,84,97,92,97,93,98,101,95,92,0,96,80,85,114,0,0,114,102,108,131,119,117,121,122,136,123,0,75,157,160,170,174,5,253,251,222,216,216,220,0,0,221,217,211,220,255,255,129,69,37,0
0,0,2,0,0,0,0,150,135,1,0,148,0,146,143,0,145,44,0,68,149,145,158,180,215,164,181,0,0,142,187,0,0,0,168,171,104,192,0,0,173,11,0,167,168,0,185,65,0,157,0,157,164,54,166,169,190,40,0,0,143,166,151,193,0,0,179,167,244,200,167,161,34,123,0,171,0,158,178,182,172,223,0,71,0,0,0,0,0,0,0,139,3,1,2,0,0,0,0,0,2
0,0,0,0,0,0,0,0,166,0,0,241,0,221,222,0,212,0,0,20,193,206,204,212,191,196,223,0,0,113,217,0,0,0,206,180,210,207,0,0,194,0,0,240,211,0,252,49,0,229,0,217,217,233,224,218,195,240,0,0,209,218,202,243,0,0,213,209,228,238,207,204,249,136,0,204,0,193,190,206,181,167,0,224,170,131,216,199,222,0,0,228,0,26,52,0,0,0,1,4,4
0,0,0,0,0,0,0,198,234,0,0,166,0,121,136,0,150,51,0,0,114,150,142,145,112,138,156,0,0,21,136,0,0,0,114,132,130,148,0,0,89,12,0,113,118,0,96,41,0,119,0,120,128,182,99,120,120,202,0,0,179,105,134,164,0,0,93,111,198,159,96,119,199,68,0,113,0,109,109,115,118,120,0,108,96,10,109,114,130,0,0,4,30,135,122,147,121,0,145,121,4
0,0,0,0,0,0,0,0,0,0,0,0,0,0,0,0,0,0,0,0,0,0,0,0,0,0,0,0,0,0,0,0,0,0,73,0,0,0,11,0,0,0,196,176,100,0,0,122,141,47,88,82,89,78,89,113,117,119,77,66,18,11,20,18,38,44,86,95,99,55,31,22,18,33,0,0,0,0,0,0,0,0,0,0,0,0,0,0,0,0,0,0,0,0,0,0,0,0,0,0,7
0,0,0,0,0,0,0,0,232,0,0,214,0,223,228,0,227,0,0,0,228,216,95,0,0,231,0,0,0,0,0,0,0,0,229,222,7,0,0,0,221,0,0,218,255,0,0,0,0,219,0,217,129,0,254,254,213,0,0,0,125,241,0,0,0,0,254,235,0,0,253,239,0,0,0,254,0,255,220,255,235,0,0,253,0,0,231,242,253,0,0,0,0,242,212,239,235,0,63,56,1
7,0,0,0,0,0,0,115,158,0,0,127,0,110,155,0,118,160,0,108,125,113,129,146,113,103,153,0,0,103,165,0,68,0,120,125,134,217,0,0,115,151,0,122,118,0,144,134,0,118,54,120,127,61,125,122,127,49,106,0,155,125,172,198,11,49,118,127,212,214,122,134,99,165,172,129,0,129,127,132,129,144,0,129,203,127,132,139,134,0,0,7,132,132,122,134,170,0,127,37,6
0,0,0,0,0,0,0,235,227,0,0,236,0,238,237,0,236,228,0,0,237,226,49,255,251,238,255,0,0,0,203,0,0,0,238,231,201,255,0,0,255,168,0,236,238,0,0,166,0,239,0,239,240,246,239,241,238,240,0,0,239,237,240,247,0,0,244,239,202,255,247,238,255,71,0,238,0,239,241,241,243,235,0,238,255,68,241,241,245,0,0,6,33,241,239,252,255,0,225,178,3
0,0,0,0,0,0,0,0,0,0,0,0,0,1,0,0,169,14,85,0,1,221,181,222,0,210,212,118,0,0,0,0,227,0,209,227,204,210,90,0,0,211,0,0,206,0,0,198,27,68,217,162,80,157,99,222,190,208,194,0,108,234,213,198,165,196,242,227,229,228,237,233,225,201,214,208,0,230,125,120,130,101,1,0,0,0,0,0,0,0,0,0,0,0,0,0,0,0,0,0,9
0,0,0,0,0,0,0,0,0,0,0,0,0,157,108,0,0,1,0,0,0,130,0,3,0,0,0,0,0,0,59,0,7,0,152,155,128,166,0,0,173,18,4,142,160,1,206,212,0,132,141,171,170,241,255,255,255,255,0,0,231,233,237,231,0,242,239,239,238,240,241,238,236,227,106,240,140,243,242,244,240,243,100,245,239,200,236,255,255,0,0,177,171,77,3,0,0,0,0,0,8
0,0,0,0,0,0,0,142,110,0,0,139,0,149,153,0,126,158,0,168,144,141,144,165,151,142,156,0,0,174,167,0,163,0,168,155,169,180,6,0,154,0,0,170,163,0,0,2,0,157,0,151,175,168,167,167,147,196,0,0,149,166,122,0,0,0,175,181,121,0,180,165,154,0,2,188,0,173,173,181,212,149,0,158,126,160,183,188,215,0,0,168,160,176,197,209,214,1,56,67,0
0,0,0,0,0,0,0,0,0,0,0,0,0,0,0,0,0,0,0,0,0,0,0,0,0,0,0,0,0,0,0,0,0,0,127,193,0,0,184,0,0,190,115,0,0,0,0,15,0,0,2,123,0,196,55,0,217,255,0,0,196,205,162,7,23,20,210,214,22,43,47,34,53,41,7,28,0,0,0,0,0,0,0,0,0,0,0,0,0,0,0,0,0,0,0,0,0,0,0,0,5
0,0,0,0,0,0,0,189,191,0,0,80,0,90,138,0,1,135,0,139,60,49,0,154,199,84,136,0,0,0,0,0,0,0,15,0,0,137,0,0,72,33,0,100,169,0,0,1,0,177,0,167,199,0,208,86,114,39,0,0,173,188,92,1,0,0,134,200,0,2,90,106,161,0,0,33,0,98,206,84,62,84,0,171,120,156,161,181,198,0,0,0,190,171,119,45,59,0,79,86,0
0,0,0,0,0,0,0,0,0,0,0,0,0,177,64,0,151,0,0,0,17,154,6,0,0,0,0,0,0,0,0,0,0,0,0,193,0,0,0,0,197,0,0,159,181,0,228,231,0,207,169,208,192,210,209,208,213,211,219,77,211,204,200,200,4,133,206,204,203,201,205,202,202,204,227,204,0,204,210,204,200,204,1,239,247,99,0,19,30,6,0,0,0,0,0,0,0,0,0,0,8
0,0,0,0,81,0,96,73,72,64,90,64,0,66,72,0,66,110,0,99,62,70,75,96,73,85,97,48,77,114,92,1,68,0,73,60,85,110,64,51,77,68,142,59,101,99,160,72,107,64,103,79,149,68,75,81,79,90,123,11,66,20,44,179,66,101,22,145,38,133,48,51,155,195,53,49,64,171,112,133,116,57,81,110,96,42,73,55,77,12,0,70,66,70,70,62,57,0,0,0,6
0,0,0,0,0,0,0,60,169,0,0,175,0,60,216,0,204,130,0,55,155,126,116,109,50,35,76,0,91,92,46,0,138,0,136,141,125,175,144,0,178,183,0,97,81,0,112,0,0,117,1,177,173,177,145,149,150,158,0,0,165,169,154,0,0,0,50,51,38,0,52,40,64,1,0,159,0,153,167,167,165,150,0,133,140,46,42,44,42,0,0,91,89,101,88,199,200,0,77,76,0
0,0,0,0,0,0,0,142,193,0,0,158,0,133,168,0,181,0,0,0,193,232,217,70,220,220,147,0,0,0,145,0,0,0,209,205,206,197,0,0,231,0,0,213,225,0,97,0,0,226,0,223,237,236,226,229,203,210,0,0,252,220,251,236,0,0,228,218,207,246,211,152,249,38,0,246,0,246,221,250,225,184,0,231,243,229,228,243,206,0,0,235,242,236,215,237,255,0,122,30,4
0,0,0,0,0,0,0,255,217,0,0,219,0,241,245,0,222,36,0,149,225,224,224,255,222,220,255,0,0,226,244,0,0,0,221,225,243,221,0,0,220,45,0,223,224,0,255,147,0,223,0,223,225,244,224,226,224,243,0,0,222,225,218,228,0,0,224,224,231,231,226,229,234,255,0,214,0,255,137,138,170,131,0,0,0,0,4,4,0,0,0,206,0,0,0,0,0,0,0,0,6
0,0,0,0,0,0,0,0,0,0,0,0,0,0,0,0,0,0,0,0,0,0,0,0,0,0,0,0,0,0,0,0,103,0,100,240,0,0,177,0,0,205,45,37,139,0,0,51,74,78,102,87,115,58,83,126,62,62,95,68,78,94,10,79,30,78,64,32,0,0,13,30,31,58,0,62,0,0,0,0,0,0,0,0,0,0,0,0,0,0,0,0,0,0,0,0,0,0,0,0,7
0,0,0,0,0,0,0,113,222,0,0,192,0,170,193,0,167,0,0,0,192,216,140,180,100,205,202,0,0,26,183,0,0,0,206,188,205,191,0,0,193,218,3,149,131,0,159,201,0,214,0,209,175,218,164,136,198,208,85,0,134,136,199,236,0,0,194,176,219,235,205,172,139,156,228,179,0,196,205,160,188,212,119,190,183,197,149,156,185,128,0,3,134,156,153,236,177,0,133,168,4
0,0,0,0,0,0,0,14,224,0,0,120,0,240,143,0,160,1,0,0,255,224,60,0,146,193,0,0,0,0,0,0,0,0,169,252,201,60,0,0,0,0,0,255,226,0,0,0,0,137,0,183,105,164,210,223,190,133,0,0,0,225,105,0,0,0,20,231,0,2,59,209,0,0,0,215,0,222,201,220,179,198,0,227,0,0,189,231,229,0,0,0,0,222,203,225,222,0,102,132,3
0,0,0,0,0,0,0,38,26,1,0,20,0,38,35,0,23,25,0,103,30,24,10,24,55,29,47,0,0,49,70,0,12,0,29,29,8,75,0,0,58,15,0,58,35,0,41,21,0,87,0,82,61,28,67,39,20,8,0,0,98,67,11,85,0,0,114,67,0,80,107,38,15,48,62,69,0,66,67,65,38,30,0,65,33,92,70,69,64,0,0,17,76,70,52,94,75,15,35,26,2
0,0,0,0,0,0,0,159,166,0,0,152,0,166,164,0,152,0,0,0,160,141,151,0,162,162,0,0,0,0,0,0,0,0,163,152,153,0,0,0,146,0,0,145,250,0,0,0,0,149,0,144,191,0,163,196,149,0,0,0,155,178,135,0,0,0,173,175,0,0,171,165,0,0,0,122,0,104,206,89,152,138,0,166,0,133,178,66,193,0,0,0,129,35,180,0,185,0,0,112,1
0,0,0,0,0,0,0,0,0,0,0,0,0,0,0,0,171,141,0,0,232,210,197,226,200,185,217,0,0,0,206,0,0,0,198,201,205,216,0,0,202,32,0,197,201,0,0,48,0,206,0,207,198,211,200,197,202,215,0,0,211,202,201,246,0,0,198,206,202,245,201,200,213,116,0,206,0,208,210,212,208,201,0,206,228,178,148,210,183,0,0,206,168,177,171,197,193,0,150,98,0
0,0,0,0,0,0,1,205,208,220,7,214,0,213,207,0,210,198,0,201,210,210,213,206,205,204,216,0,0,200,225,0,235,0,204,204,229,109,0,0,203,218,0,204,205,0,238,224,0,203,55,202,208,0,205,208,200,129,106,0,254,206,240,166,0,0,200,206,0,119,194,209,222,255,30,208,0,207,214,207,205,212,0,207,254,212,217,206,204,0,0,0,207,200,203,220,246,0,176,123,0
0,0,0,0,0,0,0,181,184,0,0,179,0,178,177,0,178,109,0,85,183,183,188,215,199,194,214,0,0,146,215,0,0,0,202,198,192,211,0,0,195,85,0,200,191,0,193,126,0,199,0,200,204,189,207,193,208,167,0,0,189,206,194,229,0,0,194,207,239,219,197,222,193,189,0,212,0,213,214,212,191,238,0,210,131,213,222,214,201,0,0,0,242,208,192,223,196,0,179,155,2
0,0,0,0,0,0,0,0,0,0,0,0,0,44,34,0,74,55,29,42,85,9,2,24,28,23,30,85,34,38,39,0,38,15,33,30,28,39,35,0,35,30,92,38,34,200,56,46,94,40,66,48,39,64,40,34,36,38,175,0,56,36,33,42,25,44,42,40,52,53,81,3,2,64,0,151,6,209,194,214,0,0,0,173,0,0,0,0,0,0,0,0,0,0,0,0,0,0,0,0,8
0,0,0,0,0,0,0,0,18,0,0,38,0,2,142,0,162,0,0,0,130,38,0,0,0,110,0,0,0,0,0,0,0,0,112,146,0,0,0,0,0,0,0,128,135,0,0,0,0,0,0,0,128,0,162,128,24,0,0,0,0,164,0,0,0,0,0,176,0,0,0,65,0,0,0,139,0,144,200,142,198,0,0,85,0,0,207,153,135,0,0,0,0,164,200,191,245,0,153,0,3
0,0,0,0,1,0,0,24,0,0,0,14,0,214,184,0,160,182,0,186,161,160,160,199,184,151,192,0,0,198,187,0,217,0,168,175,176,206,37,0,201,160,0,201,171,0,218,182,0,155,109,173,165,189,152,174,212,219,158,0,176,204,166,233,2,11,165,147,178,236,182,203,163,170,196,197,0,195,188,180,152,167,153,183,194,195,195,180,129,0,0,145,142,197,220,183,222,0,138,138,6
0,0,0,0,0,0,0,0,0,0,0,0,0,0,0,0,0,102,0,0,0,255,208,224,0,132,172,250,0,0,0,0,195,91,225,195,149,191,190,0,0,199,230,241,193,0,4,194,222,174,198,205,167,144,178,195,207,231,49,0,183,178,185,65,31,109,196,213,17,13,211,25,20,16,93,65,35,0,33,38,6,0,28,33,0,0,0,0,0,0,0,0,0,0,0,0,0,0,0,0,7
0,0,1,0,0,0,0,89,106,0,0,118,0,120,138,0,99,0,0,0,108,179,111,130,128,104,136,0,0,24,153,0,0,0,124,122,135,169,0,0,118,0,0,125,125,0,93,0,0,121,0,123,120,177,128,131,93,174,0,0,172,128,209,139,0,0,82,124,96,138,86,81,214,52,0,138,0,113,135,123,139,114,0,74,161,0,0,69,0,0,0,0,0,71,1,28,0,0,11,0,4
0,0,0,0,0,0,0,0,0,0,0,0,0,0,0,0,0,0,0,0,0,0,0,0,0,0,0,0,0,0,0,0,0,0,68,96,0,0,0,0,10,0,41,186,106,0,3,175,141,72,141,120,155,96,103,137,155,148,155,75,151,151,168,168,186,158,199,196,196,203,144,117,120,134,0,0,0,0,0,0,0,0,0,0,0,0,0,0,0,0,0,0,0,0,0,0,0,0,0,0,7
0,0,0,0,0,0,0,51,168,0,0,168,0,183,201,0,154,187,0,65,168,166,168,168,191,183,195,0,0,84,220,0,0,0,168,176,148,197,0,0,203,67,0,195,197,0,125,74,0,201,0,187,187,220,199,189,187,63,0,0,24,164,141,199,0,0,178,183,211,205,197,174,127,102,0,187,0,193,189,193,193,180,0,185,168,156,195,201,180,0,0,199,185,201,189,191,193,0,180,158,6
0,0,0,0,0,0,0,0,0,0,0,66,0,0,4,0,192,249,0,0,3,210,244,201,0,210,213,33,0,0,0,0,210,0,187,212,211,216,240,0,0,215,140,0,184,0,0,187,248,0,218,0,208,2,228,203,209,215,204,0,0,201,230,207,207,0,149,185,198,202,149,205,215,109,128,222,51,218,216,209,0,6,6,210,0,90,132,102,1,0,0,0,0,0,0,0,0,0,0,0,9
0,0,0,0,0,0,0,148,142,1,0,112,0,135,136,0,131,143,0,93,134,126,131,122,166,133,174,0,0,1,0,0,0,0,128,123,46,4,0,0,150,0,0,129,123,0,0,0,0,108,0,86,69,0,80,52,31,0,0,0,25,80,23,1,0,0,127,84,0,0,112,35,8,0,0,81,0,81,86,85,59,42,0,94,36,153,84,81,43,0,0,0,119,80,47,80,52,0,67,63,0
0,0,0,0,0,0,0,0,0,151,0,0,0,4,0,0,195,196,0,0,0,64,171,29,0,0,0,55,0,0,0,0,229,42,0,0,0,212,178,0,0,167,193,0,0,0,0,225,241,0,250,1,4,0,0,0,181,0,138,0,186,63,0,255,230,3,162,228,89,255,140,0,0,171,0,216,87,200,151,222,0,0,225,222,14,145,192,255,0,234,0,64,139,66,1,0,0,0,0,0,5
0,0,0,0,0,36,0,0,0,47,17,146,0,2,0,0,129,161,0,0,0,138,161,27,0,112,255,4,0,0,0,0,140,0,128,116,134,129,136,0,0,143,70,0,116,0,0,126,120,0,102,0,103,1,120,115,144,134,125,1,0,101,152,115,184,0,90,95,158,163,81,172,180,184,76,132,48,132,126,138,193,0,136,126,0,135,143,165,0,123,0,191,188,197,0,62,0,0,0,0,9
0,0,0,0,0,0,0,9,234,0,0,222,0,216,211,0,219,0,0,0,222,216,186,0,248,231,0,0,0,0,0,0,0,0,255,0,251,0,0,0,146,0,0,243,215,0,0,0,0,255,0,239,226,0,225,226,107,3,0,0,0,227,0,0,0,0,226,229,0,0,233,208,0,0,0,223,0,222,245,222,236,0,0,231,0,146,252,226,239,0,0,0,169,228,243,255,235,0,128,0,3
0,0,0,0,1,0,0,2,196,0,0,66,0,35,24,0,0,248,0,248,79,21,40,203,78,28,230,0,0,233,240,0,0,0,3,0,19,244,0,0,186,198,0,248,92,0,225,236,0,220,0,223,228,0,221,76,198,0,0,0,255,242,159,242,0,0,192,185,193,246,0,213,0,230,135,32,0,0,170,168,230,133,0,254,0,100,169,174,201,0,0,0,0,0,0,0,7,56,0,0,2
0,0,0,0,0,0,0,0,142,0,0,191,0,206,190,0,187,0,0,0,188,194,27,0,0,233,0,0,0,0,0,0,0,0,229,107,48,0,0,0,56,0,0,76,48,0,0,0,0,45,0,51,138,0,172,0,58,0,0,0,56,170,69,0,0,0,116,158,0,0,85,76,0,0,0,220,0,194,187,206,228,128,0,189,0,0,215,214,169,0,0,0,1,214,214,231,229,0,128,197,1
0,0,0,0,0,0,0,0,0,0,0,0,0,0,0,0,44,174,60,0,0,250,231,234,0,0,223,69,0,0,0,0,218,0,133,237,230,227,195,0,0,211,0,0,18,0,0,219,0,0,126,2,0,4,13,189,230,231,160,0,0,148,229,175,0,0,72,112,173,179,168,227,222,200,105,212,101,221,203,193,178,188,153,189,197,177,188,176,151,0,0,0,0,0,0,0,0,0,0,0,9
0,0,0,0,0,0,0,0,0,0,0,0,0,0,0,0,0,0,0,0,0,0,0,0,0,0,0,0,0,0,0,0,3,0,170,193,0,0,17,0,54,0,230,160,231,0,0,235,219,222,197,209,251,180,193,202,196,214,222,10,204,195,216,215,211,0,197,196,196,197,109,78,59,31,0,0,0,0,0,0,0,0,0,0,0,0,0,0,0,0,0,0,0,0,0,0,0,0,0,0,7
0,0,0,0,0,0,0,0,122,0,0,194,0,0,0,0,0,0,0,0,5,105,0,2,20,0,0,0,45,0,0,0,159,0,223,215,191,164,161,0,227,91,0,216,215,180,114,35,24,238,154,172,216,205,212,221,198,213,0,0,213,191,203,216,0,0,209,233,114,125,241,239,252,75,74,229,0,231,231,238,233,236,0,241,233,226,228,229,250,0,0,247,243,247,126,87,0,0,0,1,8
0,0,0,0,0,0,1,0,199,0,0,6,0,0,0,1,1,149,1,153,0,0,0,0,0,33,40,223,64,232,245,3,229,48,220,228,225,235,213,0,206,214,176,229,231,53,236,227,244,220,202,222,225,232,225,230,229,230,205,174,238,232,236,227,209,255,236,227,230,228,227,227,221,216,255,230,92,236,227,230,229,220,220,228,202,236,228,223,221,204,5,218,221,227,223,255,255,139,0,5,8
0,0,0,0,0,0,0,174,207,0,0,159,0,139,187,0,255,0,0,0,144,171,198,193,188,202,195,0,0,0,179,0,0,0,172,175,193,177,0,0,179,0,0,183,174,0,92,54,0,218,0,209,181,226,176,180,187,131,0,0,38,185,168,184,0,0,207,182,239,184,223,187,54,136,0,198,0,179,181,181,178,195,0,194,156,185,187,185,190,0,0,210,172,203,203,176,173,0,0,0,4
0,0,0,0,0,0,0,0,212,0,0,205,0,194,208,0,215,0,0,0,191,197,113,0,0,251,0,0,0,0,0,0,0,0,199,166,92,0,0,0,232,0,0,165,218,0,0,0,0,97,0,55,147,0,199,147,132,0,0,0,0,177,0,0,0,0,0,196,0,0,0,193,0,0,0,211,0,217,228,220,218,0,0,26,0,0,210,229,194,0,0,0,0,229,133,26,63,0,1,9,1
0,0,0,0,0,0,0,0,0,0,0,0,0,0,0,0,0,0,0,0,0,0,0,0,0,0,0,0,0,0,0,0,0,0,0,0,0,0,0,0,80,0,0,70,231,0,184,0,1,0,0,10,18,13,3,1,80,110,174,52,184,192,174,172,78,0,53,48,0,0,0,0,0,0,0,0,0,0,0,0,0,0,0,0,0,0,0,0,0,0,0,0,0,0,0,0,0,0,0,0,5
0,0,0,0,0,0,0,0,243,0,0,58,0,219,214,0,219,1,0,0,212,210,0,0,0,209,0,0,0,0,0,0,0,0,204,213,0,0,0,0,217,0,0,198,212,0,0,0,0,201,0,198,208,0,227,210,216,0,0,0,217,231,234,2,0,0,202,231,0,3,193,216,180,0,0,207,0,208,232,208,217,209,0,241,217,226,226,209,211,0,0,185,233,211,233,191,252,0,0,0,3
0,0,0,0,0,0,0,101,198,0,0,185,0,200,183,0,156,0,0,0,195,199,173,173,183,150,189,0,0,0,177,0,0,0,180,179,187,186,0,0,181,0,0,177,176,0,100,33,0,213,0,227,180,221,182,173,222,103,0,0,0,170,34,181,0,0,131,172,221,180,172,202,71,106,0,181,0,179,192,176,186,181,0,172,59,122,187,188,184,0,0,237,130,178,174,212,202,0,99,105,2
0,0,0,0,0,0,0,71,146,0,0,114,0,113,116,0,106,130,0,58,109,106,102,128,133,108,162,0,0,99,114,0,0,0,112,112,113,116,0,0,119,162,0,114,113,0,154,150,0,121,0,119,116,213,112,117,124,161,0,0,145,110,111,109,0,0,103,115,212,100,106,112,105,124,0,128,0,128,131,136,162,125,0,122,86,62,162,148,151,0,0,189,0,42,49,0,0,0,0,2,4
0,0,0,0,0,0,0,182,0,0,0,255,0,221,245,0,227,0,0,0,240,228,221,245,215,255,242,0,0,0,190,0,0,0,221,215,215,226,0,0,220,0,0,213,223,0,74,35,0,219,0,218,223,223,213,225,225,230,0,0,223,216,222,252,0,0,218,211,234,252,217,218,225,132,0,227,0,230,203,234,214,216,0,203,215,215,204,237,234,0,0,223,214,227,208,234,233,0,217,168,4
0,0,0,0,0,0,0,0,0,0,0,0,0,0,0,0,24,15,0,0,0,64,125,135,0,24,88,0,0,0,0,0,88,0,85,88,184,94,147,0,0,186,16,1,120,0,0,174,29,3,143,0,78,1,53,164,178,160,163,0,0,66,164,140,147,0,80,43,161,159,70,161,255,174,77,111,44,155,146,154,217,221,124,199,182,161,136,97,0,68,0,0,0,0,0,0,0,0,0,0,9
0,0,0,0,0,0,0,114,178,0,0,180,0,212,209,0,202,0,0,0,217,213,0,0,0,213,0,0,0,0,0,0,0,0,120,171,0,0,0,0,156,0,0,147,244,0,0,0,0,178,0,184,212,0,161,180,62,0,0,0,0,161,0,0,0,0,51,158,0,0,43,40,0,0,0,141,0,122,215,109,187,0,0,207,0,0,213,108,216,0,0,0,0,109,1,0,18,0,0,0,1
0,0,2,0,0,0,0,130,102,0,0,126,0,72,65,0,77,26,0,0,69,75,76,100,99,97,96,0,0,7,114,0,0,0,86,110,143,65,0,0,109,8,0,59,69,0,63,34,0,94,0,99,103,167,99,97,83,177,0,0,172,94,60,103,0,0,63,100,102,97,53,90,164,56,0,123,0,7,0,0,0,0,0,0,18,0,0,0,0,0,0,121,0,0,1,0,1,0,0,0,2
0,0,0,0,0,0,0,0,0,0,0,0,0,0,0,0,0,0,0,0,0,0,0,0,0,0,0,0,0,0,0,0,0,0,176,130,0,0,152,0,0,0,100,179,146,0,0,173,186,189,130,96,143,110,163,166,169,186,186,86,207,199,187,184,196,14,208,209,235,238,102,72,62,40,0,0,0,0,0,0,0,0,0,0,0,0,0,0,0,0,0,0,0,0,0,0,0,0,0,0,7
0,0,0,0,0,0,0,0,0,0,0,0,0,0,0,0,0,0,0,0,0,0,0,0,0,0,2,0,0,0,0,0,0,0,99,221,66,214,3,0,0,0,1,243,215,0,2,17,117,70,167,105,188,87,164,159,170,1,153,2,99,174,0,178,173,0,177,162,231,174,189,2,49,189,115,85,0,0,0,0,0,0,0,0,0,0,0,0,0,0,0,0,0,0,0,0,0,0,0,0,5
0,0,0,0,0,0,0,196,212,0,0,219,0,210,214,0,216,0,0,0,225,237,0,0,0,225,0,0,0,0,0,0,0,0,222,255,0,0,0,0,255,0,0,0,224,0,0,0,0,255,0,234,224,0,220,222,246,0,0,0,0,220,0,0,0,0,165,220,0,0,168,251,0,0,0,224,0,224,222,223,225,0,0,237,0,0,222,223,223,0,0,0,0,221,238,255,246,0,46,0,3
0,0,0,0,0,0,0,2,0,130,132,175,67,0,24,0,170,173,0,0,6,162,163,161,0,150,166,45,0,0,0,0,160,0,187,204,208,213,220,0,116,175,0,65,163,0,0,154,0,0,138,121,172,0,151,152,145,154,168,0,0,171,151,154,123,2,82,110,164,163,121,156,172,220,98,166,3,143,157,151,247,161,182,159,217,149,150,167,0,31,0,202,223,209,0,0,0,0,0,0,9
0,0,0,0,0,0,0,1,0,0,0,176,0,201,188,0,174,0,0,0,188,182,0,0,0,199,0,0,0,0,0,0,0,0,194,204,0,0,0,0,25,0,0,207,201,0,0,0,0,213,0,193,201,0,188,209,213,0,0,0,0,188,97,0,0,0,136,191,0,0,165,208,0,0,0,210,0,212,219,214,209,236,0,197,47,80,221,215,220,0,0,0,121,218,207,255,218,0,31,26,3
0,0,0,0,0,0,0,0,0,0,0,0,0,0,0,0,0,46,0,0,0,0,0,44,0,72,91,0,0,0,0,0,0,0,0,31,153,0,0,0,0,0,88,0,2,0,0,78,85,0,52,0,0,0,0,0,200,0,143,0,0,0,0,2,62,0,0,0,0,5,148,0,0,0,15,18,33,26,75,213,0,0,20,215,0,0,0,0,0,0,0,0,0,0,0,0,0,0,0,0,5
0,0,0,0,0,0,0,0,0,0,0,11,0,173,41,0,0,0,0,0,0,53,0,1,0,0,1,0,0,0,0,0,0,0,0,0,157,0,0,0,0,0,0,0,0,0,0,0,0,170,0,128,139,157,133,132,148,194,0,0,169,174,172,0,0,0,201,129,66,0,216,133,217,0,0,151,0,142,138,146,147,129,0,148,194,205,146,148,157,0,0,0,216,157,152,225,222,0,91,85,8
0,0,0,0,0,0,0,0,0,0,0,0,0,0,0,0,0,0,0,0,0,0,2,0,0,0,49,0,0,0,0,0,0,0,0,46,83,24,0,0,0,0,0,0,134,0,0,17,164,0,169,125,193,41,127,125,183,183,161,0,68,85,181,188,105,174,122,152,183,205,149,191,188,166,191,186,0,196,90,58,0,0,0,0,0,0,0,0,0,0,0,0,0,0,0,0,0,0,0,0,5
0,0,0,0,0,0,0,0,0,0,0,0,0,0,0,0,0,0,0,0,0,0,0,0,0,0,0,0,0,0,0,0,128,10,171,123,10,114,170,0,0,183,181,24,28,1,74,0,0,81,0,40,45,17,97,170,188,180,131,8,136,171,207,132,115,90,154,132,182,130,240,246,228,244,72,96,0,0,0,0,0,0,0,0,0,0,0,0,0,0,0,0,0,0,0,0,0,0,0,0,5
0,0,0,0,0,0,0,0,0,0,0,0,0,0,0,0,0,0,0,0,0,0,0,0,0,2,0,75,0,0,0,0,80,7,127,79,107,55,68,0,61,89,205,107,43,12,74,165,202,69,165,69,66,58,72,174,86,199,171,11,77,87,54,0,11,13,84,83,108,128,34,103,118,93,0,17,0,0,0,0,0,0,0,0,0,0,0,0,0,0,0,0,0,0,0,0,0,0,0,0,7
0,0,0,0,0,0,0,112,183,0,0,167,0,164,204,0,156,193,0,202,159,159,158,194,164,156,237,0,0,190,220,0,83,0,171,172,163,251,0,0,183,0,0,188,180,0,1,0,0,193,0,194,182,110,177,178,177,57,0,0,205,182,207,6,0,0,190,185,0,6,190,178,64,0,0,194,0,199,204,199,197,201,0,199,71,210,205,207,202,0,0,0,207,207,202,215,204,0,190,193,0
0,0,0,0,0,0,0,0,0,0,0,0,0,0,0,1,0,0,152,127,0,0,0,0,17,0,0,173,147,215,96,0,92,0,103,92,113,123,156,0,122,147,0,107,110,134,172,184,206,119,169,132,130,214,138,155,139,134,189,127,131,148,145,147,149,0,146,158,140,154,134,161,160,150,0,184,0,185,132,144,255,244,0,127,61,0,0,0,0,0,0,0,0,0,0,0,0,0,0,0,8
0,0,0,0,0,0,0,0,0,0,0,105,0,5,117,0,1,0,0,80,0,0,0,201,187,67,64,0,0,161,148,11,201,0,213,216,219,210,227,0,220,207,207,220,205,57,230,220,255,217,221,216,214,212,217,206,233,216,221,121,217,218,211,222,217,48,218,213,222,215,215,220,214,217,0,224,3,222,230,222,234,214,0,228,211,234,250,255,227,226,0,112,164,0,0,0,0,0,0,0,8
0,0,0,0,0,0,0,0,0,0,0,0,0,0,0,0,0,0,0,0,0,0,0,0,0,0,0,0,0,0,0,0,41,0,115,115,113,158,196,152,156,122,199,129,120,0,212,118,0,146,0,140,138,163,140,122,114,122,2,0,198,128,113,153,0,0,173,131,142,0,202,189,95,1,0,95,0,0,0,0,0,0,0,0,0,0,0,0,0,0,0,0,0,0,0,0,0,0,0,0,8
0,0,0,0,0,0,0,234,212,0,0,212,0,210,213,0,131,223,0,255,226,235,210,213,215,82,216,0,0,225,218,0,0,0,22,176,202,140,0,0,158,0,0,132,107,0,3,0,0,177,0,197,104,66,182,161,216,0,0,0,228,197,207,3,0,0,219,156,0,2,218,214,1,0,0,228,0,216,219,219,214,218,0,221,23,236,221,221,220,0,0,0,234,215,212,254,232,0,125,103,0
0,0,0,0,0,0,0,112,188,0,0,171,0,192,194,0,187,0,0,0,175,134,92,0,0,245,0,0,0,0,0,0,0,0,202,121,27,0,0,0,173,0,0,113,237,0,0,0,0,105,0,73,124,0,167,223,59,0,0,0,0,159,0,0,0,0,0,181,0,0,0,101,0,0,0,198,0,198,212,206,215,0,0,1,0,0,186,221,241,0,0,0,0,219,0,96,0,0,59,0,1
0,0,0,0,0,0,0,0,0,0,0,0,0,0,0,0,0,0,0,0,0,0,0,0,0,0,0,0,0,0,0,0,0,0,123,93,68,0,32,0,0,126,175,27,63,0,0,178,191,109,200,71,95,68,150,172,183,219,150,35,120,95,32,32,19,137,30,32,54,57,93,126,126,126,0,126,0,0,0,0,0,0,0,0,0,0,0,0,0,0,0,0,0,0,0,0,0,0,0,0,7
0,0,0,0,0,0,0,0,0,0,0,4,0,0,0,0,0,149,0,0,245,203,240,255,3,255,149,202,0,0,0,0,249,80,255,255,255,255,226,0,77,233,254,24,150,0,0,226,255,111,227,118,0,0,1,255,208,255,246,0,255,174,172,0,0,5,219,239,0,0,222,0,3,98,228,233,183,230,227,231,0,0,26,252,0,103,93,37,0,0,0,0,0,0,0,0,0,0,0,0,5
0,0,0,0,0,0,0,0,0,0,0,0,0,0,0,0,0,0,0,0,0,29,0,0,0,0,0,0,0,0,0,0,125,0,202,206,222,201,179,0,0,245,163,2,204,0,0,208,167,84,219,197,167,144,198,216,240,244,191,0,181,175,227,129,63,113,192,17,154,191,178,216,212,197,36,118,0,22,47,46,40,37,0,0,0,0,0,0,0,0,0,0,0,0,0,0,0,0,0,0,7
0,0,0,0,0,0,0,187,181,0,1,187,0,187,180,0,186,181,0,188,175,181,157,187,200,185,183,0,0,180,186,0,0,0,188,176,18,196,0,0,179,67,0,178,185,0,187,136,0,170,0,172,192,27,195,183,224,25,0,0,25,195,132,189,0,0,218,195,209,192,221,211,0,174,15,192,0,192,200,199,195,230,0,187,0,220,215,218,214,0,0,57,119,167,157,0,0,34,0,0,2
0,0,0,0,0,0,0,205,209,0,0,187,0,195,227,0,204,0,0,2,163,203,179,131,182,162,191,0,0,195,200,0,0,0,187,183,185,203,0,0,210,44,0,174,200,0,189,144,0,173,0,190,189,195,192,199,200,208,0,0,205,189,185,183,0,0,174,202,203,185,180,179,201,229,109,209,0,194,174,193,189,221,0,223,212,211,200,208,192,0,0,221,206,204,194,185,233,0,181,79,4
0,0,0,0,0,0,0,144,237,0,0,224,0,230,236,0,230,0,0,0,228,229,227,207,229,224,211,0,0,0,121,0,0,0,232,230,234,253,0,0,240,0,0,229,229,0,0,0,0,255,0,255,233,243,224,231,146,245,0,0,139,224,75,75,0,0,159,226,239,82,196,255,247,0,0,233,0,233,232,233,228,6,0,255,191,0,197,190,146,0,0,249,0,0,0,0,4,0,0,0,2
0,0,0,0,0,0,0,0,0,250,229,241,0,0,162,0,246,246,0,0,192,247,247,246,0,243,245,3,0,0,0,0,244,0,244,245,238,233,255,0,0,251,255,170,249,0,0,239,255,134,236,255,233,0,214,243,247,252,236,0,255,229,240,241,255,0,226,237,248,235,242,252,244,237,250,242,10,242,245,241,246,246,227,249,239,224,238,234,234,217,103,255,241,250,241,255,209,0,33,0,9
0,0,0,0,0,0,0,165,231,0,0,229,0,235,231,0,241,0,0,0,233,227,223,0,210,219,37,0,0,0,0,0,0,0,207,253,221,148,0,0,0,0,0,255,215,0,0,0,0,168,0,210,218,156,226,221,213,244,0,0,253,225,197,0,0,0,206,225,185,0,231,218,248,0,0,222,0,223,228,225,225,244,0,229,0,48,230,226,232,0,0,0,119,224,219,255,240,0,152,102,4
0,0,0,0,0,0,0,0,0,0,0,0,0,0,0,0,0,0,0,0,0,0,0,0,0,0,0,0,0,0,0,0,0,0,72,24,0,0,0,0,8,0,114,254,199,0,127,230,199,197,202,205,210,202,233,245,240,241,237,0,32,68,92,86,72,0,13,0,0,0,0,0,0,0,0,0,0,0,0,0,0,0,0,0,0,0,0,0,0,0,0,0,0,0,0,0,0,0,0,0,7
0,0,0,0,0,0,0,0,0,0,0,0,0,0,0,0,17,125,0,0,5,197,142,118,0,219,105,59,0,0,0,0,168,0,187,209,144,161,155,0,0,115,137,143,130,0,0,86,135,193,101,155,47,186,193,0,228,136,82,0,184,207,191,88,146,3,203,206,168,201,194,220,233,215,66,202,75,202,216,209,0,4,138,220,168,51,0,0,0,0,0,0,0,0,0,0,0,0,0,0,9
0,0,0,0,0,0,0,91,225,0,1,142,0,112,168,0,103,121,0,108,167,123,123,135,103,132,137,0,0,119,118,0,163,0,113,117,136,143,61,0,115,128,0,120,120,6,149,137,6,119,164,120,121,131,115,128,154,137,128,66,121,117,154,123,177,165,120,117,198,225,122,140,140,173,151,130,0,130,118,130,145,133,0,123,144,122,124,131,132,0,0,150,122,134,142,118,144,2,131,136,6
0,0,0,0,0,0,0,0,250,0,0,206,0,200,69,0,212,0,0,0,228,219,204,171,238,229,228,0,0,0,2,0,0,0,126,199,220,255,0,0,106,0,0,174,221,0,0,0,0,188,0,211,179,214,160,250,207,255,0,0,255,187,149,168,0,0,210,165,242,165,182,160,193,0,0,235,0,189,234,206,176,211,0,203,203,163,234,232,238,0,0,0,187,132,211,0,82,0,3,0,6
0,0,167,3,0,4,0,1,0,188,187,207,3,0,4,0,195,190,1,0,0,211,207,188,0,182,191,0,0,0,0,0,189,0,201,205,206,133,202,0,0,144,203,162,203,0,0,188,235,200,213,187,184,0,186,218,226,218,188,0,178,176,196,200,205,48,151,177,214,194,147,212,118,199,194,195,28,218,210,209,0,0,180,188,156,194,190,190,0,148,0,206,206,219,7,0,2,1,0,1,9
0,0,0,0,0,0,0,31,103,0,0,71,0,55,35,0,38,59,0,69,38,45,56,68,42,38,58,0,0,72,54,0,0,0,51,51,85,34,0,0,42,22,0,45,44,0,61,47,0,45,0,48,48,66,48,48,82,86,0,0,31,49,1,52,0,0,82,49,62,47,84,106,44,102,0,58,0,59,61,59,51,69,0,56,0,94,59,58,59,0,0,71,96,62,81,74,111,0,72,47,6
0,0,0,0,0,0,0,0,23,0,0,0,0,255,115,0,189,0,0,0,0,219,0,0,0,0,0,0,0,0,0,0,0,0,191,172,179,70,0,0,157,0,0,116,116,0,0,0,0,171,0,169,168,177,173,178,179,206,0,0,155,177,183,0,0,0,173,172,0,0,156,168,191,0,0,196,0,242,225,227,232,230,0,226,253,201,228,231,230,0,0,115,195,218,229,255,249,0,123,141,8
0,0,0,0,0,0,0,125,157,1,1,118,0,103,116,0,103,73,0,91,110,174,93,123,99,86,144,0,1,135,136,0,41,0,114,88,95,206,0,1,110,110,0,110,108,0,131,101,0,112,121,103,103,97,101,101,114,108,112,73,105,118,95,76,120,116,103,99,129,39,103,108,95,73,0,129,0,110,114,95,90,116,1,101,112,103,101,88,101,0,0,103,105,93,93,121,125,0,106,45,3
0,0,0,0,0,0,0,126,243,0,0,210,0,217,212,0,220,0,0,0,219,226,218,193,241,225,217,0,0,0,0,0,0,0,235,185,63,224,0,0,218,0,0,215,220,0,0,0,0,218,0,221,222,230,227,219,0,182,0,0,226,226,0,200,0,0,233,227,238,194,230,138,208,0,0,224,0,225,226,227,243,0,0,223,7,220,225,227,229,0,0,130,217,217,0,255,0,0,116,0,0
0,0,0,0,0,0,0,0,0,0,0,0,0,0,0,0,0,0,0,0,0,0,0,0,0,0,0,0,0,0,0,0,10,0,142,219,143,0,197,0,88,97,140,94,176,0,71,111,86,125,47,89,94,143,75,51,187,248,78,85,183,194,114,41,34,35,63,47,129,157,0,80,75,58,0,0,0,0,0,0,0,0,0,0,0,0,0,0,0,0,0,0,0,0,0,0,0,0,0,0,7
0,0,0,0,0,0,0,0,0,0,0,0,0,96,0,0,1,3,0,0,0,3,26,0,0,0,119,0,0,0,0,0,0,0,0,0,0,148,0,0,0,0,0,0,0,0,2,0,0,0,0,1,1,58,0,0,0,0,0,0,0,0,0,58,0,0,188,179,175,182,189,192,189,58,0,206,0,202,197,204,229,195,0,203,199,222,205,211,140,0,0,58,234,212,204,255,231,0,65,57,8
0,0,0,0,0,0,0,143,121,1,0,186,0,119,26,0,95,115,0,124,38,72,63,67,55,139,76,0,0,64,41,0,74,0,31,55,71,98,147,0,74,119,0,88,69,0,0,0,0,25,0,86,83,25,79,67,21,55,0,0,90,142,115,0,0,0,64,74,41,0,125,98,116,0,0,16,0,74,72,10,44,49,0,76,111,31,69,15,25,0,0,0,40,73,82,81,68,0,72,35,6
0,0,0,0,0,0,0,0,0,0,0,0,0,0,0,0,0,0,0,0,0,0,0,0,0,0,82,36,0,0,0,0,226,0,205,226,220,230,254,1,0,236,132,0,37,1,0,0,209,53,0,222,0,230,178,252,244,0,210,81,233,211,255,181,239,252,232,186,234,235,245,249,237,239,0,195,0,0,0,0,0,0,0,0,0,0,0,0,0,0,0,0,0,0,0,0,0,0,0,0,5
0,0,0,0,0,0,0,0,0,0,0,0,0,0,0,0,68,0,0,0,103,167,148,107,0,17,182,0,0,0,0,0,0,0,0,0,1,0,0,0,0,3,0,1,1,0,0,0,92,0,139,25,16,0,31,105,129,178,119,0,125,100,16,0,41,0,132,46,3,1,63,2,1,0,0,83,40,171,165,50,0,0,0,1,0,0,0,0,0,0,0,0,0,0,0,0,0,0,0,0,5
0,0,0,0,0,0,0,4,206,0,0,234,0,217,215,0,203,178,0,72,190,207,205,200,196,202,199,0,0,139,208,0,0,0,197,200,208,192,0,0,194,165,0,197,199,0,190,177,0,189,0,199,197,124,196,201,212,0,0,0,0,195,203,208,0,0,211,195,132,211,212,214,0,206,0,200,0,200,198,200,203,243,0,205,0,0,198,200,202,0,0,149,0,199,205,205,232,0,197,118,6
0,0,0,0,0,0,0,117,211,0,0,185,0,193,175,0,192,0,0,0,206,184,142,0,0,230,0,0,0,0,0,0,0,0,228,175,132,0,0,0,187,0,0,158,80,0,0,0,0,173,0,160,174,0,144,0,69,0,0,0,0,166,109,0,0,0,188,165,0,0,187,155,0,0,0,70,0,55,185,48,224,132,0,200,0,0,192,53,95,0,0,0,0,69,206,0,187,0,0,30,1
0,0,0,0,0,0,0,76,96,0,0,37,0,39,69,0,12,12,0,44,32,34,19,29,74,24,27,0,0,71,91,0,0,0,29,29,14,44,0,0,101,7,0,19,47,0,81,17,0,51,0,56,27,160,29,44,24,54,0,0,128,34,17,32,0,0,116,34,37,37,118,17,19,14,0,34,0,32,51,39,29,14,0,54,12,108,42,51,51,0,0,183,116,69,32,71,42,0,81,32,6
0,0,0,0,3,0,2,214,240,0,0,207,0,202,210,0,194,206,0,209,199,200,196,230,196,202,231,0,22,211,235,0,236,0,193,196,189,227,151,0,196,202,0,188,190,0,237,128,0,187,0,185,189,198,194,189,207,200,0,0,231,195,231,0,0,0,214,195,0,1,209,214,0,0,0,189,0,188,186,188,188,196,0,188,168,188,187,187,189,0,0,55,177,177,186,220,199,1,94,83,0
0,0,0,0,0,0,0,32,230,1,1,178,0,222,239,0,194,178,0,197,212,159,160,149,181,143,169,2,8,212,221,0,95,0,179,178,154,213,0,0,220,179,0,201,178,0,201,173,0,202,65,201,189,238,214,184,178,168,121,0,216,213,204,232,0,0,222,210,117,252,217,166,184,206,218,209,0,200,205,196,181,206,89,210,180,251,207,198,195,74,0,20,251,200,190,204,193,191,175,163,4
0,0,0,0,0,0,0,205,227,0,0,222,0,217,219,0,215,213,0,16,216,217,214,214,217,219,216,0,0,152,221,0,0,0,214,215,210,217,0,0,213,214,0,213,213,0,252,250,0,212,0,210,214,231,217,214,217,208,0,0,227,218,207,217,0,0,216,217,223,218,226,217,211,229,0,214,0,214,214,215,215,222,0,212,205,196,220,221,221,0,0,228,189,215,218,251,230,0,131,161,2
0,0,0,0,0,0,0,0,0,0,0,0,0,0,0,0,98,19,0,81,155,181,158,166,130,75,130,41,62,150,108,4,192,0,64,71,102,110,181,3,96,145,167,109,105,64,152,130,216,112,197,110,108,115,110,117,120,145,165,202,117,118,133,155,216,203,96,94,163,161,182,151,181,204,188,60,12,220,0,0,0,0,0,0,0,0,0,0,0,0,0,0,0,0,0,0,0,0,0,0,8
0,0,0,0,0,0,0,4,60,0,0,105,0,135,69,0,43,0,0,0,0,47,1,0,0,0,0,0,0,0,0,0,0,0,0,36,0,0,0,0,66,0,0,5,1,0,0,0,0,71,0,73,4,0,0,0,74,0,0,0,71,0,83,0,0,0,162,162,0,0,154,188,167,0,0,169,0,169,195,193,188,187,0,185,197,198,181,193,176,0,0,0,201,187,191,232,228,0,140,115,8
0,0,0,0,0,0,0,114,99,0,0,118,0,124,129,0,102,135,0,150,40,143,115,118,103,128,133,0,0,122,218,0,114,0,122,155,95,156,0,0,143,0,0,133,126,0,1,0,0,151,0,140,29,0,125,104,109,19,0,0,148,137,130,2,0,0,129,128,0,2,130,115,72,0,0,130,0,133,137,137,124,122,0,136,117,139,137,136,132,0,0,0,139,130,128,136,140,0,94,109,0
0,0,0,0,1,0,0,172,168,0,0,167,0,173,169,0,163,170,0,179,161,159,151,172,188,160,171,0,0,181,167,0,0,0,160,161,147,176,0,0,167,195,0,166,162,0,168,170,0,160,0,160,162,108,167,160,161,47,0,0,176,166,179,173,0,0,174,166,201,176,173,154,24,176,101,166,0,166,171,166,162,200,0,168,44,184,168,166,163,0,0,68,198,182,182,113,78,128,0,0,2
0,2,1,0,1,0,3,165,139,0,4,96,0,179,163,0,171,196,0,202,221,146,209,207,206,203,217,0,0,222,233,0,79,0,75,168,194,240,0,0,108,222,0,168,226,0,239,216,0,213,40,207,228,211,218,220,210,227,58,0,207,172,226,225,0,0,225,174,27,174,175,211,217,238,218,242,0,250,221,250,130,202,134,181,228,182,237,255,211,0,0,70,186,241,190,206,207,3,175,157,2
0,0,0,0,0,0,0,7,0,0,0,149,0,224,133,0,169,0,0,0,172,186,167,33,136,142,80,0,0,0,96,0,0,0,137,145,147,39,0,0,141,0,0,141,137,0,0,0,0,146,0,150,144,198,146,156,145,210,0,0,149,153,137,0,0,0,175,153,174,0,168,189,196,0,0,174,0,155,158,155,173,201,0,174,163,193,173,165,182,0,0,195,175,177,174,204,202,0,76,70,0
0,0,0,0,0,0,0,42,134,0,0,96,0,71,102,0,72,118,0,24,82,85,85,89,85,83,98,0,0,53,112,0,0,0,91,90,93,109,0,0,88,100,0,93,84,0,103,118,0,104,0,92,87,225,88,87,86,43,0,0,0,89,108,122,0,0,107,89,177,158,118,83,8,105,0,81,0,83,80,96,86,104,0,80,18,16,83,98,83,0,0,169,23,90,73,86,92,0,81,44,6
0,0,0,0,0,0,0,238,245,0,0,239,0,230,233,0,254,239,0,242,142,149,170,245,42,110,255,0,0,236,246,0,236,0,237,237,238,178,255,0,232,255,0,237,237,0,0,0,0,228,0,230,237,0,238,237,236,255,0,0,255,238,229,0,0,0,236,238,192,0,235,240,242,0,0,237,0,237,237,237,236,239,0,238,234,247,240,236,237,0,0,0,242,224,229,255,255,0,102,96,0
0,0,0,0,0,0,0,0,0,0,0,0,0,0,0,0,0,0,0,0,0,0,0,0,0,0,0,0,0,0,0,0,141,0,185,192,64,0,211,1,196,220,199,187,196,0,216,220,247,187,210,208,212,112,118,118,124,134,144,59,152,155,170,171,171,25,186,186,185,182,88,88,91,91,0,0,0,0,0,0,0,0,0,0,0,0,0,0,0,0,0,0,0,0,0,0,0,0,0,0,7
0,0,0,0,0,0,0,0,0,0,0,0,0,0,4,0,216,182,0,0,5,223,209,199,1,160,228,0,0,0,1,0,0,1,133,151,228,0,2,0,104,0,0,44,0,0,0,173,252,0,219,181,240,6,248,70,225,75,245,0,0,175,6,0,72,0,0,0,0,0,200,0,0,0,0,0,0,117,229,225,0,0,195,230,0,255,255,137,0,0,0,108,96,0,0,0,0,0,0,0,5
0,0,0,0,0,0,0,0,98,0,0,143,0,223,208,0,240,0,0,0,229,235,227,150,222,238,206,0,0,0,97,0,0,0,221,242,230,249,0,0,225,0,0,234,242,0,0,0,0,241,0,242,216,255,223,128,255,63,0,0,0,222,62,241,0,0,187,235,255,243,242,228,72,111,0,234,0,210,223,226,229,214,0,235,213,211,231,232,230,0,0,234,227,228,234,255,255,0,94,0,4
0,0,0,0,0,0,0,0,0,0,0,0,0,0,0,0,0,0,0,0,0,0,0,0,0,0,0,0,0,0,0,0,0,0,0,0,0,7,0,0,6,154,0,0,165,0,3,0,0,129,0,0,1,0,0,33,122,0,0,140,97,104,139,151,159,104,165,150,119,125,0,0,0,0,0,0,0,0,0,0,0,0,0,0,0,0,0,0,0,0,0,0,0,0,0,0,0,0,0,0,5
0,0,0,0,0,0,0,0,91,0,0,47,0,91,47,0,228,0,0,0,93,67,0,0,0,87,0,0,0,0,0,0,0,0,95,69,113,0,0,0,82,0,0,82,87,0,0,0,0,82,0,76,93,0,84,87,76,28,0,0,98,80,102,0,0,0,80,87,0,0,76,78,50,0,0,108,0,126,80,122,93,87,0,80,63,100,100,84,100,0,0,0,87,65,65,0,93,0,0,74,1
0,0,0,0,0,0,0,0,0,0,0,146,0,172,61,0,0,0,0,2,0,9,5,1,0,0,0,0,52,78,77,111,154,100,146,130,166,128,147,185,184,145,162,131,139,0,156,163,188,137,157,146,145,141,152,154,154,156,166,16,154,158,163,164,185,139,161,156,164,166,155,163,164,168,86,162,0,165,170,170,166,172,152,186,170,221,173,166,158,0,1,141,155,197,175,198,173,39,0,0,8
0,0,2,0,1,0,0,234,220,0,0,209,0,209,201,0,228,220,0,218,115,134,219,215,196,164,226,0,0,220,228,0,18,0,210,219,214,247,0,0,207,29,0,208,209,0,4,3,0,213,0,212,213,113,209,210,212,0,0,0,225,210,203,3,0,0,211,211,0,3,210,214,0,0,0,215,0,215,215,219,213,218,0,213,65,211,214,218,212,0,0,0,209,217,208,214,210,0,216,203,0
0,0,0,0,0,0,0,0,0,0,0,0,0,0,0,0,0,1,0,0,104,0,0,0,0,0,0,0,0,0,0,0,0,0,12,0,0,2,0,0,0,187,2,137,193,1,0,185,0,130,30,135,36,153,101,0,193,105,2,5,1,154,135,140,0,55,0,169,223,237,168,179,81,60,81,167,0,0,87,93,137,138,0,0,0,0,0,0,0,0,0,0,0,0,0,0,0,0,0,0,5
0,0,0,0,0,0,0,198,215,0,0,221,0,222,214,0,228,0,0,0,240,234,0,0,2,222,0,0,0,0,0,0,0,0,226,225,0,0,0,0,0,0,0,223,229,0,0,0,0,71,0,76,223,0,240,228,211,0,0,0,7,240,0,0,0,0,0,241,0,0,0,193,0,0,0,228,0,229,235,230,247,0,0,0,3,2,214,232,227,0,0,0,0,237,43,232,0,0,213,0,3
0,0,0,0,0,0,0,38,67,0,0,38,0,42,41,0,143,46,0,66,34,46,33,42,114,41,38,0,0,60,24,0,0,0,34,35,49,49,0,0,37,41,0,41,31,0,46,44,0,42,0,45,39,22,49,38,37,33,0,0,60,46,46,48,0,0,59,46,74,48,53,35,23,49,0,35,0,74,52,52,46,41,0,31,42,90,48,52,52,0,0,48,111,60,59,5,8,0,0,0,2
0,0,0,0,0,0,0,77,96,16,0,63,0,73,73,0,80,48,0,151,80,92,27,96,172,92,37,0,0,120,172,0,27,0,59,54,35,94,0,0,86,63,0,92,61,0,109,96,0,54,21,52,90,0,130,82,33,56,33,0,147,136,33,16,0,0,139,145,0,8,132,65,46,115,65,96,0,92,225,94,61,67,0,27,31,164,210,63,10,0,0,42,168,44,61,44,82,0,0,12,2
0,0,0,0,0,0,0,61,161,0,0,214,0,194,215,0,178,0,0,0,176,197,0,0,0,178,0,0,0,0,0,0,0,0,158,229,0,0,0,0,208,0,0,175,185,0,0,0,0,251,0,245,230,0,178,214,0,0,0,0,0,187,0,0,0,0,21,182,0,0,7,0,0,0,0,245,0,245,197,247,125,0,0,194,0,0,212,221,221,0,0,0,0,217,0,0,0,0,0,0,1
0,0,0,0,0,0,0,0,10,0,0,209,0,228,0,0,21,1,0,0,48,189,59,5,0,0,4,0,0,0,4,0,0,0,0,11,216,0,0,0,255,0,3,0,0,1,204,201,28,231,233,186,175,208,186,195,187,203,199,0,223,194,231,204,255,45,206,203,221,204,190,200,212,185,176,188,0,209,204,204,211,213,217,204,210,192,192,191,197,250,0,241,248,248,251,106,104,0,0,0,8
0,0,0,0,0,0,0,138,192,0,0,182,0,182,221,0,172,176,0,161,145,170,145,157,149,128,159,0,0,103,147,0,0,0,147,120,107,4,0,0,134,0,0,143,124,0,2,0,0,145,0,128,120,22,147,130,157,0,0,0,153,134,147,2,0,0,128,147,0,4,128,132,78,0,0,149,0,138,151,151,136,153,0,159,149,151,138,147,140,0,0,136,153,180,143,153,153,0,134,114,0
0,0,0,0,0,0,0,7,0,0,0,126,0,152,0,0,114,0,0,0,171,164,142,0,140,173,0,0,0,0,0,0,0,0,152,159,81,0,0,0,157,0,0,133,135,0,0,0,0,142,0,142,140,0,140,135,140,0,0,0,104,142,78,0,0,0,142,142,0,0,138,142,21,0,0,166,0,169,164,169,159,152,0,164,97,164,164,169,169,0,0,0,162,169,152,171,154,0,142,133,0
0,0,0,0,0,0,0,0,100,0,0,170,0,191,122,0,196,0,0,0,159,185,0,0,0,223,0,0,0,0,0,0,0,0,143,164,95,0,0,0,180,0,0,175,148,0,0,0,0,159,0,170,148,0,148,159,175,0,0,0,159,164,196,0,0,0,154,164,0,0,159,164,15,0,0,132,0,154,154,164,154,239,0,223,100,212,170,159,164,0,0,0,143,175,170,170,191,0,170,127,3
0,0,0,0,0,0,0,65,109,0,0,111,0,142,112,0,35,84,0,61,46,53,53,64,51,48,89,0,0,111,42,0,0,0,68,63,53,106,0,0,76,80,0,70,63,0,106,81,0,79,0,71,75,206,70,64,65,161,0,0,98,73,48,95,0,0,115,75,108,106,114,68,23,81,0,82,0,89,95,84,80,79,0,78,21,69,90,106,74,0,0,109,37,101,81,0,0,0,0,0,2
0,0,0,0,0,0,0,108,111,0,0,93,0,103,101,0,96,102,0,142,98,96,95,101,117,96,101,0,0,124,73,0,119,0,89,90,84,167,64,0,91,108,0,95,89,0,0,0,0,93,0,101,95,0,95,90,91,70,0,0,78,100,103,0,0,0,137,96,0,0,137,90,69,0,0,92,0,90,95,95,87,109,0,86,90,100,80,75,92,0,0,0,109,245,90,112,117,0,69,40,0
0,0,0,0,0,0,0,126,118,0,0,45,0,64,70,0,116,78,0,88,184,147,67,112,119,255,100,0,0,116,100,0,19,0,115,202,101,123,0,0,122,112,0,123,123,0,119,101,0,156,0,138,128,135,129,133,146,135,22,0,0,216,178,126,0,0,156,122,56,116,105,100,101,91,26,154,0,156,60,160,102,95,0,125,104,132,138,173,119,0,0,123,22,80,47,0,0,0,0,1,6
0,0,0,0,0,0,0,214,240,0,0,229,0,221,219,0,214,0,0,0,214,217,221,0,200,228,0,0,0,0,0,0,0,0,225,224,238,0,0,0,225,0,0,229,227,0,0,0,0,228,0,228,231,0,230,226,227,255,0,0,255,233,226,0,0,0,231,235,31,0,230,232,255,0,0,230,0,229,243,229,237,220,0,234,231,238,244,237,235,0,0,0,238,222,235,189,223,0,155,0,6
0,0,0,0,0,0,0,0,0,89,0,185,0,0,106,0,186,220,0,0,138,170,174,127,0,175,203,99,0,0,0,0,193,0,117,123,148,151,133,0,3,164,0,0,155,0,0,172,46,2,152,0,109,0,32,113,162,159,142,0,2,89,162,140,177,0,0,111,136,161,26,142,159,150,0,113,0,113,114,116,150,252,98,108,58,109,137,159,236,8,26,143,124,165,0,243,1,0,21,2,9
0,0,0,0,0,0,0,0,0,0,0,0,0,0,0,0,0,0,0,0,9,3,0,0,0,136,1,0,0,0,0,0,3,0,66,140,34,58,48,0,0,62,33,22,15,0,97,162,4,108,207,108,39,83,0,28,31,29,88,0,20,12,37,23,33,31,28,42,44,47,127,47,28,36,55,28,0,83,22,39,1,25,0,0,0,0,0,0,0,0,0,0,0,0,0,0,0,0,0,0,5
0,0,0,0,0,0,0,0,0,0,0,0,0,0,0,0,0,0,0,183,219,209,188,178,188,214,193,147,153,158,153,127,158,122,153,137,137,158,153,122,45,0,132,96,81,153,0,0,112,0,142,0,168,5,132,0,0,142,142,147,5,163,147,66,117,142,142,91,132,137,102,96,107,112,117,91,142,107,198,96,15,15,0,0,0,0,0,0,0,0,0,0,0,0,0,0,0,0,0,0,8
0,0,0,0,0,0,0,0,0,0,0,0,0,0,0,0,0,0,0,0,0,0,0,0,0,0,2,0,0,0,0,0,0,0,182,209,172,202,12,0,0,216,208,0,187,0,4,164,213,171,136,155,122,135,137,152,165,171,224,50,136,168,186,194,160,129,181,205,216,216,209,209,181,166,186,80,0,78,0,0,0,0,0,0,0,0,0,0,0,0,0,0,0,0,0,0,0,0,0,0,7
0,0,0,0,0,0,0,0,0,0,0,0,0,0,0,0,0,0,0,0,0,0,0,0,0,0,0,0,0,0,0,0,0,0,152,1,0,0,56,0,0,138,1,122,194,0,0,184,0,158,0,158,190,134,255,143,96,117,60,54,113,92,73,60,102,15,88,88,114,116,52,20,22,37,0,0,0,0,0,0,0,0,0,0,0,0,0,0,0,0,0,0,0,0,0,0,0,0,0,0,5
0,0,0,0,0,0,0,102,185,0,0,183,0,145,190,0,142,0,0,0,164,206,0,0,0,132,0,0,0,0,0,0,0,0,113,233,0,0,0,0,215,0,0,156,191,0,0,0,0,211,0,196,204,0,181,198,0,0,0,0,0,173,0,0,0,0,0,184,0,0,0,0,0,0,0,230,0,216,187,193,128,0,0,156,0,0,191,216,207,0,0,0,0,175,0,0,0,0,0,0,1
0,0,0,0,0,0,0,0,0,0,0,0,0,0,0,0,2,0,0,0,0,0,0,0,0,125,31,125,0,0,0,0,147,0,146,154,172,170,0,0,0,111,0,0,3,0,0,160,166,1,123,0,0,207,0,0,120,131,108,0,160,15,126,170,189,4,154,209,125,128,171,136,164,132,129,152,0,116,94,93,79,77,0,56,7,0,0,0,0,0,0,0,0,0,0,0,0,0,0,0,5
0,0,0,0,0,0,0,0,0,0,0,0,0,0,0,0,0,0,0,0,0,1,1,0,0,1,19,1,0,0,0,0,1,0,0,0,171,41,2,1,0,0,0,1,0,0,0,133,139,1,133,1,1,64,1,13,71,6,83,2,105,2,0,134,88,0,85,0,78,88,104,0,78,137,128,143,0,0,0,0,0,0,0,0,0,0,0,0,0,0,0,0,0,0,0,0,0,0,0,0,5
0,0,2,0,0,0,0,214,197,0,0,209,0,214,177,0,214,0,0,0,180,140,169,25,183,174,40,0,0,0,0,0,0,0,169,157,157,103,0,0,154,0,0,171,157,0,0,0,0,157,0,160,163,189,151,123,148,151,0,0,171,151,148,0,0,0,169,151,180,0,171,148,148,0,0,171,0,128,174,97,157,148,0,154,148,169,171,8,63,0,0,103,163,0,154,0,169,0,0,146,1
0,0,0,0,0,0,0,0,0,0,0,0,0,0,0,0,0,0,0,0,0,0,0,0,0,0,0,0,0,0,0,0,28,3,245,86,0,0,76,0,66,193,13,199,200,0,0,228,109,224,198,242,207,210,204,194,131,186,221,50,224,255,254,223,100,12,109,115,0,0,0,2,14,9,14,31,0,0,0,0,0,0,0,0,0,0,0,0,0,0,0,0,0,0,0,0,0,0,0,0,7
0,0,0,0,0,0,0,0,0,0,0,0,0,0,0,0,67,70,0,203,139,134,143,165,70,86,108,92,150,106,109,0,134,101,118,121,126,127,139,0,112,126,112,114,211,128,111,137,123,109,140,87,104,109,255,180,218,126,143,0,180,137,117,126,114,134,137,93,127,133,190,121,123,130,127,102,0,108,165,148,153,152,73,71,46,0,0,0,0,0,0,0,0,0,0,0,0,0,0,0,8
0,0,0,0,0,0,0,252,212,0,0,192,0,215,212,0,203,0,0,0,213,185,108,0,141,249,0,0,0,0,0,0,0,0,200,188,28,0,0,0,195,0,0,199,254,0,0,0,0,212,0,217,189,0,203,249,96,0,0,0,0,208,0,0,0,0,207,205,0,0,215,177,0,0,0,75,0,51,205,2,216,0,0,231,0,0,185,0,229,0,0,0,0,0,0,0,0,0,0,0,1
0,0,0,0,0,0,0,0,0,0,0,0,0,0,0,0,0,0,0,0,0,0,0,0,0,35,6,5,0,0,0,0,77,0,230,235,207,6,251,2,241,240,240,149,244,0,203,233,255,233,228,229,229,231,236,235,235,237,236,0,227,234,241,241,254,0,225,229,234,235,255,255,255,255,0,176,0,0,0,0,0,0,0,0,0,0,0,0,0,0,0,0,0,0,0,0,0,0,0,0,7
0,0,0,0,0,0,0,196,0,0,0,210,0,220,251,0,223,0,0,0,221,217,217,0,211,215,0,0,0,0,82,0,0,0,210,212,216,5,0,0,215,0,0,214,217,0,39,0,0,229,0,234,220,220,220,216,215,219,0,0,230,225,224,0,0,0,217,222,205,0,216,203,219,0,0,219,0,219,225,217,217,230,0,219,234,220,224,217,222,0,0,0,221,213,226,251,240,0,125,125,4
0,0,0,0,0,0,0,0,0,0,0,0,0,1,0,0,164,0,0,0,0,173,9,0,0,198,94,0,0,0,0,0,159,4,177,244,199,194,159,0,44,146,1,198,255,0,0,198,0,211,193,191,191,186,230,176,170,3,195,0,192,227,229,159,65,42,146,172,218,219,184,213,203,108,219,218,70,211,0,0,38,36,63,85,105,95,96,74,0,0,0,0,0,0,0,0,0,0,0,0,9
0,0,0,0,0,0,0,4,171,0,0,106,0,136,150,0,108,0,0,0,130,120,72,0,0,246,0,0,0,0,0,0,0,0,175,120,48,0,0,0,193,0,0,145,249,0,0,0,0,148,0,150,109,0,169,166,109,0,0,0,0,174,0,0,0,0,0,174,0,0,0,112,0,0,0,138,0,138,172,136,141,0,0,96,0,0,165,136,201,0,0,0,0,139,85,109,99,0,34,60,1
0,0,0,0,0,0,0,0,0,0,4,224,0,0,4,0,225,234,0,0,0,232,239,242,0,216,244,26,0,0,0,0,219,0,221,222,221,214,220,0,0,181,216,0,228,0,0,151,210,102,216,197,197,0,167,217,222,168,218,1,132,213,179,230,236,0,243,218,208,206,206,230,0,201,211,192,123,231,231,223,0,0,215,219,215,242,232,255,1,118,0,127,154,0,0,0,0,0,0,0,9
0,0,0,0,0,0,0,252,232,0,0,238,0,234,235,0,236,0,0,0,228,242,119,0,0,233,0,0,0,0,0,0,0,0,226,242,0,0,0,0,0,0,0,240,232,0,0,0,0,138,0,170,229,0,244,231,245,0,0,0,0,244,93,0,0,0,0,245,4,0,0,245,0,0,0,230,0,232,230,234,239,0,0,0,0,1,189,247,234,0,0,0,0,246,124,246,130,0,140,36,3
0,0,0,0,0,0,0,79,153,0,0,164,0,130,82,0,146,43,0,146,67,148,131,155,140,80,111,0,0,187,127,0,0,0,128,174,155,168,0,0,178,170,0,156,155,0,11,0,0,187,0,190,156,0,165,126,139,0,0,0,115,165,118,0,0,0,180,167,0,0,165,155,0,1,0,87,0,158,203,174,181,134,0,162,0,99,108,208,101,0,0,0,136,199,170,224,161,0,52,45,6
0,0,0,0,0,0,0,0,230,0,0,215,0,219,225,0,232,0,0,0,226,224,165,0,0,231,0,0,0,0,0,0,0,0,240,226,117,0,0,0,242,0,0,218,218,0,0,0,0,232,0,235,251,0,224,0,209,0,0,0,0,221,0,0,0,0,0,223,0,0,0,217,0,0,0,235,0,233,247,233,236,0,0,18,0,0,229,233,249,0,0,0,0,235,167,251,119,0,194,32,1
0,0,0,0,0,0,0,205,208,0,0,209,0,212,227,0,207,194,0,223,215,212,208,207,211,212,205,0,0,213,212,0,0,0,213,213,212,229,0,0,215,0,0,214,214,0,1,0,0,215,0,216,217,3,217,214,201,23,0,0,194,217,200,5,0,0,215,217,0,5,215,208,31,0,0,218,0,219,220,219,213,215,0,218,46,214,220,219,219,0,0,0,215,216,209,255,224,0,103,115,0
0,0,0,0,1,0,1,116,112,17,0,107,0,114,116,0,96,136,0,155,89,88,98,148,112,100,165,0,109,153,204,0,123,0,150,136,139,217,134,0,122,164,77,158,148,0,0,0,0,114,2,140,146,155,115,145,121,182,0,0,139,145,117,0,0,1,134,153,71,0,97,129,146,1,1,218,0,204,141,211,148,131,0,105,108,140,159,217,134,0,0,111,124,204,146,126,174,0,77,99,0
0,0,0,0,0,0,0,208,211,0,0,210,0,210,210,0,209,187,0,216,199,207,227,224,234,205,220,0,0,244,220,0,0,0,189,207,221,221,0,0,214,75,0,201,194,0,0,0,0,215,0,223,209,201,200,195,215,235,0,0,220,204,209,0,0,0,224,205,104,0,221,221,230,5,0,212,0,209,223,212,228,244,0,219,0,9,218,217,220,0,0,0,0,228,171,237,0,0,0,0,0
0,0,0,0,0,0,0,224,232,0,0,204,0,220,233,0,206,0,0,0,178,170,179,110,180,180,146,0,0,0,161,0,0,0,183,178,179,185,0,0,179,0,0,175,179,0,159,0,0,180,0,185,169,186,182,182,175,183,0,0,185,177,175,209,0,0,181,180,178,219,181,179,190,56,0,182,0,176,188,183,188,176,0,180,197,184,177,179,177,0,0,171,223,224,207,120,198,0,0,0,2
0,0,0,0,0,0,0,0,0,0,0,0,0,0,0,0,0,0,0,0,0,0,0,0,0,0,0,0,0,0,0,0,0,0,0,0,0,0,0,0,103,0,0,105,105,1,132,0,0,90,1,20,205,12,37,0,154,0,59,48,31,21,149,141,110,1,124,122,80,46,0,0,0,0,0,0,0,0,0,0,0,0,0,0,0,0,0,0,0,0,0,0,0,0,0,0,0,0,0,0,5
0,0,0,0,0,0,0,2,45,0,0,0,0,183,0,0,2,0,0,0,0,0,150,0,3,1,0,0,0,0,5,0,0,0,209,203,215,195,0,0,220,222,0,209,195,0,199,200,0,218,193,203,202,210,211,220,225,214,205,0,211,218,215,214,48,0,215,214,225,216,224,215,223,220,34,183,0,189,229,231,231,232,0,223,230,230,224,226,226,124,0,226,218,236,234,235,226,15,0,0,8
0,0,0,0,0,0,0,32,40,0,0,17,0,6,80,0,0,36,0,17,21,18,20,26,33,23,46,0,0,22,22,0,0,0,21,18,17,79,0,0,20,37,0,18,31,0,52,54,0,22,0,22,21,64,21,36,26,25,0,0,21,20,17,43,0,0,22,21,81,60,20,16,21,17,0,22,0,21,25,28,27,23,0,20,0,0,27,36,30,0,0,129,0,21,15,54,23,0,43,22,6
0,0,0,0,0,0,0,0,125,0,0,142,0,0,1,0,0,0,0,0,4,54,0,0,0,3,0,0,0,0,0,0,0,0,0,81,0,0,0,0,131,0,0,0,1,0,14,0,0,168,0,157,182,131,126,117,174,128,0,0,150,145,152,152,0,0,170,136,120,176,181,176,134,72,0,145,0,165,173,171,170,205,0,186,171,184,170,181,186,0,0,161,190,181,208,243,240,0,173,184,8
0,0,0,0,0,0,0,0,0,0,0,0,0,0,0,0,0,0,0,0,0,0,0,0,0,0,1,3,0,0,0,0,0,0,192,184,194,0,202,0,183,127,170,177,97,0,95,216,220,186,191,206,236,185,202,251,222,186,173,107,197,203,186,198,232,45,244,247,232,219,67,74,75,64,0,111,0,0,0,0,0,0,0,0,0,0,0,0,0,0,0,0,0,0,0,0,0,0,0,0,7
0,0,0,0,0,0,0,0,0,0,0,0,0,0,0,0,0,0,0,0,0,0,0,0,0,0,0,0,0,0,0,0,214,0,141,138,129,106,134,0,0,28,0,203,28,0,0,86,0,99,16,84,142,82,90,152,144,174,143,115,117,84,225,203,189,45,227,207,206,240,113,0,1,0,0,0,0,0,0,0,0,0,0,0,0,0,0,0,0,0,0,0,0,0,0,0,0,0,0,0,5
0,0,0,0,0,0,0,30,97,0,0,10,0,137,95,0,0,0,0,0,222,0,202,147,197,242,30,0,0,7,82,0,0,0,117,122,77,120,0,0,32,0,0,95,105,0,15,0,0,110,0,47,180,127,212,47,167,137,0,0,30,157,90,0,0,0,0,137,0,0,12,0,32,0,0,110,0,45,90,45,80,105,0,87,92,197,112,57,65,0,0,0,195,87,67,115,107,0,15,95,3
0,0,0,0,0,0,0,0,0,0,0,0,0,59,175,0,51,0,0,0,130,0,0,2,0,93,0,0,0,0,0,0,0,0,199,0,0,0,0,0,159,0,0,215,184,0,0,0,0,190,0,197,199,235,206,201,148,168,0,0,201,208,130,0,0,0,190,206,0,0,204,206,175,0,0,219,0,230,223,226,223,184,0,230,44,248,235,239,232,0,0,0,239,241,226,243,235,0,235,237,8
0,0,0,0,0,0,0,5,0,0,0,131,0,147,10,0,139,0,0,0,143,137,0,0,0,145,0,0,0,0,0,0,0,0,146,173,0,0,0,0,188,0,0,158,144,0,0,0,0,151,0,154,178,0,173,160,159,0,0,0,179,174,130,0,0,0,158,172,0,0,157,163,0,0,0,183,0,185,168,188,187,236,0,187,64,196,173,182,160,0,0,0,178,185,173,255,190,0,41,0,3
0,0,0,0,0,0,0,239,188,0,0,231,0,233,237,0,226,233,0,234,229,223,210,228,230,227,228,0,0,243,230,0,0,0,228,229,226,238,0,0,236,29,0,229,228,0,0,1,0,226,0,226,230,0,230,229,236,0,0,0,204,230,199,1,0,0,238,229,0,1,239,230,0,0,0,229,0,229,231,228,228,207,0,227,0,198,233,231,228,0,0,0,172,224,228,255,243,0,150,166,0
0,0,0,0,0,0,0,0,0,0,0,0,0,0,0,0,0,0,0,0,0,0,0,0,0,0,2,128,0,0,0,0,105,0,120,186,199,207,108,0,0,117,0,3,109,0,0,119,0,0,159,5,92,0,85,117,213,217,148,0,63,84,144,108,135,48,88,89,124,155,98,108,118,92,139,107,2,177,70,54,0,89,0,0,0,0,0,0,0,0,0,0,0,0,0,0,0,0,0,0,9
0,0,0,0,0,0,0,146,228,0,0,232,0,224,224,0,221,251,0,236,221,219,222,224,224,220,228,0,0,227,223,0,81,0,222,224,219,243,0,0,223,170,0,222,222,0,0,2,0,225,0,223,222,9,221,222,219,47,0,0,223,221,232,4,0,0,218,222,0,4,218,218,86,0,0,221,0,220,220,219,221,234,0,221,180,233,219,218,220,0,0,0,225,210,215,254,235,0,82,96,0
0,0,0,0,0,0,0,158,244,0,0,219,0,238,227,0,222,244,0,181,227,222,217,219,230,226,221,0,0,243,229,0,80,0,229,214,185,255,0,0,245,0,0,225,228,0,0,0,0,240,0,238,229,0,227,223,226,0,0,0,14,229,254,4,0,0,246,231,0,7,250,214,105,0,0,229,0,229,232,229,221,232,0,230,202,232,228,226,221,0,0,0,255,233,229,254,219,0,0,0,0
0,0,0,0,0,0,0,0,162,0,0,0,0,161,189,0,82,0,0,0,197,0,0,0,0,175,0,0,0,0,0,0,0,0,196,21,0,0,0,0,95,0,0,229,187,0,0,0,0,122,0,131,183,0,212,201,0,0,0,0,0,208,0,0,0,0,0,208,0,0,0,0,0,0,0,196,0,200,215,201,163,0,0,202,0,0,224,204,198,0,0,0,0,208,0,219,0,0,190,0,3
0,0,0,0,0,0,0,0,1,97,75,208,0,3,0,0,201,196,22,0,0,219,197,165,0,200,223,19,0,0,0,0,217,0,212,197,203,202,206,0,0,210,62,0,196,0,0,203,200,0,200,45,177,0,165,232,175,171,191,0,151,164,193,180,216,0,113,194,204,205,171,214,204,175,216,204,109,211,209,200,0,44,91,190,199,186,183,215,2,113,0,0,0,0,0,0,0,0,0,0,9
0,0,0,0,1,0,0,200,187,0,0,191,0,185,187,0,184,190,0,186,190,167,146,190,162,185,183,0,0,178,176,0,126,0,186,233,194,187,0,0,163,190,0,216,169,0,170,185,0,184,34,185,184,223,184,203,181,181,72,0,189,180,176,189,0,0,181,182,209,190,182,178,171,180,145,184,0,187,186,187,181,187,0,189,202,213,180,182,183,0,0,163,254,196,198,196,184,0,0,0,2
0,0,0,0,0,0,0,211,235,0,0,207,0,194,189,0,198,223,0,70,190,198,230,217,236,205,201,0,0,189,246,0,0,0,219,220,246,226,0,0,226,255,0,230,232,0,240,255,0,225,0,229,221,148,218,231,205,67,0,0,123,189,255,255,0,0,255,230,128,255,234,223,197,234,0,228,0,216,210,214,209,216,0,232,215,0,129,201,223,0,0,236,0,0,0,0,1,0,1,0,4
0,0,0,0,0,0,0,0,0,0,0,0,0,0,0,0,0,0,99,0,0,1,0,0,0,0,192,217,0,0,0,0,202,0,20,196,218,252,241,0,0,240,235,1,157,0,1,255,255,0,150,11,97,4,164,119,188,183,223,0,131,47,215,210,210,160,108,205,223,225,189,187,188,195,192,227,0,207,255,255,80,32,0,33,58,0,0,0,0,0,0,0,0,0,0,0,0,0,0,0,9
0,0,0,0,0,0,0,109,0,0,0,0,0,0,0,0,0,0,0,0,0,1,0,121,3,1,68,0,0,165,0,0,0,0,188,185,179,183,0,0,185,105,0,160,163,0,223,159,0,176,0,211,171,206,214,202,183,175,0,0,209,221,158,181,0,0,175,187,155,135,217,213,210,150,0,197,0,211,215,197,220,216,0,218,205,210,220,221,219,0,0,214,196,219,215,233,233,0,178,174,8
0,0,0,0,0,0,0,0,0,0,0,0,0,0,0,0,178,0,0,0,1,154,229,0,0,169,117,158,0,0,0,0,190,97,172,171,209,207,226,0,5,181,89,0,176,0,0,188,232,47,193,185,154,0,150,174,183,191,196,0,175,156,196,194,229,51,143,151,186,191,158,219,212,226,168,182,136,221,188,205,0,141,0,2,89,0,0,0,0,0,0,0,0,0,0,0,0,0,0,0,9
0,0,0,0,1,0,0,228,228,0,0,231,0,228,217,0,208,233,0,234,210,234,150,251,255,206,248,0,0,255,237,0,130,0,218,201,201,252,0,0,196,237,0,204,202,0,243,231,0,211,0,187,189,254,208,212,210,223,61,0,130,240,235,255,0,0,255,231,188,255,255,227,230,220,0,229,0,230,225,220,221,222,0,241,255,78,187,186,185,0,0,237,0,0,0,0,0,17,0,0,2
0,0,0,0,0,0,0,146,214,0,0,202,0,216,232,0,202,0,0,0,229,192,107,0,0,224,0,0,0,0,0,0,0,0,192,160,52,0,0,0,225,0,0,153,251,0,0,0,0,238,0,243,182,0,180,169,202,0,0,0,0,188,0,0,0,0,0,191,0,0,0,166,0,0,0,197,0,214,226,220,224,0,0,141,0,0,228,225,225,0,0,0,0,220,155,71,190,0,27,80,1
0,0,0,0,0,0,0,0,0,0,0,37,4,0,5,0,231,229,3,0,0,241,237,242,1,236,239,0,0,0,0,0,255,0,239,243,235,239,251,0,0,241,94,12,235,0,0,238,255,88,231,255,227,0,225,236,240,236,235,0,241,236,234,239,255,0,228,235,235,234,232,238,234,231,224,234,128,239,233,240,231,235,240,235,229,220,223,227,229,86,0,255,255,255,255,88,5,0,0,0,9
0,0,0,0,0,0,0,0,0,0,0,0,0,0,0,0,69,121,15,0,0,84,43,150,0,58,93,156,0,0,0,0,141,0,36,124,3,199,180,0,0,192,163,60,25,0,0,85,126,60,177,22,25,127,0,157,100,172,183,0,193,129,187,180,130,0,120,163,210,193,153,204,168,93,136,156,67,130,30,27,132,0,78,64,1,63,49,43,0,0,0,0,0,0,0,0,0,0,0,0,7
0,0,0,0,0,0,0,0,0,0,0,0,0,0,0,0,221,227,0,23,169,197,197,198,178,169,199,203,0,161,216,3,214,112,224,217,214,217,202,0,216,212,237,222,201,78,129,217,238,233,225,236,235,223,227,234,234,229,226,85,230,232,235,228,206,122,231,234,231,223,228,170,244,226,82,233,4,234,255,232,211,221,3,129,0,0,0,0,0,0,0,0,0,0,0,0,0,0,0,0,8
0,0,0,0,0,0,0,0,0,0,0,0,0,0,0,0,0,0,0,0,0,0,0,0,0,0,0,0,0,0,0,0,130,0,209,255,0,1,130,0,0,52,0,121,236,0,0,208,55,223,186,178,184,229,233,228,232,232,224,3,229,254,253,246,201,20,0,0,0,0,6,0,7,4,0,0,0,0,0,0,0,0,0,0,0,0,0,0,0,0,0,0,0,0,0,0,0,0,0,0,7
0,0,0,0,0,0,0,0,0,0,0,0,0,71,185,0,205,0,0,0,114,145,1,0,0,0,0,0,0,0,0,0,0,0,0,218,0,0,0,0,139,0,0,67,1,0,0,0,0,210,37,201,57,61,7,52,90,29,79,0,1,10,25,54,7,0,230,27,54,55,188,56,56,66,68,53,0,49,53,53,59,53,0,57,61,69,49,40,216,0,0,69,46,50,73,37,81,0,76,72,8
0,0,0,0,0,0,0,213,195,2,0,184,0,183,179,0,180,205,0,191,203,182,183,189,187,121,206,0,0,210,227,0,85,0,207,198,196,225,0,0,110,128,0,200,219,0,6,0,0,196,0,198,215,34,199,195,195,0,0,0,199,199,169,0,0,0,196,200,0,1,197,198,0,0,0,199,0,201,203,202,203,204,0,203,97,207,202,205,203,0,0,0,203,199,192,233,209,0,128,87,0
0,0,0,0,0,0,0,134,58,0,0,9,0,58,196,0,131,1,0,4,176,119,108,0,142,85,0,0,0,1,0,0,0,0,72,78,122,34,0,0,94,0,0,83,103,0,0,0,0,78,0,66,81,72,83,95,103,71,0,0,160,85,190,13,0,0,91,80,100,24,91,64,88,0,0,80,0,80,69,78,74,120,0,98,146,55,85,81,68,0,0,0,0,103,131,137,131,0,46,1,4
0,0,0,0,0,0,0,0,0,0,0,0,0,0,0,0,0,254,0,0,0,13,0,0,0,8,43,1,0,0,0,0,0,0,0,0,212,21,0,0,0,13,74,1,0,1,0,98,16,0,30,0,0,20,6,101,10,0,23,0,10,34,0,183,24,0,0,244,0,208,126,0,0,100,23,24,5,73,100,103,0,2,57,202,0,44,0,0,2,82,0,0,0,0,0,0,0,0,0,0,5
0,0,0,0,0,0,0,0,0,0,0,0,0,0,0,0,0,0,0,0,0,0,1,0,0,0,0,0,0,0,0,0,250,1,230,238,235,236,117,0,0,233,0,0,232,0,0,245,35,0,255,241,227,12,220,245,212,214,238,0,255,242,223,237,255,157,247,239,255,254,237,252,233,206,211,252,55,168,153,170,114,94,0,0,0,0,0,0,0,0,0,0,0,0,0,0,0,0,0,0,9
0,0,0,0,0,0,0,0,0,0,0,0,0,0,0,0,0,0,0,0,0,0,0,0,9,0,0,163,170,193,190,0,194,48,194,198,202,189,186,0,193,190,205,194,197,0,186,179,141,181,233,220,215,220,227,230,222,215,222,0,215,210,202,141,23,0,238,204,105,108,163,205,205,206,125,162,58,0,0,0,0,0,0,0,0,0,0,0,0,0,0,0,0,0,0,0,0,0,0,0,8
0,0,0,0,0,0,0,0,0,0,0,0,0,0,0,0,0,0,0,0,0,0,0,0,0,0,0,0,0,0,0,0,0,0,0,2,0,0,0,0,0,65,0,130,164,0,0,29,0,0,2,4,2,0,0,0,45,18,2,18,148,178,209,250,232,151,106,63,103,99,0,0,0,0,0,0,0,0,0,0,0,0,0,0,0,0,0,0,0,0,0,0,0,0,0,0,0,0,0,0,5
0,0,0,0,1,0,0,177,237,17,0,190,0,163,163,0,173,177,0,185,77,206,167,184,177,161,188,0,0,172,186,0,1,0,122,123,132,0,0,0,142,0,0,189,172,0,0,1,0,169,0,189,193,0,197,196,194,149,0,0,161,193,196,0,0,0,196,193,0,0,190,195,221,1,0,192,0,197,198,199,196,196,0,198,197,194,199,200,197,0,0,10,195,199,198,209,210,0,174,175,0
0,0,0,0,0,0,0,84,60,0,0,107,0,158,241,0,175,0,0,0,64,104,98,0,0,54,0,0,0,0,0,0,0,0,101,95,52,0,0,0,108,0,0,128,102,0,0,0,0,147,0,114,78,0,135,159,143,0,0,0,0,87,0,0,0,0,0,102,0,0,0,28,0,0,0,49,0,30,90,61,78,0,0,0,0,0,137,120,45,0,0,0,0,108,0,110,0,0,54,0,1
0,0,0,0,0,0,0,68,83,0,0,56,0,64,55,0,45,83,0,88,66,67,63,86,81,55,98,0,0,76,73,0,31,0,53,54,40,111,0,0,59,8,0,67,55,0,0,1,0,83,0,87,61,27,74,57,56,0,0,0,130,76,56,0,0,0,68,78,0,0,77,61,0,0,0,73,0,74,88,73,67,67,0,84,14,111,80,80,66,0,0,0,121,80,79,71,75,0,78,16,0
0,0,0,0,0,0,0,247,232,0,0,221,0,240,241,0,232,0,0,0,233,225,237,0,255,234,0,0,0,0,0,0,0,0,232,228,222,0,0,0,234,0,0,226,255,0,0,0,0,235,0,239,253,0,245,255,141,1,0,0,0,249,0,0,0,0,234,252,0,0,246,183,0,0,0,84,0,63,242,28,249,0,0,241,2,0,227,0,251,0,0,0,0,0,11,0,0,0,0,0,1
0,0,0,0,0,0,0,0,0,0,0,0,0,0,0,0,96,139,46,0,0,145,141,163,0,137,154,59,0,0,0,0,162,0,121,170,166,162,100,0,2,135,0,0,157,0,0,153,0,91,163,114,129,100,132,152,161,148,175,0,117,147,168,134,92,136,133,139,135,144,120,171,165,175,172,191,0,200,250,255,252,245,0,38,38,0,0,0,0,0,0,0,0,0,0,0,0,0,0,0,9
0,0,0,0,0,0,0,0,79,0,0,234,0,183,187,0,178,0,0,0,180,178,178,191,189,170,190,0,0,0,167,0,0,0,171,180,225,174,0,0,177,0,0,172,165,0,17,16,0,209,0,217,171,188,166,170,217,163,0,0,139,164,50,199,0,0,76,165,213,195,108,208,93,116,0,175,0,179,177,180,178,186,0,176,27,36,199,200,197,0,0,185,0,32,47,0,0,0,2,2,4
0,0,0,0,0,0,0,0,221,0,0,215,0,211,204,0,196,0,0,0,220,215,213,217,193,209,221,0,0,0,149,0,0,0,195,193,193,219,0,0,198,0,0,194,202,0,16,0,0,199,0,202,203,201,194,205,199,222,0,0,220,200,192,239,0,0,196,203,211,236,200,204,219,103,0,209,0,222,208,216,203,193,0,208,154,201,205,211,206,0,0,0,182,208,213,227,188,0,157,0,4
0,0,0,0,0,0,0,97,219,0,0,243,0,229,248,0,238,0,0,0,234,228,211,0,0,231,0,0,0,0,0,0,0,0,225,218,130,0,0,0,254,0,0,219,252,0,0,0,0,255,0,255,220,0,221,227,252,0,0,0,0,224,0,0,0,0,0,226,0,0,0,245,0,0,0,226,0,227,236,228,230,0,0,193,0,0,239,231,242,0,0,0,0,229,223,255,210,0,89,26,1
0,0,0,0,0,0,0,0,0,0,0,0,0,0,0,0,136,185,0,0,0,141,224,197,0,0,0,0,0,0,0,0,216,0,0,0,0,2,214,0,0,73,242,0,0,0,0,247,243,0,233,1,0,26,0,0,117,221,249,0,203,0,137,0,89,0,255,204,1,3,190,0,0,0,10,239,44,192,189,170,0,0,92,191,0,138,165,80,0,0,0,0,0,0,0,0,0,0,0,0,5
0,0,0,0,0,0,0,65,118,0,0,78,0,68,79,0,65,19,0,51,71,71,69,100,54,73,131,0,0,111,92,0,0,0,68,69,107,90,0,0,75,13,0,73,69,0,125,41,0,68,0,69,73,174,75,73,31,157,0,0,179,70,223,56,0,0,42,69,70,47,43,39,150,58,0,73,0,70,69,69,58,92,0,71,31,82,58,68,76,0,0,104,108,76,46,68,63,0,0,0,6
0,0,0,0,0,0,0,71,168,1,0,171,0,136,136,0,134,169,0,23,133,141,133,159,175,136,195,0,0,83,166,0,0,0,149,152,164,177,0,0,149,179,0,140,145,0,178,182,0,166,0,168,141,216,132,143,152,76,0,0,3,132,153,174,0,0,167,136,245,182,189,130,4,143,0,151,0,157,142,154,141,170,0,125,161,72,149,155,153,0,0,193,45,153,140,167,168,0,124,55,6
0,0,0,0,0,0,0,183,188,0,0,186,0,180,183,0,184,0,0,0,197,204,219,112,9,190,0,0,0,0,0,0,0,0,211,234,0,0,0,0,117,0,0,200,210,0,0,0,0,206,0,219,198,3,198,196,195,0,0,0,0,197,220,0,0,0,139,198,0,0,165,187,119,0,0,202,0,195,196,192,202,214,0,194,247,93,194,194,206,0,0,0,156,210,193,255,236,0,128,41,3
0,0,0,0,0,0,0,163,118,1,0,122,0,120,109,0,116,128,0,138,113,119,123,115,116,122,112,0,0,119,147,0,77,0,132,119,115,205,0,0,147,0,0,142,132,0,0,0,0,153,0,145,138,0,139,135,107,48,0,0,80,141,129,1,0,0,158,142,0,0,145,139,120,1,0,141,0,141,142,148,136,131,0,151,158,158,157,158,153,0,0,0,148,126,132,147,185,0,228,183,0
0,0,0,0,0,0,0,0,0,0,0,0,46,126,121,138,204,183,0,203,189,188,190,191,204,201,187,41,208,207,196,145,219,0,184,187,191,209,0,186,190,204,0,199,202,67,186,209,0,199,192,198,194,186,213,209,199,214,217,0,179,218,215,216,0,241,194,212,211,205,185,186,191,196,46,200,1,189,219,190,222,211,4,202,217,178,235,228,233,0,0,0,0,73,20,0,0,0,0,0,8
0,0,0,0,0,0,0,92,215,4,0,231,0,229,204,0,234,237,0,186,188,221,219,222,218,180,217,0,0,219,215,0,103,0,190,182,185,225,0,0,174,230,0,200,197,0,232,219,0,218,0,217,213,224,219,216,215,212,0,0,221,216,219,217,0,0,226,216,226,223,227,215,218,216,66,222,0,224,221,225,224,213,0,222,255,255,226,227,223,0,0,127,255,221,223,254,228,51,166,215,2
0,0,0,0,0,0,0,121,174,0,0,197,0,156,173,0,215,0,0,0,200,216,211,128,217,217,241,0,0,6,206,0,0,0,190,195,199,215,0,0,210,240,0,196,210,0,231,245,0,194,0,200,210,222,202,200,192,210,0,0,204,210,212,187,0,0,212,211,217,178,218,203,191,229,0,220,0,197,220,209,211,216,0,210,221,246,221,219,216,0,0,196,45,32,46,0,0,0,2,2,4
0,0,0,0,0,1,0,0,0,18,57,64,62,0,0,0,0,56,0,0,0,0,144,52,0,0,61,117,0,0,0,0,124,81,0,0,85,210,136,0,1,119,83,1,0,0,1,115,108,1,103,137,0,66,158,130,130,117,110,1,122,192,117,108,107,0,175,154,125,130,215,103,105,90,68,192,91,108,137,130,115,112,125,103,78,136,125,134,136,147,0,64,83,103,107,146,144,0,27,0,5
0,0,0,0,0,0,0,31,105,0,0,17,0,0,179,0,13,43,0,45,0,13,11,37,13,13,36,0,0,41,30,0,0,0,160,37,30,58,0,0,45,30,0,35,28,0,37,26,0,40,0,37,36,0,39,48,57,0,0,0,52,36,40,83,0,0,44,45,82,86,20,34,5,27,40,51,0,31,0,0,0,2,0,0,0,1,0,0,0,0,0,40,2,0,0,0,0,32,0,0,4
0,0,0,0,0,0,0,0,0,0,0,0,0,0,0,0,0,0,0,0,0,0,0,0,0,0,0,0,0,0,0,0,0,0,132,124,14,0,59,0,24,49,130,98,121,0,0,133,218,132,87,59,110,100,62,57,104,92,122,124,130,121,200,212,186,178,199,207,193,194,218,224,215,208,0,76,0,0,0,0,0,0,0,0,0,0,0,0,0,0,0,0,0,0,0,0,0,0,0,0,7
0,1,0,0,0,0,0,157,140,0,0,144,0,142,142,0,56,148,0,172,123,41,0,153,42,62,160,0,0,146,175,0,79,0,177,193,142,163,0,0,157,158,0,158,153,0,153,164,0,153,0,157,159,38,163,155,139,52,21,0,255,164,197,214,0,0,156,165,57,222,164,148,105,155,193,164,0,168,172,170,154,165,91,176,192,190,174,175,168,0,0,0,191,179,175,226,175,141,30,2,2
0,0,0,0,0,0,0,0,0,0,0,0,0,0,0,0,0,0,0,0,0,1,0,0,0,111,0,0,0,0,0,0,102,0,126,192,247,196,100,0,178,180,132,70,232,0,0,125,131,91,73,178,183,51,155,140,108,33,53,0,108,181,68,102,138,108,158,196,122,174,203,39,18,21,35,30,21,7,27,27,29,30,7,32,25,0,0,0,0,0,0,0,0,0,0,0,0,0,0,0,7
0,0,0,0,0,0,0,26,217,0,0,206,0,224,228,0,220,0,0,0,224,199,168,0,0,252,0,0,0,0,0,0,0,0,238,192,111,0,0,0,231,0,0,207,255,0,0,0,0,239,0,235,253,0,216,255,122,0,0,0,0,221,0,0,0,0,5,224,0,0,0,146,0,0,0,231,0,234,236,236,241,0,0,249,0,0,242,229,254,0,0,0,0,190,110,0,126,0,0,49,1
0,0,0,0,0,0,0,0,0,0,0,0,0,51,69,0,172,203,12,139,128,165,159,168,118,178,183,229,198,200,177,0,201,50,205,197,191,190,191,100,196,203,180,212,210,255,211,200,200,212,223,208,214,212,217,216,212,207,201,0,217,215,209,205,213,0,217,218,207,208,200,217,216,201,93,197,0,227,225,229,252,255,7,251,79,165,173,166,0,0,0,0,0,0,0,0,0,0,0,0,8
0,0,0,0,0,0,0,0,0,0,0,0,0,0,0,0,0,0,0,0,0,0,0,0,0,0,0,0,0,0,0,0,142,0,172,220,181,104,101,0,0,175,0,147,245,1,0,0,0,0,0,0,0,209,66,193,210,192,209,0,159,228,197,204,182,0,176,197,189,199,73,0,0,19,0,0,0,0,0,0,0,0,0,0,0,0,0,0,0,0,0,0,0,0,0,0,0,0,0,0,5
0,0,0,0,0,0,0,0,0,0,0,0,0,0,0,0,0,0,0,0,0,0,0,0,0,0,44,7,0,0,0,0,161,0,168,189,207,202,199,0,0,183,74,0,171,1,2,174,200,79,131,100,46,68,70,181,189,198,172,24,102,185,151,167,190,98,177,173,187,191,183,61,193,235,0,89,0,0,0,0,0,0,0,0,0,0,0,0,0,0,0,0,0,0,0,0,0,0,0,0,9
0,0,0,0,0,0,0,47,99,0,0,32,0,9,1,0,120,54,0,60,207,0,37,71,53,28,44,0,0,61,39,0,0,0,4,78,33,35,0,0,137,8,0,156,56,0,78,5,0,12,0,33,15,30,42,18,63,63,0,0,18,46,12,57,0,0,60,47,60,53,61,61,36,33,0,51,0,53,50,53,50,70,0,47,2,58,51,51,53,0,0,68,0,49,42,0,0,0,0,0,2
0,0,0,0,0,0,0,0,0,0,0,0,0,0,0,0,0,0,0,0,0,87,0,0,0,45,29,60,0,0,0,0,193,0,175,213,226,189,215,0,0,196,46,49,171,2,3,211,172,156,198,149,177,153,198,196,204,204,191,97,163,178,208,208,212,144,168,168,239,236,206,83,41,0,0,23,0,13,0,0,0,0,0,0,0,0,0,0,0,0,0,0,0,0,0,0,0,0,0,0,7
0,0,0,0,0,0,0,0,0,0,0,0,0,0,0,0,0,0,0,0,0,0,0,0,0,219,96,0,0,0,0,0,255,0,84,56,255,244,252,0,237,244,182,241,238,0,105,244,245,242,239,243,241,250,245,241,244,244,238,0,239,240,241,240,240,0,248,249,243,245,220,239,239,243,0,219,1,234,0,0,0,0,0,0,0,0,0,0,0,0,0,0,0,0,0,0,0,0,0,0,8
0,0,0,0,0,0,0,0,0,135,0,132,0,99,108,0,0,0,0,0,4,0,0,4,0,0,0,157,0,0,0,0,162,41,0,0,1,0,151,0,0,166,173,0,0,0,0,183,190,0,159,0,0,0,0,0,183,0,169,0,0,0,15,115,159,0,3,2,0,101,0,0,3,183,0,0,2,1,0,0,0,0,78,48,3,152,32,90,0,116,0,209,181,181,0,0,0,0,0,0,5
0,0,0,0,0,0,0,113,161,0,0,155,0,151,160,0,160,0,0,0,157,166,149,0,5,255,0,0,0,0,0,0,0,0,255,191,169,0,0,0,147,0,0,161,29,0,0,0,0,153,0,154,48,0,202,0,188,33,0,0,158,191,218,0,0,0,219,203,0,0,227,199,23,0,0,96,0,113,191,176,219,199,0,202,44,0,184,198,0,0,0,0,0,191,219,67,233,0,81,219,1
0,0,0,0,0,0,0,0,0,0,0,0,0,0,0,0,0,0,0,0,0,0,0,0,0,0,0,0,0,0,0,0,132,85,0,0,0,0,145,0,0,168,110,0,1,1,0,141,100,1,54,62,85,76,10,1,0,193,12,0,141,0,118,64,0,97,58,37,209,130,126,70,77,148,0,0,0,0,0,0,0,0,0,0,0,0,0,0,0,0,0,0,0,0,0,0,0,0,0,0,5
0,0,0,0,0,0,0,189,137,0,0,185,0,158,216,0,158,0,0,0,83,180,0,0,0,146,1,0,0,0,0,0,0,0,196,176,0,0,0,0,40,0,0,22,19,0,0,0,0,72,0,75,32,0,28,96,32,38,0,0,56,25,38,0,0,0,64,18,12,0,61,45,52,0,0,20,0,22,39,24,45,52,0,80,40,65,38,57,30,0,0,22,21,75,46,107,32,0,17,100,3
0,0,0,0,0,0,0,244,234,0,0,236,0,235,236,0,235,3,0,0,238,241,255,0,252,243,0,0,0,0,0,0,0,0,255,112,255,43,0,0,138,0,0,254,239,0,0,0,0,255,0,255,248,230,236,236,255,233,0,0,0,238,0,0,0,0,255,240,82,0,255,255,0,0,0,241,0,240,241,241,239,243,0,234,43,48,236,241,247,0,0,0,0,239,74,250,0,0,171,0,4
0,0,0,0,0,0,0,169,0,0,0,194,0,0,0,0,5,0,0,0,0,0,98,0,1,0,0,0,0,76,0,0,5,0,0,0,0,73,0,0,0,84,0,63,85,0,202,153,0,197,0,224,228,221,217,207,196,221,0,0,213,219,224,0,0,0,221,221,213,0,227,220,224,142,4,225,0,224,213,228,227,217,0,220,231,216,210,210,212,0,0,197,214,223,224,55,96,0,0,0,8
0,0,0,0,0,0,0,102,232,0,0,219,0,226,230,0,215,0,0,0,216,213,217,0,244,218,28,0,0,0,0,0,0,0,213,209,207,156,0,0,224,0,0,227,209,0,0,0,0,211,0,213,214,237,218,214,210,235,0,0,236,221,206,99,0,0,210,217,252,175,221,209,81,0,0,220,0,221,216,217,209,187,0,225,0,0,212,217,226,0,0,0,0,214,248,255,192,0,71,0,4
0,0,0,0,0,0,0,50,5,0,0,67,0,61,130,0,61,0,0,0,123,59,97,0,74,76,0,0,0,0,0,0,0,0,62,45,19,0,0,0,51,0,0,68,90,0,0,0,0,74,0,73,45,0,71,96,0,0,0,0,0,70,0,0,0,0,46,73,0,0,57,0,0,0,0,0,0,0,70,0,50,0,0,70,0,0,73,0,72,0,0,0,0,0,0,0,0,0,0,0,1
0,0,0,0,0,0,0,0,194,0,0,201,0,163,183,0,217,210,0,159,204,179,182,213,156,183,198,0,0,77,186,0,0,0,171,211,232,0,0,0,199,1,0,210,213,0,0,0,0,183,0,180,210,2,194,163,204,0,0,0,0,206,245,2,0,0,106,154,0,2,145,198,117,0,0,163,0,213,200,163,226,188,0,196,214,145,165,213,207,0,0,1,156,170,207,212,198,0,177,130,0
0,0,0,0,0,0,0,0,0,0,0,0,0,0,0,0,0,0,0,0,0,0,0,0,0,0,0,0,0,0,0,0,0,0,255,0,0,0,26,0,0,88,0,185,204,2,2,220,23,210,0,209,202,209,102,204,157,249,109,112,182,176,190,196,197,155,215,224,215,218,99,75,107,89,0,0,0,0,0,0,0,0,0,0,0,0,0,0,0,0,0,0,0,0,0,0,0,0,0,0,5
0,0,0,0,0,0,0,172,228,1,0,219,0,211,222,0,213,206,0,220,212,199,213,206,209,208,207,0,0,227,221,0,0,0,211,207,202,217,0,0,219,158,0,213,212,0,0,0,0,207,0,211,213,17,215,214,199,38,0,0,226,216,203,6,0,0,213,215,0,5,215,214,30,0,0,216,0,217,216,219,212,217,0,216,28,227,220,222,214,0,0,0,228,213,210,240,223,0,171,153,0
0,0,0,0,0,0,0,103,193,0,0,163,0,187,189,0,187,0,0,0,171,179,129,0,0,222,0,0,0,0,0,0,0,0,218,195,71,0,0,0,227,0,0,197,206,0,0,0,0,232,0,235,251,0,215,85,220,0,0,0,0,225,0,0,0,0,81,227,0,0,88,227,0,0,0,157,0,148,228,146,226,0,0,210,0,0,234,146,229,0,0,0,0,150,138,0,158,0,0,28,1
0,0,0,0,0,0,0,0,214,0,0,195,0,0,183,0,150,0,0,0,128,0,0,0,0,185,0,0,0,0,0,0,0,0,196,122,0,0,0,0,0,0,0,115,155,0,0,0,0,0,0,0,222,0,161,153,0,0,0,0,0,194,0,0,0,0,0,223,0,0,0,0,0,0,0,228,0,221,223,224,141,0,0,0,0,0,253,239,216,0,0,0,0,228,0,187,0,0,137,0,3
0,0,74,0,0,0,0,137,125,69,0,142,0,110,121,0,163,69,0,66,196,52,69,69,174,121,69,0,0,74,49,0,0,0,144,50,71,69,0,0,128,69,0,142,125,0,76,68,0,148,0,139,161,95,175,153,91,88,0,0,98,152,93,85,0,0,91,167,85,83,104,95,90,80,0,148,0,169,169,115,99,88,0,114,85,74,49,36,109,0,0,76,76,115,72,50,74,0,72,69,1
0,0,0,0,0,0,0,0,0,0,0,0,0,3,0,0,69,133,3,0,0,251,224,225,0,212,199,0,0,0,0,0,248,1,204,207,218,218,246,0,0,226,123,154,220,0,0,227,255,224,225,243,217,0,215,226,208,234,219,0,255,213,255,216,255,5,211,215,244,232,211,84,68,232,203,219,77,218,221,226,1,0,55,255,182,0,5,0,2,56,0,0,0,0,0,0,0,0,0,0,9
0,0,0,0,0,0,0,45,79,0,0,82,0,94,99,0,86,0,0,0,116,79,0,0,0,111,0,0,0,0,0,0,0,0,130,97,0,0,0,0,128,0,0,104,150,0,0,0,0,126,0,124,224,0,151,185,0,0,0,0,0,155,0,0,0,0,11,138,0,0,20,0,0,0,0,194,0,189,141,163,84,0,0,114,0,0,133,133,128,0,0,0,0,108,0,0,0,0,0,0,1
0,0,74,0,0,0,0,0,0,211,216,214,0,1,0,0,228,177,0,0,0,210,207,199,0,234,190,229,0,0,0,0,203,47,182,187,197,212,239,0,238,252,209,223,199,0,0,206,118,182,191,207,215,189,211,231,102,0,199,0,211,217,0,202,67,88,222,217,4,198,219,0,0,166,224,223,0,220,211,229,1,1,112,212,0,206,208,126,0,0,0,119,157,115,0,3,0,0,0,0,9
0,0,0,0,0,0,0,0,147,0,0,97,0,107,100,0,100,0,0,0,87,110,63,0,0,161,0,0,0,0,0,0,0,0,204,87,73,0,0,0,127,0,0,57,53,0,0,0,0,97,0,110,77,0,127,0,107,0,0,0,0,100,0,0,0,0,40,104,0,0,13,137,0,0,0,140,0,124,107,107,97,0,0,100,0,0,130,117,181,0,0,0,0,120,87,57,53,0,23,6,1
0,0,0,0,0,0,0,0,0,0,0,0,0,0,0,0,0,0,0,0,0,0,0,0,0,104,80,0,0,0,0,0,0,0,3,1,0,1,100,0,0,0,181,0,1,0,0,0,159,1,148,1,1,15,0,0,0,54,172,1,0,3,152,176,0,0,0,0,0,0,0,0,0,165,160,209,0,6,0,0,0,0,0,0,0,0,0,0,0,0,0,0,0,0,0,0,0,0,0,0,5
0,0,0,0,1,0,0,172,95,0,0,154,0,191,172,0,154,195,0,208,176,155,169,160,166,147,152,0,0,176,155,0,0,0,138,137,159,175,0,0,150,134,0,146,124,0,134,193,0,159,0,181,142,168,134,171,137,204,0,0,139,149,136,151,0,0,152,137,223,144,164,149,147,187,82,119,0,0,0,0,0,0,0,0,16,0,0,0,0,0,0,96,0,0,3,0,2,1,0,2,2
0,0,0,0,0,0,0,0,0,0,0,0,0,0,0,0,0,0,0,0,0,0,0,0,0,0,0,116,0,0,0,0,220,0,222,223,235,236,241,0,0,210,255,211,218,5,4,221,255,255,209,218,208,254,214,216,239,227,238,119,201,218,205,212,251,218,221,223,224,221,225,144,214,173,8,253,0,39,0,0,0,0,0,0,0,0,0,0,0,0,0,0,0,0,0,0,0,0,0,0,9
0,0,0,0,0,0,0,0,0,0,0,0,0,0,86,0,120,0,0,0,143,0,0,0,1,0,0,0,0,0,0,0,0,0,175,180,113,0,0,0,195,0,0,184,160,0,197,92,0,188,0,195,182,178,204,200,212,213,0,0,182,207,213,207,0,0,197,205,204,208,199,214,217,153,0,207,0,208,208,208,213,216,0,205,218,195,211,211,212,0,0,205,201,202,206,251,242,0,126,137,8
0,0,1,0,0,0,0,189,71,0,0,202,0,176,181,0,190,204,0,172,178,228,183,196,156,181,210,0,0,164,196,0,150,0,170,170,164,222,0,0,158,0,0,167,174,0,0,0,0,149,0,149,172,0,174,181,196,0,0,0,117,175,125,0,0,0,171,176,0,0,168,204,0,0,0,181,0,182,179,183,186,181,0,175,5,147,185,189,190,0,0,0,153,185,189,190,207,0,172,125,0
0,0,0,0,0,0,0,160,129,0,0,0,0,91,97,0,113,0,0,0,110,110,0,0,0,119,0,0,0,0,0,0,0,0,144,154,0,0,0,0,138,0,0,154,135,0,0,0,0,141,0,141,138,0,154,176,195,0,0,0,9,173,147,0,0,0,138,185,0,0,125,125,47,0,0,141,0,163,125,170,192,125,0,166,91,94,119,173,198,0,0,0,85,173,160,179,166,0,179,154,3
0,0,0,0,0,0,0,0,237,0,0,215,0,227,222,0,220,0,0,0,224,218,113,0,0,220,0,0,0,0,0,0,0,0,248,222,102,0,0,0,255,0,0,216,95,0,0,0,0,241,0,240,224,0,221,0,219,0,0,0,0,223,27,0,0,0,0,228,0,0,0,225,0,0,0,230,0,225,200,229,245,72,0,0,0,0,76,242,184,0,0,0,0,226,227,237,224,0,240,187,1
0,0,0,0,1,0,0,181,172,0,1,170,0,176,176,0,175,123,0,206,180,174,212,184,226,192,178,0,0,199,198,0,0,0,183,195,126,179,0,0,194,60,0,198,197,0,193,92,0,198,0,201,184,14,197,197,236,158,0,0,144,195,120,173,0,0,249,192,251,175,227,209,0,187,92,192,0,192,196,193,202,165,0,181,0,0,0,0,0,0,0,37,2,0,0,1,0,43,0,0,2
0,0,0,0,0,0,0,25,22,41,0,9,0,19,30,0,74,33,0,43,66,103,83,27,11,20,27,0,0,30,50,0,46,0,79,58,140,103,50,0,98,43,0,67,108,0,0,0,0,32,0,25,37,0,30,38,27,46,0,0,32,32,29,0,0,0,30,30,27,0,27,24,30,0,0,30,0,30,25,29,29,27,0,20,19,22,22,27,30,0,0,0,19,30,19,29,20,0,27,24,0
0,0,0,0,0,0,0,0,0,0,0,0,0,0,0,0,210,215,0,0,5,197,214,252,0,215,29,14,0,0,0,0,197,0,10,4,2,0,205,0,0,0,195,0,0,0,0,0,202,0,196,0,0,7,0,0,0,209,199,0,0,2,207,0,1,0,0,0,0,0,0,0,1,51,0,0,0,0,0,177,1,0,180,209,0,79,38,0,0,3,0,0,0,0,0,0,0,0,0,0,5
0,0,0,0,0,0,0,179,181,0,0,151,0,150,228,0,165,0,0,0,188,178,174,0,197,132,0,0,0,0,0,0,0,0,190,166,202,0,0,0,169,0,0,153,131,0,0,0,0,187,0,196,203,0,151,128,179,139,0,0,203,134,208,0,0,0,181,171,0,0,190,196,190,0,0,184,0,187,188,186,157,141,0,188,158,181,162,192,189,0,0,153,196,199,202,207,188,0,0,0,0
0,0,0,0,0,0,0,193,180,0,0,173,0,179,174,0,179,168,0,170,183,178,173,162,187,172,158,0,0,191,179,0,177,0,180,174,183,44,0,0,213,175,0,183,179,0,187,188,0,206,79,195,188,0,192,184,174,141,111,0,241,190,172,61,0,0,200,194,3,34,193,192,214,221,136,192,0,194,193,193,185,179,0,198,205,214,196,195,193,0,0,18,207,195,187,227,223,0,142,128,2
0,0,0,0,0,1,0,0,0,170,161,238,0,0,0,0,254,226,0,0,0,241,255,226,0,0,224,0,0,0,0,0,208,0,126,249,229,230,97,0,0,209,0,0,0,0,0,207,0,1,225,0,0,5,58,207,215,217,216,1,0,240,216,217,235,2,208,229,227,223,227,222,235,225,102,198,0,228,232,229,205,222,210,236,215,217,219,219,226,217,0,233,235,235,0,49,0,0,0,3,9
0,0,0,0,0,0,0,0,0,129,0,150,0,0,150,0,0,0,0,0,150,0,1,0,0,7,0,14,0,0,0,0,181,0,0,1,2,0,178,0,0,203,153,78,0,0,0,208,204,63,218,155,91,3,0,216,80,223,255,0,14,0,210,0,0,0,60,4,4,0,0,47,3,0,1,1,0,1,0,0,0,0,2,70,0,208,137,134,0,0,30,182,191,181,0,0,0,0,0,0,5
0,0,0,0,0,0,0,0,186,0,0,201,0,197,200,0,202,5,0,143,201,199,199,219,189,198,219,0,0,221,209,0,0,0,197,196,249,203,0,0,200,11,0,204,209,0,217,103,0,199,0,200,204,202,205,205,255,194,0,0,33,208,31,220,0,0,215,208,209,205,223,227,205,0,0,207,0,207,201,205,209,201,0,240,232,235,208,204,211,0,0,0,214,204,205,233,223,0,144,100,4
0,0,0,0,2,0,0,143,154,0,3,145,0,142,137,0,144,186,0,211,138,140,174,175,183,149,197,0,0,209,200,0,0,0,168,166,186,215,0,0,173,223,0,175,176,0,213,229,0,182,0,180,180,87,183,180,181,144,0,0,227,184,200,227,0,0,178,183,201,224,182,184,132,213,143,177,0,180,184,181,185,200,0,158,42,0,0,0,0,0,0,0,5,0,0,2,0,13,0,0,6
0,0,0,0,0,0,0,0,157,0,0,205,0,141,194,0,146,159,0,131,139,154,159,164,143,137,165,0,0,195,182,0,0,0,157,150,180,165,0,0,152,215,0,159,149,0,175,244,0,179,0,171,156,238,170,142,182,198,0,0,134,167,167,194,0,0,220,172,225,211,207,148,165,199,0,154,0,174,182,175,157,175,0,179,81,99,254,218,241,0,0,212,0,57,53,0,0,0,2,3,4
0,0,0,0,0,0,0,91,228,0,0,227,0,225,229,0,240,0,0,0,250,227,185,0,0,255,0,0,0,0,0,0,0,0,248,231,0,0,0,0,255,0,0,233,150,0,0,0,0,230,0,204,223,0,242,114,122,0,0,0,0,240,0,0,0,0,0,237,0,0,0,95,0,0,0,255,0,255,247,234,243,0,0,199,0,0,244,253,249,0,0,0,0,244,22,101,31,0,0,0,1
0,0,0,0,0,0,0,77,113,0,0,49,0,125,244,0,15,23,0,186,51,43,40,209,174,0,188,0,0,196,185,0,0,0,164,161,184,161,0,0,151,136,0,104,139,0,114,188,0,154,0,146,130,134,159,136,206,157,0,0,170,112,148,146,0,0,204,171,188,94,145,158,169,216,89,126,0,176,140,157,164,255,0,152,28,1,87,75,29,0,0,172,0,0,0,0,0,8,3,0,4
0,0,0,0,0,0,0,0,25,0,0,171,0,0,1,0,0,0,0,0,1,10,0,1,78,1,3,0,0,0,0,0,0,0,168,160,205,87,0,0,118,0,0,136,126,0,0,0,0,100,0,100,127,115,115,132,123,145,0,0,123,156,131,0,0,0,165,146,57,0,177,200,145,0,0,159,0,139,142,134,120,156,0,137,176,125,145,136,128,0,0,83,134,136,140,139,145,0,139,140,8
0,0,0,0,76,0,123,95,72,137,132,114,0,143,113,29,84,169,0,108,135,199,61,124,102,146,135,119,158,137,141,0,0,0,122,118,102,72,0,1,122,1,0,113,111,0,126,0,0,120,0,119,119,109,119,116,123,103,0,0,118,119,112,35,1,0,120,118,120,61,120,128,93,0,0,119,0,120,118,120,119,124,1,123,119,123,125,123,117,0,0,108,122,117,103,142,126,0,102,84,6
0,1,0,0,0,0,0,116,92,0,0,95,0,102,92,0,105,121,0,128,88,108,103,113,123,102,131,0,0,102,180,0,18,0,98,110,80,156,0,0,102,125,0,100,97,0,106,110,0,105,0,115,103,126,103,93,103,80,0,0,134,106,111,133,0,0,111,113,115,133,118,93,106,102,85,120,0,108,108,113,106,102,0,105,95,129,136,138,134,0,0,116,129,134,118,139,141,0,93,93,2
0,0,0,0,0,0,0,248,217,0,0,247,0,249,245,0,244,255,0,247,242,247,246,238,229,236,237,0,0,238,237,0,133,0,231,228,240,254,0,0,227,254,0,226,228,0,227,244,0,223,0,221,219,66,225,229,233,227,0,0,198,224,250,255,0,0,241,225,79,255,230,230,248,220,138,227,0,227,226,235,238,254,0,228,217,253,244,241,218,0,0,71,0,7,0,0,0,17,2,4,4
0,0,0,0,0,0,0,0,0,0,0,0,0,0,0,0,76,144,0,54,128,144,160,145,103,110,103,165,143,146,146,0,170,0,162,164,158,173,106,0,157,185,199,178,182,160,180,200,185,173,55,172,175,168,183,178,169,164,217,141,184,184,170,159,209,1,169,174,167,168,174,157,157,165,227,190,21,77,0,0,0,0,97,0,1,0,0,0,0,0,0,0,0,0,0,0,0,0,0,0,8
0,0,0,0,0,0,0,96,70,0,0,84,0,52,209,0,105,104,0,135,162,76,81,102,147,64,116,0,0,104,140,0,49,0,158,113,52,99,0,0,101,0,0,146,135,0,3,0,0,81,0,52,214,31,209,95,81,27,0,0,212,175,93,3,0,0,138,122,0,3,123,107,34,0,0,122,0,111,128,125,98,90,0,143,37,187,125,137,119,0,0,0,179,144,93,141,134,0,92,55,0
0,0,0,0,0,0,0,0,0,0,0,0,0,0,0,0,0,0,0,0,0,0,0,0,0,0,0,0,3,35,60,0,66,0,218,219,216,205,110,0,199,187,252,149,141,0,186,203,0,162,0,147,215,169,206,125,153,156,0,1,164,182,172,52,0,0,162,155,156,0,221,218,188,0,1,70,0,0,0,0,0,0,0,0,0,0,0,0,0,0,0,0,0,0,0,0,0,0,0,0,8
0,0,0,0,1,0,0,98,139,0,0,125,0,114,114,0,110,199,0,120,114,117,152,205,110,110,209,0,0,115,115,0,36,0,110,142,201,182,0,0,107,175,0,107,125,0,117,175,0,110,0,110,110,38,115,148,166,4,0,0,139,114,243,193,0,0,112,112,64,224,118,152,147,139,148,126,0,128,112,131,128,164,0,115,190,139,140,147,164,0,0,139,128,121,133,204,226,0,197,158,2
0,0,0,0,0,0,0,45,22,0,0,20,0,75,116,0,30,50,0,7,45,45,70,55,98,32,68,0,0,47,80,0,0,0,53,63,47,116,0,0,70,111,0,50,73,0,78,100,0,65,0,68,63,141,65,65,68,47,0,0,108,68,75,118,0,0,68,70,176,136,68,75,55,90,0,78,0,75,93,78,88,85,0,85,63,35,100,65,75,0,0,184,53,111,103,133,133,0,25,12,6
0,0,1,0,0,0,0,212,195,0,0,226,0,208,253,0,153,31,0,0,221,193,204,181,228,205,0,0,0,0,0,0,0,0,226,229,243,0,0,0,227,0,0,229,227,0,0,0,0,229,0,230,229,235,229,229,226,224,0,0,228,229,222,0,0,0,231,229,76,0,231,231,241,3,0,229,0,229,229,229,228,224,0,230,241,228,229,229,228,0,0,205,233,235,235,227,224,0,186,176,6
0,0,2,0,1,0,0,231,222,0,0,218,0,215,228,0,186,218,0,218,212,174,217,217,214,197,217,0,0,220,217,0,157,0,233,218,221,213,0,0,213,224,0,212,172,0,210,220,0,221,0,217,196,155,215,202,210,213,37,0,228,224,215,250,0,0,197,176,118,249,209,168,234,215,91,226,0,214,188,198,187,192,0,215,255,227,211,210,211,0,0,199,249,231,235,122,122,41,0,0,2
0,0,0,0,1,0,1,159,11,0,0,255,0,6,154,0,90,55,1,51,167,118,84,49,81,201,56,47,83,76,69,0,70,56,40,64,52,62,81,0,60,105,0,112,126,2,128,143,3,70,4,81,167,118,85,81,54,48,2,0,88,80,87,0,0,0,85,96,70,0,90,42,54,0,0,72,0,83,103,92,85,78,3,101,75,85,90,74,79,0,0,141,116,104,58,49,23,0,0,0,0
0,0,0,0,0,0,0,69,46,1,0,51,0,55,55,0,53,66,0,94,91,18,54,57,153,120,61,0,0,81,41,0,0,0,96,30,36,69,0,0,133,68,0,103,252,0,58,78,0,68,0,129,243,0,112,10,53,0,0,0,48,44,35,0,0,0,83,61,2,0,102,80,0,0,0,61,0,60,72,62,61,48,0,86,0,88,80,65,66,0,0,0,89,65,81,75,88,0,71,68,0
0,0,0,0,0,0,0,144,104,0,0,88,0,115,118,0,98,103,0,138,113,111,104,123,97,108,117,0,0,161,147,0,0,0,108,114,132,137,0,0,120,77,0,112,118,0,135,123,0,115,0,110,125,13,116,124,140,96,0,0,159,109,70,106,0,0,116,118,194,117,113,129,88,112,122,133,0,135,126,142,109,135,0,117,63,140,136,138,109,0,0,68,131,129,116,143,113,56,121,97,6
0,0,0,0,0,0,0,0,0,0,0,0,0,0,0,0,0,0,0,0,0,0,0,0,0,206,0,0,0,0,0,0,0,0,7,0,0,0,4,0,7,38,4,0,48,0,0,0,2,115,2,24,12,103,7,0,0,19,4,2,0,0,120,0,0,0,0,0,33,33,4,158,194,165,149,144,0,0,0,0,0,0,0,0,0,0,0,0,0,0,0,0,0,0,0,0,0,0,0,0,5
0,0,0,0,0,0,0,243,218,0,0,214,0,218,218,0,218,0,0,0,217,221,238,0,235,226,19,0,0,0,78,0,0,0,235,254,173,51,0,0,255,0,0,200,149,0,0,0,0,244,0,235,227,0,227,229,226,0,0,0,17,228,18,0,0,0,238,228,3,0,241,244,0,0,0,228,0,228,229,229,226,33,0,226,0,0,227,231,228,0,0,1,0,227,186,255,203,0,134,75,3
0,0,0,0,0,0,0,0,207,0,0,208,0,204,212,0,184,0,0,0,177,170,125,0,0,211,0,0,0,0,0,0,0,0,210,176,105,0,0,0,240,0,0,189,250,0,0,0,0,244,0,243,227,0,200,202,226,0,0,0,0,201,0,0,0,0,0,200,0,0,2,179,0,0,0,226,0,224,208,222,216,0,0,223,0,0,206,224,224,0,0,0,0,222,195,103,198,0,77,209,1
0,0,0,0,0,0,0,0,0,0,0,0,0,0,0,0,0,0,0,0,0,0,1,1,0,0,0,143,0,0,0,0,185,0,149,175,208,228,175,0,0,172,76,0,131,0,0,171,181,62,165,158,146,136,141,159,230,195,158,0,143,160,168,168,211,132,159,158,181,168,141,236,202,200,150,211,0,103,0,0,0,0,0,0,0,0,0,0,0,0,0,0,0,0,0,0,0,0,0,0,9
0,0,0,0,0,0,0,0,0,0,0,0,0,0,0,0,1,0,0,0,1,0,0,0,3,0,218,0,0,0,0,0,0,0,0,0,244,0,1,0,52,0,0,0,1,1,136,145,162,92,13,163,142,80,91,13,52,50,41,39,10,17,41,41,50,69,54,50,43,45,43,45,45,43,35,47,0,12,12,12,12,13,0,0,0,0,0,0,0,0,0,0,0,0,0,0,0,0,0,0,5
0,0,0,0,0,0,0,0,194,0,0,188,0,189,177,0,178,0,0,0,182,186,0,0,0,180,0,0,0,0,0,0,0,0,183,186,0,0,0,0,41,0,0,198,184,0,0,0,0,187,0,201,185,0,192,187,219,0,0,0,0,189,81,0,0,0,24,190,0,0,47,214,0,0,0,186,0,192,191,187,179,117,0,222,0,0,190,186,189,0,0,0,0,187,200,201,208,0,84,74,3
0,0,0,0,0,0,0,0,0,0,0,0,0,0,0,0,180,166,0,0,0,226,238,220,0,197,208,0,0,0,0,0,205,0,228,214,216,218,242,0,0,207,247,60,221,0,0,128,99,173,222,166,221,116,186,208,231,201,224,0,91,204,185,207,69,53,225,216,204,209,202,219,231,228,228,215,0,36,0,0,15,16,0,0,0,0,0,0,0,0,0,0,0,0,0,0,0,0,0,0,9
0,0,1,0,0,0,0,213,179,0,0,189,0,195,189,0,190,194,0,213,231,192,188,188,176,148,219,0,0,209,233,0,211,0,210,221,18,237,145,0,46,96,0,53,62,0,3,3,0,37,0,39,67,0,77,62,47,0,0,0,79,87,43,0,0,0,29,26,0,0,15,5,0,0,0,23,0,24,31,25,10,13,0,10,0,34,37,26,30,0,0,0,35,27,8,4,7,0,10,12,0
0,0,0,0,0,0,0,0,108,0,0,211,0,225,215,0,212,0,0,0,219,211,213,98,0,216,93,0,0,0,0,0,0,0,224,226,224,5,0,0,221,0,0,221,222,0,0,0,0,221,0,221,224,0,230,227,217,104,0,0,224,233,236,0,0,0,236,231,0,0,231,227,249,0,0,229,0,229,229,230,230,225,0,225,239,250,225,227,230,0,0,0,253,236,234,252,236,0,0,0,6
0,0,0,0,0,0,0,23,100,0,0,155,0,136,169,0,151,0,0,0,166,102,118,0,0,114,0,0,0,0,0,0,0,0,135,201,28,0,0,0,207,0,0,139,197,0,0,0,0,191,0,151,224,0,133,12,136,0,0,0,0,130,7,0,0,0,0,166,0,0,0,147,0,0,0,199,0,203,139,172,182,13,0,134,0,0,102,167,162,0,0,0,0,163,167,0,170,0,0,112,1
0,0,0,0,0,0,0,0,0,0,0,0,0,0,0,0,0,0,0,0,0,0,0,0,0,0,0,0,0,0,0,0,0,0,0,0,0,0,0,0,0,0,1,255,209,29,127,0,0,213,0,229,232,221,216,210,185,163,181,0,185,181,225,172,204,0,252,252,255,255,9,1,73,34,0,0,0,0,0,0,0,0,0,0,0,0,0,0,0,0,0,0,0,0,0,0,0,0,0,0,5
0,0,0,0,0,0,0,233,221,0,1,240,0,232,235,0,235,238,0,255,236,237,241,237,241,240,239,0,0,249,243,0,0,0,239,243,252,237,0,0,241,234,0,240,243,0,255,247,0,244,0,244,242,230,240,242,235,148,0,0,255,240,255,255,0,0,242,240,75,255,245,235,230,252,199,243,0,245,241,245,249,255,0,241,232,249,242,245,247,0,0,1,242,240,241,255,247,76,173,187,2
0,0,0,0,0,0,0,0,216,0,0,0,0,247,220,0,212,1,0,0,233,218,231,0,199,225,157,0,0,0,220,0,0,0,224,237,176,208,0,0,236,0,0,226,227,0,169,0,0,240,0,236,229,246,232,223,138,243,0,0,106,235,151,187,0,0,200,234,237,230,188,163,166,87,0,228,0,225,233,227,200,150,0,220,104,237,227,225,222,0,0,207,31,239,208,0,0,0,0,0,4
0,0,0,0,0,0,0,0,0,0,0,233,0,0,0,0,231,228,54,0,0,212,206,220,0,110,227,93,0,0,0,0,231,0,225,221,223,225,178,0,0,212,0,0,247,0,0,219,0,0,252,0,126,0,130,212,222,225,239,0,0,250,226,225,251,4,230,201,224,224,203,219,223,225,140,210,27,213,219,222,229,255,230,218,95,225,229,232,45,112,0,197,249,238,0,0,1,0,0,0,9
0,0,1,0,0,0,0,187,187,0,2,37,0,189,189,0,192,240,0,69,37,184,150,155,198,219,216,0,4,181,189,0,132,0,143,0,208,145,0,0,195,0,0,182,195,0,0,6,0,213,0,234,201,214,248,191,218,43,0,0,224,144,194,0,0,0,213,2,23,0,206,195,208,7,0,65,0,186,212,206,12,211,1,191,222,35,198,200,55,0,0,18,68,193,134,221,53,0,171,147,0
0,0,0,0,2,0,0,166,232,0,0,168,0,112,68,0,123,113,0,128,104,111,122,96,110,104,115,0,0,95,135,0,55,0,106,101,94,139,0,0,112,128,0,107,102,0,0,0,0,120,0,112,108,48,115,109,106,62,0,0,138,113,104,3,0,0,113,111,0,4,113,104,65,0,0,111,0,111,113,112,116,110,0,118,91,124,116,116,113,0,0,0,120,110,113,132,119,0,83,81,0
0,0,0,0,0,0,0,255,183,0,0,206,0,222,238,0,206,16,0,206,215,207,204,221,210,211,218,0,0,218,206,0,0,0,207,212,208,202,0,0,211,147,0,207,211,0,203,199,0,210,0,209,214,216,206,213,216,208,0,0,195,205,218,207,0,0,204,207,210,205,208,248,204,248,118,221,0,216,208,217,195,28,0,179,130,93,206,241,174,0,0,128,0,0,0,0,6,9,1,1,4
0,0,0,0,0,0,0,0,0,0,0,0,0,0,0,0,0,0,0,0,0,49,128,0,0,0,89,1,0,0,0,0,194,0,165,135,208,197,253,0,0,197,183,2,139,0,1,224,153,0,197,143,172,73,157,164,201,189,157,0,143,153,179,125,166,17,161,158,135,156,152,207,203,199,123,158,14,0,26,34,30,26,0,0,0,0,0,0,0,0,0,0,0,0,0,0,0,0,0,0,7
0,0,0,0,0,0,0,0,0,0,0,0,0,0,0,0,0,0,0,0,0,1,0,0,0,0,131,42,0,0,0,0,0,0,79,61,82,144,0,0,1,0,92,0,56,0,0,118,142,0,94,0,1,18,0,197,126,0,101,1,100,0,0,23,109,0,124,190,0,23,52,1,3,131,82,66,2,109,69,68,0,0,0,55,0,0,0,0,0,0,0,0,0,0,0,0,0,0,0,0,5
0,0,0,0,0,0,0,30,197,0,0,168,0,175,169,0,188,0,0,0,161,172,124,0,0,241,0,0,0,0,0,0,0,0,223,158,73,0,0,0,226,0,0,167,83,0,0,0,0,174,0,162,181,0,187,79,89,0,0,0,0,183,0,0,0,0,0,182,0,0,0,124,0,0,0,197,0,172,204,163,211,0,0,123,0,0,213,124,164,0,0,0,0,148,129,0,80,0,0,15,1
0,0,0,0,0,0,0,0,0,0,0,0,0,0,0,0,0,0,0,0,0,0,0,1,0,109,0,1,0,0,0,0,214,0,0,0,81,102,97,0,0,196,245,0,0,0,0,191,218,0,205,106,0,167,95,0,202,142,26,0,187,210,60,18,41,128,198,209,43,40,201,44,44,43,26,67,16,23,44,45,22,21,0,0,0,0,0,0,0,0,0,0,0,0,0,0,0,0,0,0,5
0,0,0,0,0,0,0,0,163,0,0,208,0,146,154,0,149,0,0,0,148,203,0,0,0,214,0,0,0,0,0,0,0,0,155,223,0,0,0,0,1,0,0,188,200,0,0,0,0,0,0,0,181,0,159,202,0,0,0,0,0,156,0,0,0,0,0,156,0,0,0,0,0,0,0,237,0,245,176,243,0,0,0,0,0,0,161,249,209,0,0,0,0,226,0,217,0,0,53,0,1
0,0,0,0,0,0,0,0,0,0,0,0,0,0,0,0,0,0,0,0,0,0,0,0,0,0,0,0,0,0,0,0,0,0,167,19,0,0,117,0,51,143,255,183,190,0,0,187,233,202,195,193,173,223,237,218,194,185,147,6,13,19,0,0,0,40,4,7,37,39,43,23,27,28,0,0,0,0,0,0,0,0,0,0,0,0,0,0,0,0,0,0,0,0,0,0,0,0,0,0,7
0,0,0,0,0,0,0,116,152,0,0,145,0,107,109,0,133,0,0,155,128,130,131,135,125,123,145,0,0,187,160,0,0,0,131,124,255,137,0,0,132,0,0,128,132,0,130,0,0,122,0,119,133,197,132,125,102,174,0,0,69,129,70,157,0,0,149,125,136,144,141,154,192,57,0,128,0,133,125,130,106,75,0,121,27,124,123,130,119,0,0,179,134,129,136,151,141,0,86,0,6
0,0,0,0,0,0,0,211,185,0,0,169,0,145,185,0,141,0,0,0,168,102,203,203,202,203,219,0,0,0,101,0,0,0,200,202,192,223,0,0,194,0,0,213,198,0,0,0,0,200,0,201,196,209,184,211,211,185,0,0,178,133,197,132,0,0,230,123,212,140,227,158,197,0,0,145,0,135,148,149,160,207,0,188,198,207,201,187,203,0,0,80,207,180,195,255,240,0,0,114,3
0,0,0,0,0,0,0,1,0,98,132,228,2,0,19,0,188,171,2,0,105,198,209,175,0,180,181,0,0,0,0,0,215,0,168,201,210,133,207,0,6,201,166,187,207,0,0,217,197,195,171,194,178,0,158,217,193,165,179,0,33,148,179,228,208,0,168,151,87,251,160,255,0,185,29,186,0,204,206,209,0,0,175,221,0,222,188,210,0,248,0,46,87,108,1,0,0,0,0,0,9
0,0,0,0,0,0,0,240,241,0,0,222,0,228,228,0,225,255,0,115,224,224,225,223,228,225,227,0,0,239,225,0,213,0,230,227,234,248,0,0,224,0,0,233,232,0,0,0,0,232,0,233,233,0,229,242,229,228,0,0,194,229,240,0,0,0,246,229,30,0,238,231,246,3,0,233,0,233,237,233,236,222,0,228,246,231,237,233,239,0,0,0,214,255,254,0,0,0,0,0,0
0,0,0,0,0,0,0,0,0,0,0,0,0,0,0,0,0,0,0,0,0,0,0,0,0,0,0,0,0,0,0,0,0,0,216,176,37,0,118,0,154,208,197,181,116,0,101,130,153,143,125,166,158,124,137,138,151,140,112,2,30,33,47,41,50,0,95,85,58,75,0,0,0,0,0,0,0,0,0,0,0,0,0,0,0,0,0,0,0,0,0,0,0,0,0,0,0,0,0,0,7
0,0,0,0,0,0,0,0,47,0,0,131,0,245,234,0,217,0,0,0,217,209,210,78,195,222,185,0,0,0,233,0,0,0,207,206,196,209,0,0,223,0,0,209,207,0,110,10,0,217,0,215,214,225,218,217,204,234,0,0,229,219,193,220,0,0,220,220,229,212,225,210,158,127,0,219,0,226,220,228,205,243,0,216,0,78,226,232,232,0,0,15,53,225,227,255,213,0,75,0,4
0,0,0,0,0,0,0,0,0,0,0,0,0,0,0,0,0,0,0,0,0,0,0,0,0,0,1,0,0,0,0,0,100,0,164,164,42,150,3,0,1,0,2,1,0,0,1,0,60,0,173,1,1,110,1,30,193,3,160,2,158,2,0,163,207,148,46,0,191,162,193,1,43,202,0,11,0,0,0,0,0,0,0,0,0,0,0,0,0,0,0,0,0,0,0,0,0,0,0,0,5
0,0,0,0,0,0,0,159,133,52,0,167,0,164,160,0,156,151,0,167,143,154,148,149,159,156,156,0,0,156,199,0,78,0,154,149,137,197,0,0,143,154,0,137,145,0,159,149,0,143,0,143,135,140,140,137,133,119,0,0,151,148,154,186,0,0,154,148,145,186,157,146,153,154,109,145,0,146,151,148,141,138,0,149,151,146,156,157,146,0,0,124,149,154,141,180,160,0,122,108,2
0,0,0,0,0,0,0,0,0,0,0,0,0,0,0,0,0,0,0,0,0,0,0,0,0,0,0,0,0,0,0,0,0,0,34,41,0,0,156,0,10,86,186,6,67,0,1,37,1,39,26,19,39,26,34,76,142,203,35,23,27,28,61,23,42,7,21,24,6,25,42,47,52,45,0,0,0,0,0,0,0,0,0,0,0,0,0,0,0,0,0,0,0,0,0,0,0,0,0,0,7
0,0,0,0,0,0,0,0,109,0,0,125,0,146,111,0,81,0,0,0,174,85,39,3,0,179,1,0,0,0,0,0,0,0,79,73,0,1,0,0,171,0,0,108,136,0,0,0,0,140,0,49,157,0,156,175,177,0,0,0,64,103,171,0,0,0,121,136,0,0,150,91,121,0,0,145,0,79,182,123,115,180,0,145,129,226,151,114,149,0,0,0,203,187,92,143,118,0,119,121,3
0,0,0,0,0,0,0,0,0,0,0,0,0,0,0,0,0,0,0,0,0,0,0,0,0,0,0,0,0,0,0,0,105,26,107,105,118,120,118,15,120,126,144,128,113,115,107,131,141,139,126,115,155,181,144,165,152,152,144,2,189,202,207,207,239,255,18,10,7,7,0,0,0,0,0,0,0,0,0,0,0,0,0,0,0,0,0,0,0,0,0,0,0,0,0,0,0,0,0,0,8
0,0,0,0,0,0,0,200,199,0,0,203,0,202,199,0,195,244,0,3,188,192,203,198,214,190,193,0,0,55,235,0,0,0,188,190,211,210,0,0,201,178,0,189,194,0,154,178,0,177,0,181,192,193,191,199,206,197,0,0,221,191,203,215,0,0,187,193,202,202,195,194,194,147,0,192,0,196,197,199,199,208,0,196,217,177,198,211,200,0,0,1,168,210,201,203,207,0,206,165,2
0,0,0,0,0,0,0,3,70,1,0,65,0,55,0,0,1,1,0,0,0,0,109,5,57,7,0,0,0,0,13,0,0,0,178,80,193,116,0,0,105,99,1,153,149,0,143,107,0,65,36,185,92,141,93,111,176,136,99,0,145,141,115,143,36,0,151,147,149,143,145,159,155,147,141,157,88,153,159,164,164,166,141,176,143,222,228,214,203,201,23,162,168,176,145,0,0,0,0,0,8
0,0,0,0,0,0,0,82,77,0,0,47,0,39,55,0,102,0,0,0,114,95,142,0,171,86,41,0,0,0,75,0,0,0,97,47,222,148,0,0,34,0,0,65,79,0,61,0,0,94,0,110,116,0,112,130,152,0,0,0,24,119,24,0,0,0,150,119,2,0,150,164,0,0,0,127,0,129,119,130,109,81,0,112,0,55,128,135,126,0,0,1,3,139,146,127,97,0,127,0,3
0,0,0,0,0,0,0,0,227,0,0,231,0,233,215,0,220,0,0,0,223,238,0,0,5,225,0,0,0,0,0,0,0,0,222,238,0,0,0,0,102,0,0,237,225,0,0,0,0,234,0,244,226,0,228,224,237,0,0,0,0,229,250,0,0,0,223,230,0,0,237,231,0,0,0,226,0,226,240,224,220,255,0,237,97,100,240,224,253,0,0,0,147,228,241,255,255,0,48,0,3
0,0,0,0,0,0,0,0,136,1,0,135,0,135,250,0,32,18,0,30,0,46,46,57,44,19,54,0,0,55,43,0,0,0,45,39,52,47,0,0,39,39,0,43,37,0,52,56,0,45,0,46,36,50,44,41,49,54,0,0,22,45,36,43,0,0,50,45,61,50,49,44,12,51,22,39,0,38,46,39,50,49,0,41,49,45,51,43,50,0,0,51,50,39,47,81,54,0,77,39,4
0,0,0,0,0,0,0,73,240,0,0,229,0,243,240,0,220,0,0,0,238,233,228,98,143,255,114,0,0,0,0,0,0,0,180,219,97,155,0,0,114,0,0,113,219,0,0,0,0,125,0,142,140,114,109,123,131,147,0,0,114,99,100,100,0,0,116,105,140,108,114,129,118,0,0,116,0,121,123,119,123,146,0,154,0,0,119,130,127,0,0,0,0,137,136,133,154,0,141,78,4
0,0,0,0,0,0,0,0,0,0,0,0,0,0,0,0,0,0,0,0,0,0,0,0,38,35,33,12,0,190,69,0,3,0,59,58,62,61,147,3,66,64,159,62,66,24,104,62,118,96,82,188,195,110,102,86,87,87,72,82,132,118,82,95,95,119,144,138,75,79,119,107,105,104,16,82,0,0,0,0,0,0,0,0,0,0,0,0,0,0,0,0,0,0,0,0,0,0,0,0,8
0,0,0,0,0,0,0,0,0,0,0,0,0,38,40,0,119,103,0,90,82,86,86,82,86,82,97,33,172,86,84,98,97,155,85,86,86,85,57,151,85,126,81,89,85,233,85,145,122,90,74,89,89,96,91,91,86,93,99,109,92,91,103,107,89,172,95,93,75,70,99,95,85,96,159,96,10,101,102,99,92,90,40,123,99,92,81,79,89,2,0,0,0,0,0,0,0,0,0,0,8
0,0,0,0,0,0,0,0,0,0,0,0,0,0,0,0,0,0,0,0,0,0,0,0,0,19,52,2,0,0,0,0,118,0,167,234,213,244,91,0,0,122,152,0,0,1,2,0,154,0,93,0,0,16,9,0,0,0,150,0,0,94,0,101,187,59,0,113,114,128,186,234,243,253,0,16,0,0,0,0,0,0,0,0,0,0,0,0,0,0,0,0,0,0,0,0,0,0,0,0,5
0,0,0,0,0,0,0,134,97,0,0,122,0,87,100,0,134,0,0,0,151,139,162,0,195,128,0,0,0,0,0,0,0,0,158,113,181,0,0,0,143,0,0,145,181,0,0,0,0,142,0,138,190,160,162,193,213,143,0,0,209,160,200,0,0,0,180,162,0,0,164,148,18,0,0,208,0,204,166,200,175,0,0,170,4,0,161,198,153,0,0,0,0,219,13,207,8,0,179,8,3
0,0,0,0,0,0,0,0,60,0,0,93,0,68,89,0,75,0,0,0,77,88,134,0,1,106,0,0,0,0,0,0,0,0,128,120,175,0,0,0,212,0,0,96,104,0,0,0,0,191,0,175,132,0,88,120,130,116,0,0,49,89,205,0,0,0,222,102,0,0,0,128,28,0,0,135,0,136,142,135,161,57,0,132,0,1,147,143,191,0,0,0,4,147,158,187,161,0,100,6,4
0,0,0,0,0,0,0,176,196,0,0,194,0,202,213,0,197,0,0,0,215,199,119,0,203,244,0,0,0,0,0,0,0,0,229,77,200,0,0,0,190,0,0,207,213,0,0,0,0,253,0,221,213,0,207,213,26,4,0,0,0,205,0,0,0,0,213,207,0,0,222,89,1,0,0,206,0,213,207,211,226,0,0,212,2,0,211,213,214,0,0,0,4,211,127,218,73,0,130,0,3
0,0,0,0,0,0,0,0,0,0,0,0,0,0,0,15,19,20,13,208,193,173,172,186,191,199,189,120,132,177,180,197,192,0,210,207,206,203,231,253,193,206,0,202,202,45,203,201,0,205,112,206,209,210,209,206,209,210,78,88,213,206,210,213,0,249,208,207,208,209,224,197,197,200,219,215,0,229,0,0,0,0,0,0,0,0,0,0,0,0,0,0,0,0,0,0,0,0,0,0,8
0,0,0,0,0,0,0,0,0,0,0,0,0,0,0,0,0,0,0,0,0,0,0,0,0,0,0,0,0,0,0,0,0,0,1,0,0,0,0,0,212,0,0,118,203,0,239,0,0,28,32,128,142,109,126,114,82,96,101,1,29,37,25,25,0,0,0,0,0,0,0,0,0,0,0,0,0,0,0,0,0,0,0,0,0,0,0,0,0,0,0,0,0,0,0,0,0,0,0,0,5
0,0,0,0,0,0,0,0,57,0,0,192,0,229,228,0,225,0,0,0,227,226,224,0,222,227,26,0,0,0,115,0,0,0,229,220,235,107,0,0,215,0,0,226,226,0,0,0,0,217,0,216,227,221,224,223,237,240,0,0,246,222,255,0,0,0,195,219,176,0,187,202,236,0,0,233,0,236,218,236,241,153,0,225,34,0,226,238,220,0,0,5,10,231,197,255,255,0,138,35,4
0,0,0,0,0,0,0,175,164,0,2,158,0,177,170,0,178,184,0,146,168,160,127,172,180,138,158,1,5,192,159,0,6,0,157,158,157,171,0,0,167,159,0,175,162,3,146,174,0,198,0,190,198,18,188,165,156,83,0,0,247,184,156,178,0,1,189,188,189,171,204,165,182,172,204,204,0,213,204,213,188,151,170,0,0,0,0,0,1,14,0,174,0,0,3,0,4,0,0,4,6
0,0,0,0,0,0,0,241,224,0,0,225,0,225,227,0,220,0,0,0,221,221,0,3,0,225,0,0,0,0,0,0,0,0,220,229,0,1,0,0,172,0,0,237,225,0,0,0,0,226,0,245,223,2,223,223,238,0,0,0,0,222,195,0,0,0,122,225,0,0,136,235,0,0,0,229,0,229,227,230,222,210,0,251,0,0,229,230,230,0,0,0,0,225,245,238,255,0,207,190,3
0,0,0,0,0,0,0,2,47,0,0,52,0,95,0,0,1,0,0,0,0,2,156,0,0,0,0,0,0,0,0,0,2,0,50,32,125,0,0,0,193,56,17,164,187,0,172,187,0,239,198,217,143,166,176,179,180,172,183,0,176,198,189,188,0,0,168,215,182,170,173,171,201,167,136,181,0,173,190,185,184,184,0,181,181,185,208,215,200,0,0,187,237,198,192,243,221,0,0,0,8
0,0,0,0,0,0,0,0,0,0,0,0,0,0,0,0,229,223,4,0,5,75,136,233,0,201,206,0,0,0,0,0,199,0,138,226,178,245,254,0,4,212,219,0,97,0,0,215,250,0,203,120,152,0,227,158,246,212,202,0,137,214,255,215,221,82,212,208,116,250,205,137,0,196,188,225,75,215,254,255,0,3,0,167,0,0,0,0,0,0,0,0,0,0,0,0,0,0,0,0,9
0,0,1,0,0,0,0,3,151,0,0,179,0,131,138,0,138,18,0,69,145,138,132,163,148,139,170,0,0,92,171,0,0,0,158,152,195,155,0,0,152,0,0,142,150,0,168,0,0,150,0,148,154,248,147,151,137,237,0,0,135,149,130,181,0,0,145,149,170,172,152,158,219,107,0,157,0,154,152,151,149,126,0,152,67,139,150,174,145,0,0,208,125,147,148,195,202,0,81,35,6
0,0,0,0,0,0,0,73,37,0,0,52,0,36,26,0,144,0,0,0,144,142,160,0,129,172,0,0,0,0,0,0,0,0,128,148,76,104,0,0,0,0,0,185,140,0,0,0,0,113,0,103,163,0,109,173,208,0,0,0,0,148,179,0,0,0,4,161,0,0,14,173,0,0,0,131,0,176,94,104,213,147,0,253,0,0,237,239,238,0,0,0,0,227,237,255,252,0,122,144,3
0,0,0,0,0,0,0,122,182,1,0,106,0,156,165,0,97,2,0,46,231,117,106,137,101,83,142,0,0,98,135,0,0,0,111,113,95,135,0,0,111,0,0,112,106,0,125,27,0,111,0,111,110,125,108,107,117,125,0,0,113,108,112,120,0,0,118,106,197,93,117,115,146,97,0,99,0,104,100,102,102,98,0,100,152,94,95,102,97,0,0,148,117,119,121,100,89,0,0,0,6
0,0,0,0,0,0,0,0,0,0,0,0,0,0,0,0,0,0,0,0,0,235,251,19,1,198,226,10,0,0,0,0,235,5,197,214,181,221,9,0,0,198,0,241,200,0,2,189,0,219,210,214,212,216,188,202,181,211,205,0,209,178,201,181,117,207,189,182,73,65,183,73,105,65,166,72,0,173,12,20,0,0,0,0,0,0,0,0,0,0,0,0,0,0,0,0,0,0,0,0,9
0,0,0,0,0,0,0,0,0,0,0,0,0,0,0,0,2,0,0,0,0,0,0,46,0,0,227,0,0,0,0,0,166,1,132,203,237,193,0,0,0,218,0,0,70,0,0,195,42,2,224,0,110,0,146,171,223,137,198,0,224,149,179,195,191,78,132,172,149,218,204,203,143,221,151,194,0,196,41,35,79,183,2,0,63,0,0,0,0,0,0,0,0,0,0,0,0,0,0,0,5
0,0,0,0,0,0,0,184,183,0,0,186,0,181,183,0,190,0,0,0,193,206,0,0,0,197,0,0,0,0,0,0,0,0,197,208,0,0,0,0,216,0,0,202,212,0,0,0,0,214,0,209,205,0,207,207,220,0,0,0,16,209,101,0,0,0,212,211,0,0,215,226,0,0,0,204,0,204,216,204,195,235,0,211,0,134,218,205,205,0,0,0,169,196,218,230,225,0,70,65,3
0,0,0,0,0,0,0,70,144,0,0,146,0,115,126,0,116,0,0,0,106,133,0,0,0,129,0,0,0,0,0,0,0,0,118,141,0,0,0,0,8,0,0,175,141,0,0,0,0,179,0,204,170,0,191,170,165,0,0,0,0,254,29,0,0,0,84,155,0,0,0,3,0,0,0,167,0,217,224,228,226,0,0,255,0,0,226,250,244,0,0,0,0,0,0,173,191,0,107,69,3
0,0,1,0,0,0,0,152,0,0,0,0,0,0,0,0,0,91,0,74,4,2,0,57,0,0,69,0,0,159,161,0,0,0,170,174,132,134,0,0,99,83,0,139,128,0,193,176,0,171,0,188,176,188,185,178,190,192,0,0,190,191,190,165,0,0,191,193,185,172,190,190,186,191,213,196,0,202,205,207,204,207,0,209,205,229,242,234,204,0,0,228,214,228,204,242,190,0,11,0,8
0,0,0,0,0,0,0,1,1,65,74,255,0,0,1,0,44,85,0,0,0,159,75,87,0,24,141,0,0,0,0,0,133,0,0,0,0,42,18,0,0,131,0,0,0,0,0,0,0,0,0,1,0,0,0,4,136,90,174,0,0,0,151,159,111,0,102,0,177,156,44,0,72,156,0,0,0,133,176,171,0,0,144,167,103,153,166,157,3,134,0,144,157,159,3,110,0,42,0,1,5
0,0,0,0,0,0,0,0,0,0,0,0,0,0,0,0,0,0,0,0,1,22,0,2,0,2,0,27,0,0,0,0,51,6,126,0,0,0,0,0,2,0,0,0,0,0,0,124,0,111,8,0,0,69,3,0,137,1,4,2,3,3,0,0,0,0,0,0,0,1,3,144,120,146,117,116,0,0,0,0,0,0,0,0,0,0,0,0,0,0,0,0,0,0,0,0,0,0,0,0,5
0,0,0,0,0,0,0,182,167,0,1,159,0,162,159,0,153,168,0,180,143,154,153,160,150,165,148,0,0,182,163,0,0,0,157,149,144,154,0,0,156,155,0,159,154,0,166,197,0,154,0,159,3,165,146,0,161,167,0,0,156,85,159,151,0,0,166,20,168,154,166,176,178,188,140,3,0,6,0,3,0,170,0,0,165,178,4,0,2,0,0,167,166,2,0,0,0,0,0,0,1
0,0,0,0,0,0,0,28,62,0,0,38,0,16,59,0,10,18,0,10,25,24,17,39,12,22,46,0,0,22,14,0,0,0,25,18,11,39,0,0,24,9,0,23,22,0,42,14,0,21,0,17,21,82,22,24,20,49,0,0,2,22,0,24,0,0,22,22,112,42,23,19,5,3,0,19,0,20,22,19,19,20,0,18,4,23,19,18,18,0,0,124,24,23,18,35,31,0,34,12,6
0,0,0,0,0,0,0,0,252,0,0,103,0,198,5,0,38,0,0,0,77,66,0,0,0,36,0,0,0,0,0,0,0,0,7,15,0,0,0,0,154,0,0,100,28,0,0,0,0,151,0,131,51,0,56,18,12,12,0,0,61,61,36,0,0,0,149,56,0,0,162,64,87,0,0,123,0,144,28,206,139,30,0,195,66,216,33,182,48,0,0,0,198,172,115,229,180,0,59,38,3
0,1,0,0,1,0,0,43,110,0,0,105,0,37,114,0,158,166,0,187,148,20,149,183,82,204,124,0,0,141,187,0,0,0,200,233,105,43,0,0,221,1,0,199,210,0,0,1,0,218,0,223,235,199,205,235,0,0,0,0,0,206,205,3,0,0,147,214,0,1,141,68,67,0,0,209,0,82,108,37,77,85,0,102,102,125,177,104,100,0,0,151,184,86,96,72,86,2,0,0,0
0,0,0,0,0,0,0,0,0,0,0,0,0,0,0,0,0,0,0,0,0,0,0,0,0,0,0,0,0,0,0,0,2,0,186,191,0,0,0,0,17,0,0,214,209,0,52,159,108,172,215,210,215,203,211,211,205,215,219,13,190,218,247,241,205,14,0,13,2,0,30,14,21,33,0,19,0,0,0,0,0,0,0,0,0,0,0,0,0,0,0,0,0,0,0,0,0,0,0,0,7
0,1,0,0,4,0,0,81,145,67,0,147,0,114,176,0,132,161,0,147,102,89,124,187,138,106,192,0,0,132,155,0,178,0,116,94,94,223,39,0,138,150,0,114,104,0,161,176,0,114,52,142,127,102,127,114,153,187,0,0,170,147,147,0,0,0,130,147,148,0,160,152,150,0,0,160,0,148,135,145,137,135,0,99,114,166,160,140,160,0,0,174,161,129,112,138,160,1,109,70,6
0,0,0,0,0,0,0,0,0,0,0,0,0,0,0,0,0,0,0,0,0,0,0,0,0,0,0,0,0,0,0,0,0,0,60,4,0,0,0,0,0,76,46,123,112,0,0,0,0,0,3,0,0,0,0,22,101,145,24,54,197,200,205,235,230,0,125,113,1,91,0,0,0,0,0,0,0,0,0,0,0,0,0,0,0,0,0,0,0,0,0,0,0,0,0,0,0,0,0,0,5
0,0,0,0,0,0,0,2,41,0,0,19,0,0,19,0,0,7,0,0,0,0,2,7,39,7,17,0,0,0,36,0,0,0,7,2,0,26,0,0,49,4,0,41,14,0,4,26,0,24,0,22,22,53,31,44,9,0,0,0,142,31,2,73,0,0,17,34,34,105,4,4,0,58,0,39,0,41,41,41,26,9,0,44,12,17,53,44,24,0,0,61,29,41,17,53,22,0,53,7,6
0,0,0,0,0,0,0,156,152,0,1,171,0,156,179,0,202,193,0,161,161,145,126,192,143,125,214,0,0,199,191,0,78,0,159,153,156,226,0,0,143,5,0,212,160,0,1,1,0,171,0,177,153,0,146,172,196,0,0,0,150,154,109,0,0,0,181,152,0,1,183,168,0,0,0,151,0,153,159,158,165,164,0,159,53,154,158,163,160,0,0,0,158,164,157,186,170,0,127,52,0
0,0,0,0,0,0,0,0,0,0,0,0,0,0,0,0,0,2,2,0,0,0,0,2,0,6,0,0,0,0,0,0,202,5,235,255,251,251,0,0,1,198,0,0,223,0,0,206,0,0,213,44,198,0,119,92,188,163,208,1,123,165,255,221,124,0,147,170,204,173,113,232,203,214,189,196,16,235,12,0,0,61,0,0,0,0,0,0,0,0,0,0,0,0,0,0,0,0,0,0,9
0,0,0,0,0,0,0,0,251,0,0,186,0,199,235,0,161,156,0,198,186,181,173,175,178,168,178,0,0,183,184,0,44,0,177,178,169,181,0,0,182,172,0,187,189,0,16,0,0,188,0,186,182,2,188,188,185,0,0,0,193,188,200,2,0,0,181,189,0,3,180,183,130,0,0,190,0,188,189,188,188,187,0,187,201,182,191,189,188,0,0,61,181,179,188,239,231,0,56,57,0
0,0,0,0,0,0,0,0,0,0,0,0,0,0,0,0,0,0,0,0,0,0,0,0,0,0,0,0,0,0,0,0,0,0,226,225,216,117,40,0,186,63,94,140,211,0,0,180,37,83,0,124,200,138,130,30,135,201,1,122,91,116,119,0,0,238,77,143,0,1,255,0,2,0,26,0,0,0,0,0,0,0,0,0,0,0,0,0,0,0,0,0,0,0,0,0,0,0,0,0,5
0,0,0,0,0,0,0,0,0,0,0,0,0,0,2,0,205,169,0,0,0,136,132,136,0,202,143,57,0,0,0,0,210,0,134,108,127,141,199,0,0,225,233,78,190,0,0,198,217,178,198,219,191,56,183,208,201,216,195,0,192,190,216,195,208,159,192,200,190,193,201,193,190,190,197,214,139,193,193,186,193,205,20,171,166,51,30,68,27,0,0,0,0,0,0,0,0,0,0,0,9
0,0,0,0,0,0,0,0,121,0,0,0,0,100,0,0,107,0,0,0,0,67,6,0,1,0,0,0,0,0,0,0,0,0,0,207,0,0,0,0,156,0,0,201,199,0,237,135,0,186,0,188,199,223,210,200,220,224,0,0,217,214,222,230,0,0,232,217,214,237,229,229,222,96,0,228,0,233,234,233,230,226,0,235,228,236,234,237,230,0,0,240,227,229,232,242,237,0,177,198,8
0,0,0,0,0,0,0,253,212,2,0,218,0,220,234,0,218,24,0,218,220,215,209,242,211,226,242,0,0,224,222,0,0,0,220,220,220,231,0,0,221,0,0,216,232,0,235,0,0,221,0,220,225,254,216,218,210,229,0,0,221,212,253,237,0,0,220,215,215,230,219,211,242,219,128,226,0,232,219,249,213,161,0,218,137,252,229,231,222,0,0,223,255,227,237,254,255,0,0,1,4
0,0,0,0,1,0,0,68,208,0,0,210,0,223,233,0,191,159,0,224,200,195,197,207,189,202,201,0,0,205,224,0,0,0,195,196,198,208,0,0,198,155,0,201,205,0,0,1,0,197,0,200,209,116,201,202,201,0,0,0,229,202,224,2,0,0,200,202,0,3,203,199,0,0,0,203,0,204,203,206,201,201,0,204,15,217,210,204,200,0,0,0,218,199,194,229,212,0,141,61,6
0,0,0,0,0,0,0,2,254,0,0,248,0,146,161,0,174,0,0,0,69,131,119,80,134,86,84,0,0,0,82,0,0,0,87,82,118,86,0,0,82,0,0,90,108,0,62,20,0,80,0,80,96,76,97,119,82,149,0,0,171,92,81,90,0,0,89,95,64,89,68,76,191,83,0,98,0,98,98,100,92,68,0,97,157,83,101,100,93,0,0,109,0,139,125,46,0,0,0,0,4
0,0,0,0,0,0,0,81,68,0,0,67,0,88,81,0,75,62,0,84,75,58,59,64,71,74,74,0,0,102,100,0,49,0,85,78,69,147,0,0,106,99,0,85,102,0,80,132,0,97,26,99,132,4,85,180,71,61,103,0,106,80,94,93,0,0,115,102,53,0,51,55,93,0,0,75,0,87,21,93,71,24,0,21,11,17,33,106,51,0,0,0,20,115,2,11,1,0,2,0,2
0,0,0,0,0,0,0,0,255,0,0,216,0,255,212,0,225,0,0,0,213,224,208,0,0,254,0,0,0,0,0,0,0,0,255,222,164,0,0,0,254,0,0,213,0,0,0,0,0,234,0,229,192,0,237,0,223,0,0,0,0,234,150,0,0,0,131,232,0,0,87,232,0,0,0,221,0,221,237,226,250,114,0,221,0,0,245,233,63,0,0,0,0,229,232,20,248,0,1,192,1
0,0,0,0,0,0,0,0,228,0,0,238,0,229,236,0,219,70,0,0,216,228,216,237,225,216,222,0,0,75,242,0,0,0,222,222,219,227,0,0,216,218,0,222,221,0,233,212,0,223,0,228,221,239,221,225,228,245,0,0,240,219,221,222,0,0,219,211,250,223,219,223,214,255,0,222,0,219,219,227,224,225,0,213,228,155,212,221,223,0,0,235,173,235,219,201,210,0,0,0,4
0,0,0,0,0,0,0,218,216,0,0,220,0,219,217,0,215,202,0,208,216,217,217,213,216,217,217,0,0,195,221,0,252,0,222,225,225,254,160,0,223,216,0,217,221,0,248,244,0,212,0,220,220,29,220,220,216,178,1,0,233,219,230,0,0,0,217,220,0,0,218,225,236,4,0,219,0,220,222,219,220,220,0,222,221,219,218,224,218,0,0,240,226,222,240,253,254,0,202,197,2
0,0,0,0,0,0,0,253,227,0,0,170,0,234,224,0,216,0,0,0,237,214,0,0,0,221,0,0,0,0,0,0,0,0,227,85,2,0,0,0,255,0,0,221,220,0,0,0,0,234,0,231,228,0,226,228,95,2,0,0,16,227,0,0,0,0,234,227,0,0,232,81,2,0,0,227,0,227,225,227,236,0,0,233,2,0,226,227,228,0,0,0,0,220,66,255,90,0,132,20,3
0,0,0,0,0,0,0,63,42,0,0,60,0,40,47,0,63,0,0,0,63,28,1,0,0,74,0,0,0,0,0,0,0,0,71,9,1,0,0,0,65,0,0,109,56,0,0,0,0,56,0,56,88,0,185,92,54,0,0,0,47,201,0,0,0,0,98,217,0,0,103,68,0,0,0,118,0,115,227,121,72,24,0,47,0,92,248,115,50,0,0,0,91,107,53,119,60,0,72,3,3
0,0,1,0,0,0,0,225,229,0,0,224,0,227,228,0,221,2,0,0,221,223,210,0,208,221,0,0,0,0,167,0,0,0,221,226,190,91,0,0,218,0,0,219,226,0,161,0,0,233,0,221,231,0,216,224,226,0,0,0,165,212,11,0,0,0,228,209,3,0,223,229,0,0,0,220,0,219,210,215,210,226,0,228,16,221,211,214,225,0,0,1,215,208,215,249,228,0,166,87,3
0,0,0,0,0,0,0,151,176,1,0,131,0,157,153,0,148,62,0,0,151,162,134,189,205,167,177,0,0,0,105,0,0,0,153,174,220,172,0,0,161,0,0,166,169,0,60,47,0,156,0,162,166,169,167,164,174,233,0,0,218,159,171,174,0,0,162,164,166,171,169,180,241,172,0,162,0,174,146,182,185,192,0,159,174,166,164,164,149,0,0,0,223,154,184,177,176,0,146,0,6
0,0,0,0,0,0,0,0,0,132,109,228,0,0,0,0,231,209,0,0,1,224,230,206,0,251,209,105,0,0,0,0,232,0,230,228,227,203,193,1,1,207,15,0,229,0,0,218,229,0,207,50,205,2,236,228,216,224,197,0,0,199,223,201,242,0,204,207,240,234,225,213,249,231,0,226,0,216,221,220,26,0,237,220,0,243,214,206,0,188,0,109,173,216,1,0,0,0,0,0,9
0,0,0,0,0,0,0,137,225,0,0,207,0,203,206,0,198,0,0,0,198,204,207,0,237,214,44,0,0,0,0,0,0,0,200,215,210,187,0,0,129,0,0,213,211,0,0,0,0,210,0,218,209,239,208,228,214,233,0,0,216,206,161,122,0,0,150,207,236,109,165,219,214,0,0,212,0,212,212,213,209,221,0,210,100,19,213,212,209,0,0,5,30,210,203,222,210,0,204,156,4
0,0,0,0,0,0,0,237,226,0,1,230,0,229,224,0,229,238,0,249,236,236,237,237,246,239,237,0,0,254,242,0,0,0,241,233,152,254,0,0,232,241,0,241,237,0,238,253,0,235,0,238,248,0,238,241,226,62,0,0,255,239,255,255,0,0,227,240,118,255,230,234,200,254,199,254,0,252,246,253,242,232,0,247,255,223,255,255,255,0,0,0,0,221,155,0,0,0,0,0,2
0,0,0,0,0,0,0,0,72,0,0,39,0,0,1,0,0,1,0,0,0,2,27,0,149,0,144,0,0,0,0,0,0,0,0,0,77,0,0,0,153,125,0,202,128,0,38,162,0,88,0,210,190,114,119,117,102,119,0,0,104,124,64,175,0,0,88,100,131,128,131,125,126,171,0,110,0,172,130,143,189,120,0,125,111,131,135,137,156,0,0,111,120,123,124,129,120,0,129,123,8
0,0,0,0,0,0,0,0,0,0,0,0,0,0,0,0,0,17,0,0,159,116,38,59,0,101,158,112,0,0,0,0,166,35,0,6,0,195,170,0,0,164,206,0,0,1,0,187,68,1,46,0,3,149,63,0,164,44,79,2,142,255,40,73,65,0,134,159,72,72,140,73,69,68,172,195,6,192,157,139,63,68,20,72,98,34,46,45,1,0,0,0,0,0,0,0,0,0,0,0,5
0,0,0,0,0,0,0,242,225,0,0,228,0,227,226,0,225,0,0,0,225,229,250,0,198,228,0,0,0,0,0,0,0,0,221,240,0,0,0,0,238,0,0,227,229,0,0,0,0,231,0,231,234,0,231,231,240,0,0,0,0,232,0,0,0,0,229,232,1,0,229,255,0,0,0,238,0,238,232,238,236,0,0,233,0,11,235,240,231,0,0,2,10,232,205,255,255,0,90,139,3
0,0,0,0,0,0,0,0,0,0,0,0,0,0,0,0,9,200,0,0,210,171,217,190,1,172,186,151,0,0,0,0,195,87,210,200,199,193,182,0,117,187,222,205,197,0,0,196,18,225,162,209,197,0,185,207,204,0,0,0,214,198,0,109,0,0,193,198,0,92,189,0,0,229,176,186,15,199,176,173,2,0,0,216,6,0,40,30,0,0,0,0,0,0,0,0,0,0,0,0,9
0,0,0,0,0,0,0,9,145,0,0,139,0,117,124,0,103,0,0,0,93,136,90,0,97,97,0,0,0,0,0,0,0,0,136,69,106,0,0,0,63,0,0,112,96,0,0,0,0,82,0,81,108,114,115,117,186,99,0,0,181,93,184,0,0,0,72,85,0,0,81,240,0,0,0,82,0,111,90,108,166,196,0,132,1,0,21,37,48,0,0,0,0,0,184,4,156,0,0,3,3
0,0,0,0,0,0,0,0,0,0,0,0,0,0,0,0,2,2,3,0,0,0,0,0,0,0,0,0,0,0,0,0,237,0,205,212,218,228,191,0,0,221,0,0,228,0,0,226,76,5,246,0,172,0,182,231,220,225,223,0,106,0,218,241,243,0,104,0,240,232,66,189,235,225,192,223,93,189,255,255,85,67,0,100,55,0,0,0,0,0,0,0,0,0,0,0,0,0,0,0,9
0,0,0,0,0,0,0,0,0,76,0,0,1,0,0,0,87,103,0,0,2,0,0,16,0,29,0,0,0,0,0,0,176,0,108,0,0,205,107,0,0,0,0,2,0,0,0,5,0,0,0,199,31,0,0,108,233,4,0,0,53,0,31,50,0,0,81,0,50,53,50,60,52,58,30,46,23,43,59,54,61,52,53,46,38,53,44,47,60,0,0,50,63,54,28,0,0,0,0,0,5
0,0,0,0,0,0,0,0,0,0,0,0,0,0,0,0,0,0,0,0,0,0,0,0,0,0,0,0,0,0,0,0,0,0,0,0,0,0,0,0,152,1,0,178,117,0,156,0,0,7,101,69,84,154,163,179,129,117,58,0,38,41,43,42,22,0,0,0,0,0,0,0,0,0,0,0,0,0,0,0,0,0,0,0,0,0,0,0,0,0,0,0,0,0,0,0,0,0,0,0,5
0,0,0,0,1,0,0,208,149,58,0,185,0,209,205,0,198,196,0,226,200,201,198,198,201,207,191,0,0,211,198,0,239,0,194,190,202,189,65,0,216,205,0,200,205,0,202,202,0,209,111,209,207,211,197,196,198,208,119,0,201,198,202,196,0,0,208,202,189,208,208,187,196,212,50,205,0,186,200,211,205,205,0,204,189,209,204,198,191,0,0,176,185,198,200,238,234,0,61,52,0
0,0,0,0,0,0,0,0,0,0,0,0,0,0,0,0,5,3,0,121,136,110,109,109,121,131,97,121,109,101,105,86,112,64,118,118,114,123,121,96,123,103,147,136,149,127,109,121,151,160,116,155,116,125,155,110,145,110,90,120,192,158,168,175,160,182,182,192,197,175,186,151,140,129,142,184,27,36,0,0,0,0,0,0,0,0,0,0,0,0,0,0,0,0,0,0,0,0,0,0,8
0,0,0,0,0,0,0,1,1,100,69,1,0,5,101,0,52,145,0,0,0,134,93,146,0,0,129,4,0,0,0,0,2,58,38,27,164,12,129,0,0,133,73,1,0,0,1,71,57,0,103,0,1,202,0,108,123,142,180,0,166,0,178,174,62,0,125,255,174,165,145,91,171,156,74,121,42,152,138,156,160,156,117,161,151,162,187,185,186,0,1,28,80,93,0,0,0,0,0,0,5
0,0,0,0,0,0,0,0,45,0,0,127,0,80,105,0,106,0,0,20,83,92,94,123,90,95,120,0,0,61,118,0,0,0,100,106,93,120,0,0,99,0,0,94,98,0,125,0,0,94,0,94,96,132,96,102,90,151,0,0,79,96,79,96,0,0,97,95,147,94,104,95,185,42,0,99,0,100,99,100,97,75,0,86,21,56,98,96,98,0,0,208,62,97,99,122,125,0,106,46,6
0,0,0,0,0,0,0,6,173,0,0,234,0,178,211,0,194,0,0,0,221,184,0,0,0,233,0,0,0,0,0,0,0,0,140,189,0,0,0,0,177,0,0,156,236,0,0,0,0,170,0,172,186,0,174,217,38,0,0,0,0,184,0,0,0,0,104,194,0,0,111,47,0,0,0,125,0,119,213,106,216,0,0,193,0,0,220,58,214,0,0,0,0,45,17,0,20,0,0,9,1
0,0,0,0,0,0,0,68,211,0,0,208,0,215,201,0,212,0,0,0,205,230,0,0,109,201,0,0,0,0,0,0,0,0,220,5,207,0,0,0,190,0,0,220,203,0,0,0,0,235,0,205,209,2,218,206,0,0,0,0,0,214,0,0,0,0,24,214,0,0,35,0,0,0,0,211,0,209,214,211,224,0,0,233,1,0,220,212,204,0,0,0,0,212,12,254,38,0,163,0,3
0,0,0,0,0,0,0,0,174,0,2,54,0,225,224,1,197,207,0,220,201,211,208,212,216,185,216,76,136,225,224,0,221,0,253,253,253,250,231,0,212,227,183,212,212,205,244,215,4,215,119,216,216,210,216,216,220,218,135,0,213,215,218,217,51,4,215,215,217,218,215,218,218,212,165,214,0,217,220,220,223,223,0,229,224,234,237,237,235,0,0,227,245,236,227,0,0,0,0,0,8
0,0,0,0,0,0,0,224,220,0,2,230,0,211,227,0,224,230,0,193,205,154,228,208,222,167,211,0,0,222,224,0,31,0,135,124,232,239,0,0,174,242,0,224,215,0,236,235,0,209,0,211,218,191,221,218,201,92,32,0,57,222,245,255,0,0,250,223,72,255,236,214,239,227,92,223,0,222,222,222,218,204,0,226,237,255,247,246,245,0,0,170,152,169,145,0,0,37,0,2,2
0,0,3,0,1,0,1,140,173,0,3,136,0,123,121,0,150,171,0,195,130,141,133,180,151,138,195,0,71,170,206,0,178,0,145,140,166,243,0,0,146,0,0,155,156,0,0,0,0,156,0,166,150,151,158,148,161,46,0,0,196,158,170,5,0,0,168,158,0,1,170,158,55,0,0,163,0,160,171,166,171,188,0,173,101,186,175,171,166,0,0,0,188,161,166,178,176,0,170,130,0
0,0,0,0,0,0,0,1,2,59,182,60,2,20,90,0,174,213,0,0,223,211,214,173,0,162,171,0,0,0,0,0,175,0,185,204,176,190,179,0,0,200,238,255,190,0,0,196,180,181,163,243,176,1,190,198,193,205,148,0,0,181,207,245,214,0,255,194,221,211,209,229,152,239,0,174,0,175,182,188,130,0,188,190,1,176,188,192,12,0,0,255,255,255,0,68,0,0,0,0,9
0,0,0,0,0,0,0,0,0,0,0,0,0,0,0,0,250,255,0,0,0,204,206,210,0,154,221,103,0,0,0,0,217,56,214,212,223,224,248,0,0,227,33,0,209,0,0,218,127,5,228,200,202,0,223,221,232,213,220,0,238,213,203,207,251,151,198,214,212,216,204,208,249,248,216,224,0,225,249,238,0,155,0,47,88,0,0,0,0,0,0,0,0,0,0,0,0,0,0,0,9
0,0,0,0,0,0,0,238,224,0,0,226,0,226,223,0,235,233,0,0,226,202,234,233,230,227,229,0,0,32,255,0,0,0,226,226,204,232,0,0,252,117,0,222,226,0,158,157,0,255,0,255,228,255,222,226,254,40,0,0,18,226,236,246,0,0,254,226,255,249,254,225,0,195,0,226,0,224,238,238,238,255,0,203,0,0,0,0,0,0,0,254,0,0,0,0,0,0,0,0,2
0,0,0,0,0,0,0,0,0,0,0,0,0,0,0,0,0,0,0,0,1,140,0,0,0,162,175,63,0,0,0,0,197,0,168,183,207,208,208,0,0,200,100,0,141,0,0,207,173,0,228,75,144,19,130,155,236,208,207,0,123,127,214,233,166,131,123,135,184,172,138,184,176,176,196,196,0,169,0,0,0,0,0,0,0,0,0,0,0,0,0,0,0,0,0,0,0,0,0,0,9
0,0,0,0,0,0,0,0,0,1,0,170,0,168,156,0,126,112,0,124,116,144,163,97,82,119,81,0,0,115,181,0,0,0,115,117,148,85,0,1,112,132,1,125,107,0,111,144,1,111,0,106,117,138,121,98,102,116,0,0,119,117,90,163,0,137,138,112,191,190,134,98,44,98,172,134,0,151,156,151,104,142,0,119,93,81,122,139,98,2,0,217,102,157,112,176,80,0,0,0,6
0,0,0,0,0,0,0,87,108,0,0,66,0,100,108,0,82,0,0,0,106,92,92,0,108,98,0,0,0,0,0,0,0,0,92,92,98,0,0,0,90,0,0,79,196,0,0,0,0,95,0,90,124,0,92,204,85,10,0,0,146,119,127,0,0,0,130,114,0,0,127,111,0,0,0,114,0,106,111,106,98,103,0,106,0,156,116,103,146,0,0,0,135,95,156,0,154,0,0,164,1
0,0,0,0,0,0,0,233,198,0,0,186,0,182,178,0,160,0,0,17,169,157,151,199,133,157,200,0,0,72,188,0,0,0,152,163,167,163,0,0,139,0,0,142,152,0,167,0,0,143,0,144,147,210,144,158,150,244,0,0,134,145,165,187,0,0,136,148,181,183,141,158,198,68,0,149,0,151,140,144,155,137,0,163,222,61,119,126,123,0,0,228,0,0,0,0,0,0,0,0,4
0,0,0,0,0,0,0,0,0,0,0,0,0,0,0,0,197,245,0,0,0,185,123,242,0,189,187,128,0,0,0,0,176,0,187,197,142,192,246,0,1,197,158,0,192,0,0,186,236,9,166,214,183,0,180,179,193,189,178,0,239,190,194,198,236,0,193,183,224,212,195,240,182,217,191,187,32,174,206,213,0,5,17,229,0,0,0,0,0,0,0,0,0,0,0,0,0,0,0,0,9
0,0,0,0,0,0,0,208,202,0,0,195,0,214,214,0,209,0,0,0,217,195,183,0,154,189,0,0,0,0,0,0,0,0,185,177,118,0,0,0,181,0,0,185,255,0,0,0,0,162,0,160,254,0,183,255,235,0,0,0,8,189,22,0,0,0,237,190,0,0,241,242,0,0,0,255,0,255,212,254,214,0,0,217,0,0,214,254,217,0,0,0,0,240,227,0,249,0,0,85,1
0,0,0,0,0,0,0,193,208,0,0,245,0,250,240,0,199,0,0,0,196,196,188,154,222,216,199,0,0,0,74,0,0,0,210,207,243,229,0,0,214,0,0,213,210,0,0,0,0,215,0,217,213,228,218,220,209,226,0,0,240,221,219,219,0,0,192,220,231,226,198,219,206,76,0,217,0,219,220,222,212,228,0,216,85,146,220,216,216,0,0,0,186,211,207,227,219,0,222,128,4
0,0,0,0,0,0,0,255,129,0,0,173,0,202,209,0,233,0,0,160,242,211,208,184,218,225,219,0,0,210,226,0,3,0,203,202,204,228,0,0,212,0,0,217,209,0,251,0,0,230,0,225,217,218,206,208,215,250,0,0,216,209,245,222,0,0,208,208,205,215,218,203,255,213,108,222,0,221,217,214,190,135,0,187,72,254,246,212,192,0,0,232,254,203,202,207,207,0,149,159,4
0,0,0,0,0,0,0,29,9,1,0,16,0,1,0,0,157,27,0,126,12,18,40,27,6,8,37,0,8,53,162,0,35,0,43,60,55,138,3,0,59,0,0,75,59,0,0,1,0,70,0,76,60,123,82,94,66,58,0,0,90,85,38,0,0,0,80,89,0,0,79,55,34,0,0,60,0,56,90,55,30,53,0,94,30,131,90,64,115,0,0,0,121,63,40,79,71,0,24,22,0
0,0,0,0,0,0,0,0,190,0,0,176,0,184,190,0,180,0,0,0,193,181,173,0,0,238,0,0,0,0,0,0,0,0,255,183,195,0,0,0,176,0,0,165,156,0,0,0,0,172,0,169,172,0,190,145,183,0,0,0,89,196,36,0,0,0,196,188,0,0,198,184,0,0,0,80,0,141,190,187,195,0,0,203,2,0,193,242,201,0,0,0,0,207,0,0,0,0,0,0,1
0,0,0,0,0,0,0,0,0,0,0,0,0,0,0,0,0,0,0,0,0,0,0,0,0,0,0,0,0,0,0,0,49,0,175,211,0,0,219,0,0,208,124,222,218,0,0,57,103,164,99,159,75,79,132,101,39,80,25,81,67,92,0,28,22,30,84,44,19,14,0,27,33,31,0,21,0,0,0,0,0,0,0,0,0,0,0,0,0,0,0,0,0,0,0,0,0,0,0,0,7
0,0,0,0,0,0,0,0,0,0,0,0,0,0,0,0,0,0,0,0,0,0,216,33,0,0,240,211,0,0,0,0,225,0,241,191,207,229,236,0,0,222,17,0,203,0,3,214,0,146,211,225,202,230,218,217,221,216,215,0,201,204,221,223,173,220,216,205,219,216,217,221,220,220,209,219,97,191,255,255,255,255,0,97,95,0,0,0,0,0,0,0,0,0,0,0,0,0,0,0,9
0,0,0,0,0,0,0,0,210,0,0,0,0,111,0,0,0,0,0,0,0,2,0,75,0,4,88,0,0,0,0,0,2,0,211,200,186,179,4,0,235,151,2,72,193,0,193,183,0,206,187,202,190,202,189,189,190,198,249,0,194,190,195,198,21,0,186,192,214,194,192,200,200,177,0,201,0,199,220,219,194,206,0,226,211,198,213,200,197,154,0,204,163,196,220,229,67,0,26,0,8
0,0,0,0,0,0,0,0,0,0,0,0,0,0,0,0,76,33,1,0,0,190,144,206,0,191,180,0,0,0,0,0,190,0,172,136,195,167,133,0,0,158,22,135,158,0,1,78,107,134,65,138,160,124,171,158,166,175,163,0,109,163,180,73,167,89,127,156,209,197,174,189,206,205,198,190,104,252,90,67,0,176,0,0,0,0,0,0,0,0,0,0,0,0,0,0,0,0,0,0,9
0,0,0,0,0,0,0,0,0,156,154,151,131,0,1,0,159,194,61,0,1,122,151,148,0,154,140,125,0,0,0,0,133,0,162,171,88,132,164,0,1,177,0,2,77,1,0,146,0,1,153,6,31,1,1,184,183,58,171,0,1,89,149,142,49,0,8,169,144,154,159,162,141,161,19,153,0,159,160,159,106,212,150,160,177,154,142,102,214,0,0,151,143,166,0,62,5,0,0,1,9
0,0,0,0,0,0,0,0,39,0,0,70,0,85,57,0,70,0,0,0,74,93,0,0,0,82,0,0,0,0,0,0,0,0,87,75,2,0,0,0,90,0,0,118,87,0,0,0,0,99,0,102,81,0,82,88,87,0,0,0,0,86,82,0,0,0,53,82,0,0,56,81,0,0,0,89,0,92,87,95,85,68,0,90,0,0,85,94,94,0,0,0,0,96,93,112,122,0,64,46,3
0,0,0,0,0,0,0,0,0,0,0,62,0,1,0,0,197,201,22,0,0,203,190,212,0,170,205,154,0,0,0,0,209,0,186,196,199,204,227,0,7,219,194,0,176,0,0,203,236,0,200,34,150,0,172,189,197,199,195,1,0,156,197,199,222,0,210,178,207,197,169,219,222,190,129,181,74,197,184,176,0,0,39,186,204,164,212,208,0,174,0,0,0,0,0,0,0,0,0,0,9
0,0,0,0,0,0,0,11,214,0,0,227,0,208,203,0,201,31,0,216,206,207,206,217,204,206,215,0,0,228,211,0,0,0,202,204,226,217,0,0,204,128,0,205,206,0,216,201,0,205,0,212,207,231,197,214,216,245,0,0,207,212,205,217,0,0,205,204,231,224,203,211,194,247,125,206,0,206,207,208,207,248,0,207,58,218,199,200,201,0,0,96,227,221,212,93,52,0,0,0,4
0,0,0,0,0,0,0,0,0,0,0,0,0,0,0,0,0,0,0,0,0,0,0,0,0,0,0,0,0,0,0,0,1,0,171,152,0,0,0,0,0,123,0,0,0,2,0,213,4,137,0,100,52,181,150,212,193,194,196,46,207,220,231,209,184,0,71,78,99,108,0,0,0,0,0,0,0,0,0,0,0,0,0,0,0,0,0,0,0,0,0,0,0,0,0,0,0,0,0,0,5
0,2,0,0,0,0,0,135,108,15,0,99,0,109,99,0,103,116,0,91,84,94,94,118,85,85,119,0,0,75,84,0,103,0,84,78,82,92,0,0,75,71,0,78,69,0,65,78,0,74,32,75,118,125,85,68,74,85,49,0,91,89,78,131,0,0,84,95,88,133,86,74,74,89,41,118,0,131,207,139,89,95,0,159,89,122,175,153,165,0,0,143,132,185,190,78,142,0,48,61,2
0,0,0,0,0,0,0,48,228,0,0,250,0,225,226,0,208,0,0,0,224,253,0,0,0,225,0,0,0,0,0,0,0,0,215,252,0,0,0,0,253,0,0,218,255,0,0,0,0,255,0,238,211,0,233,233,0,0,0,0,0,236,0,0,0,0,9,235,0,0,0,0,0,0,0,164,0,154,248,141,94,0,0,170,0,0,252,184,244,0,0,0,0,178,0,0,0,0,0,0,1
0,0,0,0,0,0,0,0,0,0,0,0,0,0,0,0,0,2,0,0,0,116,0,0,0,178,54,13,0,0,0,0,242,0,199,228,77,162,13,0,0,86,0,0,77,0,0,107,0,207,172,210,146,60,197,179,59,255,111,0,136,128,138,207,171,166,179,105,128,210,230,55,28,0,0,34,0,0,134,156,145,125,0,0,0,0,0,0,0,0,0,0,0,0,0,0,0,0,0,0,9
0,0,0,0,0,0,0,239,231,0,0,228,0,229,229,0,229,0,0,0,233,250,0,0,2,237,0,0,0,0,0,0,0,0,235,235,0,0,0,0,170,0,0,237,242,0,0,0,0,250,0,253,237,0,230,237,243,0,0,0,0,230,64,0,0,0,171,231,0,0,194,255,0,0,0,234,0,235,234,235,232,134,0,240,0,0,234,236,238,0,0,0,0,231,247,255,255,0,135,98,3
0,0,0,0,0,0,0,115,222,0,0,238,0,228,232,0,234,0,0,0,255,229,0,0,0,255,0,0,0,0,0,0,0,0,230,241,0,0,0,0,243,0,0,231,255,0,0,0,0,230,0,234,163,0,247,129,70,0,0,0,0,241,0,0,0,0,123,242,0,0,95,101,0,0,0,40,0,20,237,9,235,0,0,230,0,0,239,6,215,0,0,0,0,1,0,0,0,0,0,0,1
0,0,0,0,2,0,0,114,138,0,0,117,0,128,119,0,128,108,0,130,135,138,127,106,60,47,127,0,0,154,196,0,0,0,133,138,121,141,0,0,137,2,0,135,131,0,1,1,0,138,0,140,138,5,141,137,142,181,0,0,180,141,116,0,0,0,143,146,92,0,142,147,145,0,0,147,0,154,154,157,150,152,0,155,142,156,165,160,156,0,0,53,157,154,143,170,165,0,118,107,0
0,0,0,0,0,0,0,187,193,1,0,203,0,195,198,0,196,171,0,175,197,183,244,197,203,192,197,0,0,0,0,0,0,0,184,198,0,0,0,0,211,0,0,180,190,0,0,0,0,202,0,191,192,0,185,189,175,51,0,0,115,187,207,3,0,0,200,187,0,0,199,175,169,0,0,189,0,191,191,192,187,189,0,184,192,207,186,184,195,0,0,0,200,185,167,192,186,0,188,171,3
0,0,0,0,0,0,0,1,73,0,0,156,0,234,221,0,218,0,0,0,218,239,0,0,0,222,0,0,0,0,0,0,0,0,216,238,0,0,0,0,80,0,0,233,219,0,0,0,0,233,0,211,218,0,218,220,233,0,0,0,0,217,78,0,0,0,61,217,0,0,89,255,0,0,0,222,0,223,217,223,216,143,0,247,0,0,221,226,226,0,0,0,0,222,231,217,255,0,116,99,3
0,0,0,0,0,0,0,0,0,0,0,0,0,0,0,0,0,0,0,0,0,0,0,0,0,0,0,0,0,0,0,0,0,0,196,187,93,0,104,0,0,11,104,174,140,6,0,171,222,156,190,182,201,174,216,219,235,243,200,17,27,20,19,20,9,66,61,58,58,64,61,37,33,33,0,0,0,0,0,0,0,0,0,0,0,0,0,0,0,0,0,0,0,0,0,0,0,0,0,0,7
0,0,0,0,0,0,0,0,168,0,0,194,0,234,221,0,210,0,0,0,210,206,226,109,1,216,27,0,0,0,0,0,0,0,218,216,227,0,0,0,207,0,0,212,215,0,0,0,0,216,0,214,216,167,218,220,228,0,0,0,242,221,205,0,0,0,217,221,0,0,221,216,82,0,0,223,0,223,224,220,220,225,0,220,197,248,220,221,221,0,0,0,229,214,210,246,225,0,137,122,0
0,0,0,0,0,0,0,212,228,0,0,193,0,197,233,0,208,0,0,0,202,211,27,2,226,207,0,0,0,0,0,0,0,0,208,158,223,0,0,0,202,0,0,199,233,0,0,0,0,215,0,213,217,240,220,204,114,225,0,0,210,219,255,0,0,0,220,220,109,0,220,50,221,0,0,227,0,232,222,227,229,0,0,223,3,207,225,227,226,0,0,25,221,234,0,228,0,0,0,0,4
0,0,0,0,1,0,0,165,232,12,0,172,0,162,171,0,175,182,0,188,166,159,164,191,169,173,188,0,0,195,199,0,198,0,186,181,198,37,174,0,175,170,0,183,194,0,6,3,0,174,1,198,185,0,189,197,189,195,0,0,196,179,193,0,0,0,178,188,99,0,186,193,201,0,0,188,0,197,171,192,195,203,0,181,196,188,185,177,200,0,0,28,181,178,169,210,215,0,111,133,0
0,0,0,0,0,0,0,0,64,0,0,0,0,134,132,0,97,0,0,0,163,0,0,0,0,174,0,0,0,0,0,0,0,0,150,135,0,0,0,0,92,0,0,235,181,0,0,0,0,100,0,151,174,0,220,185,22,0,0,0,0,141,0,0,0,0,0,120,0,0,0,45,0,0,0,154,0,223,204,202,180,0,0,43,0,0,112,118,110,0,0,0,0,143,101,122,105,0,161,0,3
0,0,0,0,0,0,0,9,72,0,0,14,0,48,48,0,19,52,0,38,43,33,38,38,72,48,33,0,0,67,86,0,0,0,24,48,38,14,0,0,120,173,0,28,38,0,0,0,0,158,0,134,52,0,38,48,48,48,0,0,0,38,48,28,0,0,120,38,57,24,120,48,48,0,0,62,0,67,43,72,19,72,0,129,110,0,105,91,57,0,0,0,0,86,38,52,48,0,76,38,6
0,0,0,0,0,0,0,0,0,0,0,0,0,1,0,0,0,0,66,0,0,0,0,0,0,232,0,0,0,0,0,0,245,4,166,152,164,169,17,0,0,233,0,5,222,0,0,224,0,8,79,0,212,0,149,233,160,174,186,0,0,245,167,211,4,3,61,211,224,235,217,236,246,244,87,230,6,240,224,206,253,221,194,215,245,183,114,62,0,0,0,0,0,0,0,0,0,0,0,0,9
0,0,0,0,0,0,0,0,0,0,0,0,0,0,0,0,0,0,0,0,0,52,0,0,0,0,18,0,0,0,0,0,159,2,95,125,113,131,115,0,2,149,0,0,95,0,2,163,14,0,143,0,91,0,101,129,131,117,141,0,42,91,131,137,141,0,85,95,141,139,91,123,119,127,74,139,68,157,226,232,14,46,0,70,111,0,0,0,0,0,0,0,0,0,0,0,0,0,0,0,9
0,0,0,0,0,0,0,41,45,0,0,43,0,54,51,0,75,108,0,51,49,64,88,86,45,56,166,0,0,58,71,0,108,0,56,54,77,207,45,0,49,71,0,49,54,0,2,0,0,54,2,58,60,34,51,47,86,110,0,0,64,51,69,0,0,0,54,54,0,0,58,79,112,0,0,60,0,60,54,58,97,95,0,64,112,77,60,62,71,0,0,0,86,64,84,64,79,0,66,60,6
0,0,0,0,0,0,0,0,0,0,0,50,0,213,196,0,234,0,0,101,147,230,193,236,253,159,235,0,3,216,91,1,1,0,76,46,255,184,0,2,49,207,0,243,103,0,225,204,0,211,245,220,231,221,177,0,239,191,166,0,252,215,60,215,254,254,222,226,174,191,234,82,245,198,96,251,15,227,216,206,207,52,0,255,250,67,47,41,36,0,0,0,0,0,0,0,0,0,0,0,2
0,0,0,0,0,0,0,0,0,0,0,0,0,0,0,0,0,0,0,0,0,0,0,0,0,0,0,0,0,0,0,0,35,0,0,0,125,20,0,0,90,0,2,32,0,0,127,0,0,0,28,193,191,169,153,128,117,117,122,0,147,146,157,141,102,0,0,0,0,0,0,0,0,0,0,0,0,0,0,0,0,0,0,0,0,0,0,0,0,0,0,0,0,0,0,0,0,0,0,0,5
0,0,0,0,0,0,0,0,0,0,0,0,1,0,0,0,0,123,2,0,0,1,0,159,0,0,138,1,0,0,0,0,0,4,90,73,121,46,0,0,30,0,90,137,0,0,1,83,46,64,69,0,76,54,68,120,35,68,62,3,26,255,67,61,72,0,62,123,66,70,123,64,62,66,174,128,36,38,35,51,50,40,74,80,101,65,41,51,25,6,0,0,0,0,0,0,0,0,0,0,5
0,0,0,0,0,0,0,249,159,0,0,151,0,78,216,0,196,200,0,166,196,197,204,208,205,204,204,0,1,238,210,0,0,0,215,209,229,197,0,0,201,222,0,204,215,0,240,253,0,200,0,195,216,200,205,223,209,249,0,0,171,206,195,220,0,0,215,206,229,229,211,203,178,221,81,220,0,219,206,213,209,213,0,200,245,255,222,223,227,0,0,77,152,232,197,0,0,0,0,0,6
0,0,0,0,0,0,0,157,125,0,0,134,0,121,151,0,128,0,0,0,118,125,141,0,111,120,0,0,0,0,0,0,0,0,111,107,130,0,0,0,107,0,0,110,187,0,0,0,0,114,0,111,121,0,110,190,107,0,0,0,6,109,94,0,0,0,147,109,0,0,147,113,0,0,0,128,0,125,113,128,111,59,0,126,0,0,113,120,144,0,0,0,0,121,120,8,82,0,0,37,1
0,0,0,0,0,0,0,85,255,0,0,199,0,195,206,0,222,0,0,0,184,225,213,255,195,208,229,0,0,47,221,0,0,0,171,240,195,205,2,0,182,138,0,200,206,0,252,254,5,200,0,175,191,196,197,245,242,156,7,0,230,210,198,215,0,0,209,213,238,187,221,232,179,214,199,179,0,199,203,185,184,210,206,182,239,213,210,174,240,218,68,0,254,176,204,209,255,0,197,21,6
0,0,1,0,0,0,0,248,231,0,0,232,0,177,230,0,221,0,0,5,213,219,220,209,228,116,254,0,0,129,246,0,0,0,247,217,235,243,0,0,252,0,0,215,205,0,255,0,0,221,0,218,223,208,226,224,254,245,0,0,179,227,144,255,0,0,234,225,253,255,229,235,181,148,0,220,0,242,176,175,167,186,0,0,0,0,1,0,2,0,0,207,0,0,0,0,1,0,0,0,2
0,0,0,4,0,0,0,0,0,0,0,216,142,0,0,0,241,207,0,0,0,222,234,165,0,61,159,0,0,0,0,0,241,2,243,221,217,216,0,0,0,208,0,0,185,0,0,210,0,0,10,0,0,0,0,216,239,209,133,0,4,32,223,204,0,0,0,247,204,206,127,186,184,193,166,210,0,183,183,183,194,212,246,222,216,221,216,207,222,106,0,241,228,226,104,141,0,2,0,0,9
0,0,0,0,0,0,0,2,114,0,0,0,0,94,0,0,103,0,0,0,0,128,3,0,0,0,0,0,0,0,0,0,1,0,0,130,6,0,0,0,146,2,0,150,169,0,146,163,0,151,40,139,140,148,148,139,92,139,0,0,151,148,159,163,0,0,153,151,183,158,155,237,164,178,72,160,0,162,163,163,169,174,1,164,168,169,168,168,175,0,0,169,169,172,172,195,206,0,169,165,8
0,0,0,0,0,0,0,139,166,0,0,148,0,148,139,0,157,123,0,184,146,150,151,161,143,154,155,0,0,176,166,0,0,0,156,160,219,168,0,0,159,129,0,157,156,0,185,183,0,156,0,154,151,11,170,159,155,0,0,0,169,168,179,182,0,0,166,170,213,197,150,154,34,174,149,154,0,154,163,152,156,166,0,177,169,161,164,153,179,0,0,0,174,145,157,171,206,0,159,68,0
0,0,0,0,0,0,0,0,0,0,0,0,0,0,0,0,0,0,0,0,0,0,0,0,0,0,1,1,0,0,0,0,34,0,197,218,241,182,0,0,0,204,0,0,178,0,53,235,0,63,0,142,155,222,115,159,218,199,104,170,148,198,187,74,113,223,157,203,171,119,255,203,255,255,0,40,0,0,0,0,0,0,0,0,0,0,0,0,0,0,0,0,0,0,0,0,0,0,0,0,5
0,0,0,0,0,0,0,0,0,0,0,0,0,0,0,0,0,0,0,0,0,0,3,0,0,1,34,0,0,0,0,0,0,0,96,103,118,26,4,0,36,8,4,69,77,1,0,24,139,25,163,0,0,28,0,219,108,104,143,50,171,245,102,133,126,137,183,128,159,111,98,155,137,191,62,152,0,188,79,71,34,54,0,0,0,0,0,0,0,0,0,0,0,0,0,0,0,0,0,0,5
0,0,0,0,0,0,0,0,0,0,0,0,0,0,0,0,95,0,0,0,0,108,220,220,0,158,212,11,0,0,0,0,233,0,122,134,113,129,151,0,0,129,0,2,125,0,1,147,18,35,164,92,131,40,128,158,129,127,148,0,90,129,148,141,125,60,94,95,136,138,103,131,154,153,91,111,2,141,92,86,48,144,0,102,89,0,0,0,0,0,0,0,0,0,0,0,0,0,0,0,9
0,0,0,0,0,0,0,0,0,0,0,0,0,0,0,0,0,0,0,0,0,0,0,0,0,0,0,0,0,0,0,0,116,0,26,0,119,47,139,0,0,176,2,0,0,0,0,99,0,106,1,132,146,104,120,0,181,199,5,39,114,18,103,34,39,58,33,45,0,5,15,11,18,21,0,0,0,0,0,0,0,0,0,0,0,0,0,0,0,0,0,0,0,0,0,0,0,0,0,0,5
0,0,0,0,0,0,0,0,0,0,0,0,0,0,0,0,0,0,0,0,0,17,164,0,0,0,208,190,0,0,0,0,184,0,90,82,167,202,211,0,2,155,93,0,76,0,0,146,196,82,184,82,79,67,82,128,216,120,190,49,67,90,161,172,193,43,105,108,155,149,32,49,23,11,46,43,0,41,0,0,0,0,0,0,0,0,0,0,0,0,0,0,0,0,0,0,0,0,0,0,7
0,0,0,0,0,0,0,0,0,0,0,0,0,0,0,0,0,0,0,0,0,0,0,0,0,0,0,0,0,0,0,0,0,0,168,134,0,0,61,0,0,230,205,224,166,5,0,201,225,83,202,147,228,142,226,213,218,214,202,93,212,214,195,199,233,213,170,184,206,204,236,238,240,241,0,110,0,0,0,0,0,0,0,0,0,0,0,0,0,0,0,0,0,0,0,0,0,0,0,0,7
0,0,0,0,1,0,0,161,240,0,2,215,0,182,215,0,184,205,0,222,176,183,184,214,175,223,216,0,0,233,232,0,185,0,176,171,175,196,0,0,157,229,0,161,212,0,217,221,0,157,0,150,160,0,160,230,165,26,4,0,143,189,251,255,0,0,251,208,0,255,248,209,76,230,96,222,0,222,221,224,227,240,0,221,170,99,221,220,222,0,0,20,0,245,233,187,6,19,0,0,6
0,0,0,0,0,0,0,165,155,0,0,135,0,68,157,0,153,61,0,0,250,181,151,182,156,200,174,0,0,0,191,0,0,0,180,202,191,149,0,0,173,56,0,165,115,0,92,54,0,154,0,153,147,230,146,160,137,154,0,0,142,137,144,162,0,0,178,129,174,175,189,171,213,83,0,35,0,0,2,1,3,0,0,1,167,168,0,0,0,0,0,153,110,0,4,0,0,0,0,0,4
0,0,0,0,0,0,0,186,192,1,0,167,0,175,164,0,172,193,0,190,167,171,168,175,171,173,173,0,0,219,186,0,64,0,179,181,198,212,0,0,179,205,0,173,178,0,0,0,0,171,0,174,172,0,175,187,176,154,0,0,161,176,195,0,0,0,192,179,0,0,194,176,168,1,0,175,0,182,184,187,183,177,0,176,187,172,169,174,178,0,0,0,184,179,170,224,187,0,130,81,6
0,2,3,0,0,0,0,204,203,0,2,193,0,142,185,0,210,207,0,176,170,171,189,179,189,198,141,0,0,195,198,0,91,0,160,187,135,245,0,0,200,0,0,201,194,0,2,3,0,202,0,162,182,229,123,191,206,152,0,0,193,189,189,1,0,0,188,152,44,0,151,177,208,5,0,158,0,109,196,140,181,159,0,120,187,171,163,153,166,0,0,125,138,94,183,214,200,0,53,94,6
0,0,0,0,0,0,0,15,125,0,0,15,0,15,15,0,17,58,0,56,23,25,66,49,51,38,54,0,0,51,77,0,0,0,41,41,136,30,0,0,47,12,0,45,47,0,0,0,0,49,0,49,51,73,54,49,51,77,0,0,43,60,54,0,0,0,56,62,4,0,69,58,75,0,0,62,0,66,62,64,60,62,0,47,86,164,166,181,164,0,0,38,172,200,179,192,209,0,209,86,6
0,0,0,0,0,0,0,0,0,0,0,0,0,0,0,0,0,0,0,0,0,0,0,0,0,92,0,0,0,0,0,0,97,0,67,53,11,15,165,0,44,37,0,136,196,0,27,225,3,231,0,186,0,115,0,21,232,29,105,97,63,64,67,16,50,70,9,50,31,42,254,149,211,190,0,77,0,0,0,0,0,0,0,0,0,0,0,0,0,0,0,0,0,0,0,0,0,0,0,0,5
0,0,0,0,0,0,0,204,210,0,0,215,0,227,210,0,200,0,0,158,200,183,200,209,188,199,221,0,0,184,210,0,0,0,178,188,186,181,0,0,193,51,0,186,190,0,178,121,0,193,0,194,194,219,193,202,195,225,0,0,202,193,183,199,0,0,200,193,200,196,201,193,224,198,80,198,0,201,192,202,199,191,0,198,227,188,195,199,190,0,0,198,210,223,212,101,70,53,0,0,4
0,0,3,0,0,0,0,0,0,188,0,0,0,0,1,0,0,187,0,0,20,152,120,0,103,125,0,0,0,0,8,0,2,0,255,158,106,0,0,0,131,0,0,93,224,0,0,0,0,51,0,152,151,175,118,137,142,16,0,0,156,195,112,2,0,0,92,234,0,0,133,135,88,0,0,124,0,91,64,154,101,91,0,89,60,124,15,140,85,0,0,110,116,210,74,150,214,0,68,64,6
0,0,0,0,0,0,0,0,0,0,0,0,0,104,99,153,153,155,106,148,129,129,127,132,143,136,129,169,141,153,136,53,120,0,120,118,113,106,115,78,122,120,148,118,118,108,120,111,132,122,127,122,118,143,136,132,136,129,88,76,155,141,122,106,111,143,67,62,37,0,118,108,74,76,67,88,173,252,241,243,243,245,4,11,9,0,0,0,0,0,0,0,0,0,0,0,0,0,0,0,8
0,0,0,0,0,0,0,0,0,0,0,0,0,0,0,0,0,0,0,0,0,67,0,0,0,50,80,147,0,0,0,0,176,0,144,178,222,237,206,0,0,205,68,0,131,1,0,168,152,16,195,168,144,84,154,162,205,168,188,0,161,140,184,210,200,86,153,176,177,185,180,230,196,177,202,186,0,200,68,54,0,34,0,0,0,0,0,0,0,0,0,0,0,0,0,0,0,0,0,0,9
0,0,0,0,0,0,0,0,0,0,0,0,0,0,0,0,0,0,0,0,0,0,0,1,1,77,0,0,0,0,0,0,55,0,93,90,89,73,85,3,144,72,2,127,70,3,0,26,53,0,64,86,60,0,64,82,202,170,65,18,0,63,39,46,85,110,67,84,70,81,78,89,53,56,52,31,0,59,22,22,105,34,0,0,0,0,0,0,0,0,0,0,0,0,0,0,0,0,0,0,7
0,0,0,0,0,0,0,240,220,0,0,224,0,235,238,0,179,0,0,90,167,227,216,217,212,180,236,0,0,197,228,0,0,0,68,244,216,225,0,0,115,0,0,164,121,0,250,20,0,145,0,224,226,224,216,217,214,233,0,0,215,218,211,252,0,0,221,219,219,252,217,223,239,117,0,218,0,220,218,219,216,209,0,222,242,222,223,223,220,0,0,221,235,229,222,199,252,0,0,0,2
0,0,0,0,0,0,0,0,2,0,0,205,0,0,112,0,0,0,0,0,163,0,166,0,1,2,0,0,0,3,3,0,0,0,204,201,208,81,1,0,217,200,202,194,214,0,213,225,197,170,191,197,192,186,201,195,198,202,139,0,208,220,204,207,255,255,207,207,209,209,207,212,214,213,0,211,89,215,216,214,218,218,162,221,213,227,228,230,212,136,3,217,210,238,255,65,0,0,0,0,8
0,0,0,0,0,0,0,208,202,0,0,212,0,169,182,0,143,203,0,200,188,214,209,204,236,162,209,0,63,220,202,0,212,0,192,223,184,236,132,0,186,199,0,102,113,0,205,193,0,80,226,111,201,250,129,46,91,239,235,0,199,186,186,226,45,58,206,222,0,198,206,194,254,252,199,213,0,209,210,210,210,201,244,201,216,216,217,216,217,103,0,139,188,184,154,0,0,0,0,0,2
0,0,0,0,0,0,0,0,0,0,0,0,0,0,0,0,0,0,0,0,0,0,0,0,1,40,0,1,0,0,0,0,2,0,0,41,9,0,0,0,104,17,81,28,19,0,10,31,164,95,156,27,145,77,141,9,56,78,173,27,150,10,83,54,168,0,228,1,86,58,98,64,53,77,20,0,0,23,0,0,0,0,0,0,0,0,0,0,0,0,0,0,0,0,0,0,0,0,0,0,7
0,0,0,0,0,0,0,0,0,0,0,0,0,0,0,0,0,0,0,0,0,0,0,0,0,0,0,0,0,0,0,0,0,0,0,0,0,48,155,0,3,167,49,4,167,0,0,6,4,50,0,0,0,72,115,136,157,147,159,32,87,74,13,62,36,0,0,0,0,0,0,0,0,0,0,0,0,0,0,0,0,0,0,0,0,0,0,0,0,0,0,0,0,0,0,0,0,0,0,0,5
0,0,0,0,0,0,0,0,0,0,0,0,0,0,0,0,0,0,0,0,0,0,0,0,0,220,0,0,0,0,0,0,237,0,190,211,137,144,208,0,52,193,254,218,155,0,0,206,233,198,214,195,152,139,175,186,195,193,202,92,184,155,199,212,255,193,158,210,202,200,195,212,221,214,0,219,0,94,0,0,1,1,0,0,0,0,0,0,0,0,0,0,0,0,0,0,0,0,0,0,9
0,0,0,0,0,0,0,73,118,0,0,108,0,120,125,0,163,0,0,0,117,105,65,0,0,183,0,0,0,0,0,0,0,0,164,126,61,0,0,0,160,0,0,99,206,0,0,0,0,148,0,147,144,0,101,156,137,0,0,0,0,102,103,0,0,0,138,97,0,0,126,148,0,0,0,125,0,119,131,123,131,36,0,149,0,0,130,109,167,0,0,0,0,123,119,0,104,0,0,22,1
0,0,0,0,0,0,0,81,214,1,0,188,0,216,210,0,108,139,0,222,102,111,108,106,134,97,122,0,0,188,148,0,0,0,117,111,148,103,0,0,145,139,0,137,92,0,182,145,0,157,0,154,134,75,153,115,136,0,0,0,26,154,180,119,0,0,253,156,145,137,251,143,0,136,0,143,0,140,159,140,149,225,0,180,15,78,168,151,136,0,0,136,17,168,166,191,188,0,88,0,6
0,0,0,0,0,0,0,0,0,0,0,0,0,0,0,0,62,0,0,0,0,201,35,29,0,80,223,191,0,0,0,0,139,0,171,129,235,220,161,1,1,244,171,0,167,2,0,252,201,0,151,66,135,21,151,167,136,121,144,0,177,150,186,147,203,97,155,156,185,168,164,209,141,133,166,148,0,191,42,59,0,0,0,0,0,0,0,0,0,0,0,0,0,0,0,0,0,0,0,0,9
0,0,0,0,0,0,0,0,57,0,0,48,0,45,72,0,96,0,0,0,99,81,0,0,0,84,0,0,0,0,0,0,0,0,69,63,0,0,0,0,63,0,0,129,138,0,0,0,0,159,0,180,138,0,129,105,87,0,0,0,0,120,15,0,0,0,33,126,0,0,57,105,0,0,0,156,0,171,141,171,129,69,0,183,0,0,168,168,108,0,0,0,0,165,129,114,171,0,108,72,3
0,0,0,0,0,0,0,56,1,0,0,28,0,45,43,0,32,39,0,75,43,30,27,36,56,36,49,0,0,51,160,0,26,0,39,35,0,184,0,0,64,0,0,52,44,0,2,0,0,53,0,54,41,24,86,54,27,0,0,0,141,94,22,0,0,0,74,94,0,0,78,32,0,0,0,27,0,27,107,27,34,41,0,104,3,164,95,34,35,0,0,0,149,36,24,68,40,0,65,9,0
0,0,0,0,1,0,0,175,178,0,2,183,0,192,135,0,90,175,0,178,106,117,163,182,161,131,181,0,0,167,196,0,0,0,145,179,173,190,0,0,176,178,0,178,91,0,145,186,0,159,0,147,62,206,126,120,152,178,0,0,169,96,161,180,0,0,165,139,215,182,168,163,143,185,124,194,0,196,179,180,187,183,0,180,168,176,183,183,196,0,0,182,176,172,170,209,215,0,124,145,2
0,0,0,0,0,0,0,0,0,0,0,0,0,0,0,0,0,0,0,0,0,0,0,0,0,0,0,0,0,0,0,0,0,0,255,53,0,4,0,0,0,0,167,255,224,1,0,255,239,209,226,225,226,225,227,238,242,242,249,10,255,255,244,205,143,0,0,0,0,0,0,8,15,19,17,25,0,0,0,0,0,0,0,0,0,0,0,0,0,0,0,0,0,0,0,0,0,0,0,0,7
0,0,0,0,0,0,0,0,0,0,0,0,0,0,0,0,0,0,0,0,0,0,0,0,0,0,0,0,0,0,0,0,83,0,212,216,255,244,203,0,0,142,219,168,124,12,125,168,222,84,195,183,170,195,203,222,212,210,200,0,190,205,199,199,210,1,221,230,230,228,43,71,78,96,0,0,0,0,0,0,0,0,0,0,0,0,0,0,0,0,0,0,0,0,0,0,0,0,0,0,9
0,0,0,0,0,0,0,0,0,0,0,0,0,0,0,0,51,60,16,135,72,80,89,90,106,84,66,123,140,164,85,1,101,41,114,74,126,109,89,61,49,91,112,44,255,93,117,41,137,68,118,22,29,14,60,79,153,37,109,0,62,83,123,137,151,13,161,159,153,112,120,120,103,158,184,148,0,116,126,112,132,129,184,149,134,15,0,0,0,0,0,0,0,0,0,0,0,0,0,0,8
0,0,1,0,0,0,0,206,186,0,0,176,0,165,168,0,181,17,0,152,166,211,207,206,208,152,194,0,0,230,193,0,0,0,164,187,177,171,0,0,166,27,0,180,176,0,195,91,0,181,0,185,197,68,178,186,204,116,0,0,199,175,178,197,0,0,172,195,252,194,166,157,168,168,0,200,0,183,0,0,0,0,0,0,53,0,1,2,1,0,0,226,0,0,3,0,8,0,0,4,4
0,0,0,0,0,0,0,45,224,0,0,255,0,220,229,0,217,0,0,0,222,239,0,0,0,245,0,0,0,0,0,0,0,0,216,231,0,0,0,0,239,0,0,222,255,0,0,0,0,255,0,255,255,0,235,115,184,0,0,0,0,239,0,0,0,0,65,242,0,0,68,187,0,0,0,171,0,168,246,171,242,0,0,246,0,0,250,176,220,0,0,0,0,172,214,0,231,0,0,89,1
0,0,1,0,0,0,0,0,84,1,1,119,0,30,0,0,1,4,0,0,1,0,157,0,0,0,0,0,0,1,5,0,0,0,3,1,124,140,1,0,166,0,0,196,2,0,105,80,0,158,0,86,212,223,89,83,102,126,0,0,122,166,155,113,0,0,136,179,145,121,149,158,147,163,58,168,0,175,157,162,169,154,2,192,151,191,208,198,163,0,0,81,167,163,178,158,105,0,167,0,8
0,0,0,0,0,0,0,0,1,0,0,168,0,0,115,0,0,0,0,0,189,0,155,0,1,5,0,2,3,0,0,0,0,3,255,255,202,221,177,0,229,243,250,183,223,123,228,229,255,200,211,222,216,236,243,229,227,241,222,50,236,230,229,233,255,16,234,233,234,235,233,232,233,234,42,232,58,235,235,234,234,234,23,244,231,167,235,237,237,247,1,255,210,255,255,0,0,0,0,0,8
0,0,0,0,0,0,0,217,213,0,0,208,0,214,210,0,209,209,0,0,208,210,195,209,222,207,212,0,0,29,210,0,0,0,206,198,161,228,0,0,248,92,0,206,206,0,94,113,0,228,0,219,209,251,210,207,205,68,0,0,52,215,220,215,0,0,213,213,243,218,207,211,0,159,0,209,0,210,218,217,216,255,0,179,0,0,0,0,0,0,0,230,0,0,0,2,1,0,0,0,2
0,0,0,0,0,0,0,0,0,0,0,0,0,0,0,0,0,0,0,0,0,0,0,0,0,0,0,0,0,0,0,0,0,0,142,196,0,0,142,0,41,52,0,0,176,3,0,173,138,54,155,94,184,1,154,194,193,180,149,71,181,190,165,236,255,137,198,162,156,115,26,85,54,60,0,176,0,0,0,0,0,0,0,0,0,0,0,0,0,0,0,0,0,0,0,0,0,0,0,0,7
0,0,0,0,0,0,0,0,0,0,0,0,0,0,0,0,0,1,0,0,0,0,0,2,0,37,0,0,0,0,0,0,181,0,156,176,197,210,204,0,0,185,7,1,185,1,0,191,120,0,187,62,169,0,139,164,221,228,180,0,166,158,179,143,219,107,149,166,175,169,152,195,199,206,182,175,2,187,141,132,3,70,0,3,29,0,0,0,0,0,0,0,0,0,0,0,0,0,0,0,9
0,0,0,0,0,0,0,0,0,0,0,5,0,0,128,0,0,0,0,2,141,0,201,0,0,0,105,0,0,0,27,0,200,27,183,220,220,160,183,0,169,193,136,154,144,176,201,192,170,165,115,191,173,148,203,206,203,204,189,86,177,200,207,195,117,132,186,204,204,205,192,212,210,214,0,211,3,213,209,214,212,213,0,209,206,246,238,239,253,0,0,117,155,162,9,0,0,0,0,0,8
0,0,0,0,0,0,0,77,162,0,0,100,0,124,111,0,47,30,0,68,72,75,77,96,107,85,85,0,0,92,94,0,0,0,62,94,0,120,0,0,100,21,0,100,87,0,79,42,0,92,0,85,75,53,90,102,102,32,0,0,62,53,57,92,0,0,87,81,210,92,72,90,81,62,0,122,0,79,147,135,132,130,0,17,0,0,0,0,0,0,0,156,0,4,4,0,0,0,0,2,2
0,0,0,0,0,0,0,174,213,1,0,218,0,189,151,0,182,191,0,128,125,179,178,168,164,170,175,0,0,187,192,0,0,0,201,229,199,218,0,0,199,228,0,166,178,0,229,227,0,206,0,229,167,243,187,201,227,168,0,0,163,185,180,198,0,0,213,167,185,208,212,190,124,169,0,131,0,162,194,159,228,197,0,215,162,153,183,165,189,0,0,246,130,122,190,236,213,0,154,122,6
0,0,0,0,0,0,0,0,0,0,0,0,0,0,0,0,0,0,0,0,0,0,0,0,0,0,0,0,0,0,0,0,207,0,121,220,114,0,253,0,51,224,72,68,78,0,197,85,161,66,121,64,78,53,91,116,144,137,180,0,83,93,79,57,62,0,43,41,47,47,74,66,72,58,0,0,0,0,0,0,0,0,0,0,0,0,0,0,0,0,0,0,0,0,0,0,0,0,0,0,7
0,0,0,0,0,0,0,12,201,0,0,190,0,196,205,0,196,0,0,0,207,195,122,0,0,209,0,0,0,0,0,0,0,0,185,197,85,0,0,0,234,0,0,192,255,0,0,0,0,229,0,229,243,0,198,224,184,0,0,0,0,196,0,0,0,0,59,196,0,0,35,135,0,0,0,226,0,214,213,193,204,0,0,178,0,0,218,171,214,0,0,0,0,142,5,0,0,0,0,0,1
0,0,0,0,0,0,0,0,0,248,96,65,0,0,4,0,190,16,2,0,0,123,242,76,0,0,67,0,0,0,0,0,208,62,0,0,200,229,209,0,0,169,250,2,0,0,0,205,234,2,224,0,0,85,0,46,0,75,191,0,40,0,0,216,141,10,104,84,206,182,175,0,61,216,124,124,148,207,236,224,0,0,216,229,108,216,218,245,0,94,0,255,252,249,6,0,6,0,0,0,5
0,0,0,0,0,0,0,225,229,45,0,231,0,231,231,0,222,236,0,255,228,183,203,248,218,229,149,0,0,0,0,0,0,0,180,216,228,0,0,0,219,0,0,186,223,0,2,0,0,227,0,227,226,131,228,227,218,112,0,0,239,228,232,2,0,0,222,227,0,0,219,221,218,1,0,228,0,229,229,229,227,222,0,230,233,230,232,231,231,0,0,26,226,227,223,255,251,0,164,177,0
0,0,0,0,0,0,0,0,168,0,0,0,0,46,0,0,175,0,0,0,0,18,4,0,0,0,0,0,0,0,0,0,0,0,32,235,0,3,0,0,168,0,0,62,99,0,211,232,0,202,0,190,200,203,195,190,218,208,0,0,200,196,224,202,0,0,206,201,204,193,207,207,223,196,0,217,0,217,216,216,216,218,0,214,218,207,217,213,215,0,0,201,205,198,210,250,255,0,96,100,8
0,0,0,0,0,0,0,0,0,0,0,0,0,0,0,0,0,0,0,0,0,0,0,31,0,59,185,1,0,0,0,0,0,0,0,128,230,34,1,0,0,0,0,1,0,0,57,144,152,153,128,82,30,21,15,92,124,123,148,0,0,132,126,116,26,115,114,65,132,122,134,143,148,136,77,76,0,76,0,0,0,0,0,0,0,0,0,0,0,0,0,0,0,0,0,0,0,0,0,0,5
0,0,0,0,0,0,0,0,222,0,0,208,0,179,171,0,183,0,0,0,181,194,190,0,219,193,0,0,0,0,0,0,0,0,183,160,215,56,0,0,216,0,0,200,179,0,0,0,0,161,0,165,184,166,210,179,43,238,0,0,234,200,141,0,0,0,94,215,104,0,119,153,216,0,0,192,0,197,177,190,174,174,0,225,41,0,218,222,213,0,0,0,0,218,190,235,188,0,140,103,2
0,0,0,0,14,0,0,252,250,235,252,212,0,216,212,1,214,222,0,214,213,206,209,222,222,212,225,141,235,217,235,0,215,0,215,208,214,226,226,0,214,210,235,217,222,122,218,210,252,215,215,214,210,217,217,221,216,217,212,0,226,213,209,249,253,184,210,225,209,245,210,227,221,226,220,207,0,207,214,209,194,201,238,234,215,238,232,233,231,106,0,255,246,222,237,218,134,0,0,0,6
0,0,0,0,0,0,0,0,0,0,0,127,0,193,221,1,0,0,0,0,0,0,244,0,32,2,0,0,0,0,0,0,2,0,38,24,0,214,0,0,246,100,0,195,195,214,178,203,244,144,191,213,201,216,224,223,206,223,213,0,191,207,196,180,234,153,167,171,147,153,146,0,235,94,196,226,0,187,80,119,161,118,148,213,125,201,202,191,191,0,0,0,174,0,0,0,0,0,0,0,8
0,0,0,0,0,0,0,227,230,206,0,237,0,231,231,0,232,236,0,0,232,232,233,242,231,223,235,0,0,0,0,0,0,0,224,227,239,0,0,0,219,0,0,224,223,0,0,0,0,220,0,221,223,2,222,226,229,246,0,0,239,221,225,0,0,0,223,223,180,0,222,230,242,0,0,224,0,224,222,224,228,232,0,225,227,229,228,228,230,0,0,9,221,220,225,244,249,0,213,215,6
0,0,0,0,0,0,0,111,120,0,0,161,0,130,200,0,47,0,0,51,51,53,119,133,120,135,144,0,0,116,113,0,0,0,121,114,203,120,0,0,115,0,0,115,153,0,126,0,0,113,0,103,110,18,104,163,183,35,0,0,172,123,74,119,0,0,129,110,190,129,76,71,31,84,0,0,0,0,1,1,0,0,0,0,9,0,0,0,0,0,0,183,0,0,2,0,3,0,0,1,4
0,0,0,0,0,0,0,219,220,1,0,221,0,223,223,0,225,18,0,0,228,229,223,234,244,225,225,0,0,28,255,0,0,0,229,230,222,212,0,0,227,0,0,231,225,0,0,0,0,230,0,230,224,159,230,223,227,219,0,0,212,232,242,0,0,0,252,225,0,0,111,224,181,1,0,204,0,0,0,0,217,212,0,0,15,0,1,0,0,0,0,0,0,0,147,0,136,0,0,67,6
0,0,0,0,0,0,0,0,97,0,0,183,0,152,156,0,150,0,0,0,147,142,160,92,201,154,121,0,0,0,0,0,0,0,179,191,125,191,0,0,105,0,0,221,174,0,0,0,0,210,0,216,176,237,170,171,215,175,0,0,171,171,73,103,0,0,101,171,231,103,112,196,135,0,0,205,0,98,0,0,0,0,0,1,180,160,0,0,0,0,0,79,187,0,0,0,0,0,0,0,2
0,0,0,0,0,0,0,99,77,0,0,105,0,114,106,0,62,78,0,106,26,26,122,138,68,45,141,0,0,107,139,0,0,0,112,130,104,165,0,0,104,33,0,111,117,0,120,54,0,113,0,115,113,182,111,118,118,206,0,0,76,112,74,128,0,0,113,111,192,133,139,145,197,75,0,122,0,142,90,92,75,37,0,0,61,0,0,0,1,0,0,161,0,0,3,0,2,0,0,2,2
0,0,0,0,0,0,0,0,0,0,0,122,0,0,0,0,203,0,0,0,1,157,195,112,0,129,178,0,0,0,0,0,151,0,134,161,187,179,169,0,0,181,36,155,129,0,0,62,124,146,91,175,142,9,191,173,1,0,68,1,101,132,0,137,150,0,99,153,159,144,147,158,130,114,9,145,34,196,122,108,130,110,122,104,112,157,161,159,199,165,0,40,117,103,50,0,0,0,0,0,5
0,0,0,0,0,0,0,83,196,0,0,180,0,178,179,0,218,0,0,0,188,223,215,0,164,186,0,0,0,0,0,0,0,0,95,0,197,0,0,0,195,0,0,202,226,0,0,0,0,211,0,207,203,87,204,195,0,0,0,0,230,206,1,0,0,0,198,206,0,0,199,0,0,0,0,206,0,206,205,206,0,1,0,207,0,237,205,209,156,0,0,0,232,205,1,251,8,0,107,4,3
0,0,0,0,0,0,0,169,169,0,0,170,0,161,163,0,155,4,0,54,159,162,193,196,194,157,197,0,0,93,198,0,0,0,157,173,210,194,0,0,224,0,0,168,161,0,140,0,0,182,0,163,191,159,190,191,161,210,0,0,212,200,164,113,0,0,158,216,185,105,170,172,194,0,0,191,0,194,198,194,196,173,0,181,187,178,192,199,193,0,0,169,178,196,186,230,204,0,116,119,3
0,0,0,0,0,0,0,166,190,0,0,152,0,152,181,0,126,0,0,0,146,162,176,112,173,159,147,0,0,0,0,0,0,0,177,167,205,167,0,0,151,0,0,183,167,0,0,0,0,149,0,132,162,166,178,176,126,210,0,0,219,191,201,215,0,0,174,178,165,196,166,122,241,114,0,178,0,177,141,186,125,153,0,120,166,174,140,196,138,0,0,0,180,188,153,240,158,0,84,167,3
0,0,0,0,0,0,0,0,0,0,0,0,0,0,0,0,0,0,0,0,0,0,0,0,0,0,0,0,0,0,0,0,1,0,252,218,255,0,12,0,0,0,36,157,214,3,0,206,234,210,230,217,222,217,221,229,241,232,196,186,255,252,191,114,0,145,0,1,0,0,0,22,27,26,11,44,0,0,0,0,0,0,0,0,0,0,0,0,0,0,0,0,0,0,0,0,0,0,0,0,7
0,0,0,0,0,0,0,0,0,0,0,0,0,0,0,0,0,0,0,0,0,175,162,0,0,0,36,43,0,0,0,0,125,0,175,143,200,156,223,0,0,195,15,0,143,0,0,182,36,2,210,0,55,4,102,137,201,194,203,4,0,140,215,205,228,0,156,121,213,199,126,179,210,170,110,185,153,177,181,187,202,206,140,209,204,207,222,215,61,202,0,0,34,34,0,0,0,0,0,0,9
0,0,0,0,0,0,0,0,0,0,0,0,0,0,0,0,8,138,0,0,1,145,157,189,0,0,176,201,0,0,0,0,174,13,114,144,189,171,186,0,0,180,154,0,124,0,1,171,160,0,192,6,154,0,121,161,160,180,156,2,100,109,160,146,242,0,94,126,159,156,140,138,175,215,108,169,9,144,211,232,0,89,0,114,134,0,0,0,0,0,0,0,0,0,0,0,0,0,0,0,9
0,0,0,0,0,0,0,219,200,0,0,202,0,198,196,0,195,0,0,0,195,187,182,46,206,202,95,0,0,0,0,0,0,0,190,188,174,117,0,0,186,0,0,187,219,0,0,0,0,187,0,188,200,17,190,182,190,186,0,0,214,191,186,0,0,0,191,191,0,0,194,191,166,0,0,214,0,218,191,219,184,195,0,191,113,169,188,211,214,0,0,0,150,191,188,1,206,0,0,141,1
0,0,0,0,0,0,0,0,0,0,0,0,0,0,0,0,0,0,0,0,0,0,0,0,0,0,0,0,0,0,0,0,9,0,163,172,59,0,0,0,0,0,207,0,0,0,3,212,143,0,0,115,7,210,0,0,0,246,0,51,194,138,236,244,199,236,233,234,213,215,221,240,226,245,10,53,0,0,0,0,0,0,0,0,0,0,0,0,0,0,0,0,0,0,0,0,0,0,0,0,5
0,0,0,0,0,0,0,103,178,0,0,95,0,138,117,0,133,0,0,0,130,141,160,37,223,156,74,0,0,0,178,0,0,0,134,186,192,145,0,0,157,0,0,132,138,0,82,0,0,153,0,149,171,236,155,171,187,191,0,0,110,165,90,95,0,0,191,171,222,98,180,198,221,0,0,172,0,175,165,175,164,94,0,160,0,187,175,170,178,0,0,0,147,124,156,136,72,0,75,0,3
0,0,0,0,0,0,0,220,113,0,0,216,0,209,209,0,213,0,0,0,220,198,239,0,202,222,10,0,0,0,206,0,0,0,233,175,3,0,0,0,240,0,0,214,221,0,0,0,0,216,0,218,228,0,225,228,225,0,0,0,240,228,76,0,0,0,226,228,4,0,224,235,0,0,0,227,0,227,234,226,222,226,0,248,34,221,243,226,255,0,0,0,215,224,217,234,224,0,173,202,3
0,0,0,0,0,0,0,0,0,0,0,0,0,0,0,0,0,0,0,0,0,0,0,0,1,0,0,0,0,0,0,0,0,78,163,148,160,0,167,1,44,121,204,147,148,12,136,149,249,113,188,132,142,109,139,114,200,147,125,0,138,153,131,147,98,2,133,147,13,18,11,62,60,56,0,55,0,0,0,0,0,0,0,0,0,0,0,0,0,0,0,0,0,0,0,0,0,0,0,0,7
0,0,0,0,0,0,0,73,67,0,0,62,0,45,58,0,16,70,0,65,213,152,77,49,158,242,74,0,0,82,46,0,0,0,67,62,39,143,0,0,73,49,0,63,58,0,85,49,0,48,0,55,60,61,62,53,49,27,0,0,139,68,48,123,0,0,62,70,90,114,64,53,6,38,24,69,0,70,69,71,71,48,0,68,50,140,89,91,77,0,0,24,14,4,5,0,0,15,1,1,2
0,0,0,0,0,0,0,0,0,0,0,0,0,98,78,0,111,0,0,0,0,71,4,0,5,0,0,0,0,0,1,0,0,0,0,29,0,2,0,0,33,0,0,0,0,0,204,234,0,210,0,207,203,201,212,195,204,209,0,0,206,199,204,207,0,0,203,196,207,207,204,192,198,232,0,202,0,169,212,209,207,210,0,222,209,216,223,223,218,0,0,215,219,225,217,223,234,0,191,174,8
0,0,0,0,0,0,0,0,0,0,0,0,0,1,0,0,222,209,0,0,0,178,187,202,0,97,208,83,0,0,0,0,131,0,223,223,205,195,137,0,0,158,194,22,165,0,0,227,196,46,93,203,146,0,201,209,198,222,162,0,48,137,214,216,179,10,240,60,208,191,195,215,180,183,222,215,91,221,221,223,0,5,209,223,0,214,212,215,0,249,0,90,127,116,0,0,0,0,0,0,9
0,0,1,0,0,0,0,94,227,0,0,236,0,234,236,0,226,197,0,33,230,229,230,228,228,230,232,0,0,174,252,0,0,0,232,232,230,235,0,0,232,227,0,232,231,0,255,255,0,235,0,234,232,255,231,233,235,214,0,0,70,232,234,231,0,0,225,235,255,232,250,230,185,255,0,233,0,232,233,232,234,239,0,223,152,147,235,235,234,0,0,247,157,231,229,255,242,0,84,81,2
0,0,0,0,0,0,0,159,112,0,0,116,0,140,159,0,95,142,0,133,92,90,88,142,78,85,142,0,0,97,178,0,0,0,88,100,69,140,0,0,100,107,0,88,104,0,104,133,0,102,0,100,97,102,95,114,83,64,0,0,112,92,119,100,0,0,100,95,109,114,100,88,40,107,66,90,0,85,78,85,83,92,0,193,138,150,121,104,138,0,0,0,116,107,114,114,131,0,102,107,2
0,0,0,0,0,0,0,0,0,0,0,0,0,61,61,66,72,75,34,82,85,84,85,89,136,132,133,158,126,133,133,101,145,96,153,155,139,143,138,81,138,146,165,126,141,233,142,133,227,108,226,0,0,220,249,138,227,212,136,96,196,15,227,151,170,183,166,151,151,151,175,160,152,155,156,0,115,106,225,216,205,121,155,168,178,22,5,9,9,0,0,0,0,0,0,0,0,0,0,0,8
0,0,2,0,0,0,0,128,114,0,0,166,0,145,88,0,171,0,0,2,116,145,150,147,145,126,173,0,0,126,202,0,0,0,121,145,154,138,0,0,131,154,0,154,121,0,181,193,0,121,0,119,131,154,162,121,150,164,0,0,145,162,138,183,0,0,131,159,154,188,131,147,173,200,40,135,0,135,162,140,123,157,0,119,135,162,154,145,131,0,0,2,154,140,131,181,171,2,16,14,6
0,0,0,0,0,0,0,0,0,0,0,0,0,0,0,0,0,0,0,26,0,0,0,0,141,156,124,167,146,150,153,0,174,44,164,163,174,181,174,0,155,186,195,179,179,193,169,162,222,211,192,233,240,200,198,203,208,211,178,0,209,209,207,210,189,93,213,216,208,209,225,206,209,204,204,225,2,214,0,0,0,0,0,0,0,0,0,0,0,0,0,0,0,0,0,0,0,0,0,0,8
0,0,0,0,0,0,0,0,0,0,0,0,0,0,0,0,0,106,0,0,0,120,225,217,1,86,197,0,0,0,0,0,135,0,149,216,205,206,171,0,0,242,210,0,65,0,0,147,214,0,144,0,187,0,209,112,201,166,180,0,0,213,141,3,122,0,46,205,0,0,188,209,0,0,0,172,0,255,220,217,31,3,112,225,0,142,176,194,0,0,0,0,0,0,0,0,0,0,0,0,9
0,2,0,0,0,0,2,218,215,0,0,221,0,215,217,0,217,230,0,234,213,216,216,222,217,217,223,0,0,222,217,0,122,0,216,219,217,226,0,0,218,229,0,217,217,0,212,224,0,218,0,219,217,227,217,218,218,212,0,0,221,217,224,224,0,0,215,217,203,232,215,216,209,214,254,215,0,216,217,217,216,215,100,219,253,218,217,219,222,0,0,228,219,215,213,255,234,150,61,70,2
0,0,0,0,0,0,0,0,0,0,0,0,0,0,0,0,0,0,0,0,0,248,255,183,0,203,223,0,0,0,0,0,181,0,211,165,191,170,200,1,30,190,140,230,126,0,0,160,78,193,184,155,167,162,156,85,139,170,152,137,157,160,146,198,191,205,156,156,139,165,163,155,161,167,203,177,0,229,54,33,0,0,0,0,0,0,0,0,0,0,0,0,0,0,0,0,0,0,0,0,9
0,0,2,0,0,0,0,244,215,0,0,83,0,124,152,0,125,226,0,255,213,214,221,229,217,218,232,0,0,255,217,0,108,0,225,215,221,230,0,0,211,173,0,215,215,0,0,0,0,210,0,214,218,0,218,219,218,234,0,0,220,217,215,0,0,0,222,219,78,0,221,219,240,3,0,220,0,220,218,220,215,213,0,220,228,237,218,222,218,0,0,0,253,213,213,254,255,0,92,36,6
0,0,0,0,0,0,0,93,134,0,0,64,0,229,238,0,111,130,0,130,235,99,120,153,196,229,174,0,0,123,209,0,0,0,67,0,0,246,0,0,132,14,0,144,181,0,56,110,0,114,0,110,144,177,111,154,0,80,0,0,226,215,104,167,0,0,215,206,181,212,207,114,19,200,119,240,0,215,182,227,72,84,0,177,0,216,188,218,101,0,0,11,244,232,115,251,122,0,0,0,6
0,0,0,0,0,0,0,0,0,0,0,0,0,0,0,0,0,0,0,0,0,0,0,0,0,0,0,0,0,0,0,0,0,0,130,100,0,1,143,0,0,21,86,179,162,6,0,190,168,92,186,146,134,141,184,228,254,243,191,4,197,211,127,47,8,42,16,12,15,29,49,67,71,63,0,0,0,0,0,0,0,0,0,0,0,0,0,0,0,0,0,0,0,0,0,0,0,0,0,0,7
0,0,0,0,0,0,0,0,141,0,0,98,0,144,113,0,146,0,0,0,128,124,101,230,103,116,245,0,0,60,250,0,0,0,122,128,195,246,0,0,110,0,0,121,104,0,219,28,0,66,0,225,118,248,170,126,230,203,0,0,89,181,126,249,0,0,186,205,245,249,92,99,131,154,0,116,0,102,131,130,129,121,0,96,0,0,0,0,0,0,0,225,0,0,1,2,0,0,0,0,4
0,0,0,0,0,0,0,0,0,0,0,0,0,0,0,0,0,0,0,0,0,0,0,0,0,0,0,0,0,0,0,0,0,91,116,131,159,43,111,0,0,200,174,62,0,0,45,108,193,0,173,30,5,204,0,0,6,9,175,136,187,7,85,85,152,93,104,116,97,93,16,26,29,38,0,0,0,0,0,0,0,0,0,0,0,0,0,0,0,0,0,0,0,0,0,0,0,0,0,0,5
0,0,0,0,0,0,0,0,0,0,0,0,0,0,0,0,0,0,0,0,0,0,0,0,61,63,54,31,154,79,122,20,104,81,77,88,86,91,134,84,159,107,157,68,147,204,182,207,129,107,182,132,113,173,159,195,220,177,86,15,173,186,177,147,93,173,173,154,186,184,100,136,88,143,13,0,0,0,0,0,0,0,0,0,0,0,0,0,0,0,0,0,0,0,0,0,0,0,0,0,8
0,0,0,0,1,0,0,118,107,0,0,114,0,118,120,0,119,117,0,111,105,112,128,118,193,176,135,0,0,103,182,0,1,0,128,132,124,0,0,0,112,1,0,115,118,0,0,0,0,115,0,113,119,0,119,118,110,3,0,0,108,119,134,0,0,0,126,119,0,1,121,109,103,1,0,119,0,120,119,118,117,114,0,121,121,122,120,115,119,0,0,38,121,114,107,125,124,0,87,72,0
0,0,0,0,0,0,0,0,0,0,0,0,2,0,0,0,180,210,0,0,2,190,221,223,0,212,226,0,0,0,0,0,224,0,193,216,211,211,214,0,5,203,232,0,198,0,0,214,230,0,193,82,174,2,196,230,217,207,212,0,0,182,218,195,248,0,181,191,0,223,155,231,0,224,142,224,122,225,213,219,0,1,22,233,0,68,158,128,0,218,0,0,0,0,0,0,0,0,0,0,9
0,0,0,0,0,0,0,0,0,0,0,0,0,0,0,0,0,0,0,0,0,0,0,0,0,0,0,0,0,0,0,0,3,0,209,27,0,0,186,0,0,189,31,212,218,0,0,0,1,116,0,66,174,110,0,134,0,0,0,17,212,0,7,49,120,56,125,35,152,138,148,232,194,199,0,117,0,0,0,0,0,0,0,0,0,0,0,0,0,0,0,0,0,0,0,0,0,0,0,0,5
0,0,0,0,0,0,0,0,0,0,0,0,0,0,0,0,0,83,0,0,0,179,188,214,0,0,183,0,0,0,0,0,198,1,212,208,188,166,97,0,0,192,0,0,224,0,0,207,204,0,173,38,198,0,190,199,206,216,175,1,29,187,222,208,228,0,183,207,189,199,189,192,230,213,50,209,97,198,211,207,0,0,38,241,86,128,72,0,0,20,0,0,0,0,0,0,0,0,0,0,9
0,2,0,0,0,0,0,194,185,0,0,197,0,203,201,0,194,187,0,200,193,185,194,193,193,191,194,51,0,194,206,0,122,0,233,191,190,203,1,0,178,63,0,0,2,0,0,0,0,200,0,191,197,207,195,204,191,185,0,0,201,200,214,165,0,0,198,201,214,191,201,182,193,0,5,200,0,203,201,203,193,201,0,210,221,214,198,208,190,0,0,216,214,206,204,223,246,2,83,89,0
0,0,0,0,0,0,0,57,9,0,0,30,0,27,0,0,40,0,0,0,54,50,69,0,36,71,0,0,0,0,0,0,0,0,52,61,148,0,0,0,48,0,0,67,86,0,0,0,0,32,0,28,133,63,32,90,100,77,0,0,148,30,198,0,0,0,13,28,0,0,23,38,0,0,0,115,0,106,46,98,59,0,0,81,0,0,56,79,61,0,0,0,0,75,40,83,34,0,75,7,4
0,0,1,0,0,0,0,210,223,0,0,211,0,219,212,0,210,0,0,0,216,211,209,125,241,217,200,0,0,0,0,0,0,0,216,215,233,255,0,0,213,0,0,217,218,0,0,0,0,213,0,217,220,249,222,219,217,244,0,0,231,219,167,162,0,0,155,219,241,161,159,231,217,0,0,216,0,215,218,216,212,202,0,224,0,0,220,219,219,0,0,2,0,211,216,236,235,0,165,89,4
0,0,0,0,0,0,0,0,0,0,0,0,0,0,0,0,0,0,0,0,0,7,178,28,0,9,226,109,0,0,0,0,212,0,101,243,212,214,217,0,0,220,135,0,175,0,0,227,169,0,218,0,248,0,221,212,223,230,216,5,238,198,217,197,242,39,203,208,210,203,208,224,219,223,193,206,0,216,241,241,76,77,4,47,87,0,0,0,0,0,0,0,0,0,0,0,0,0,0,0,9
0,0,0,0,0,0,0,0,0,12,0,0,0,0,1,0,215,212,0,0,0,199,246,0,0,193,0,3,0,0,0,0,200,1,0,0,1,0,190,0,0,232,230,0,0,0,0,239,230,0,213,0,0,0,0,0,0,233,204,0,0,0,243,203,221,0,0,0,235,194,0,110,109,199,0,0,1,0,0,0,0,0,0,0,120,194,0,97,4,188,59,118,200,255,3,0,0,0,0,0,5
0,0,0,0,0,0,0,0,0,0,0,0,0,0,0,0,234,192,0,0,0,223,255,235,0,224,223,0,0,0,0,0,238,0,230,214,227,221,225,0,0,226,48,223,206,0,0,229,248,195,219,252,224,0,211,231,236,221,192,0,205,222,228,194,234,0,212,208,195,200,226,98,184,205,192,230,55,225,247,233,3,12,27,84,0,0,0,0,0,0,0,0,0,0,0,0,0,0,0,0,9
0,0,0,0,0,0,0,118,221,0,0,195,0,181,189,0,179,0,0,0,191,174,179,188,199,171,228,0,0,42,211,0,0,0,193,185,162,247,0,0,171,0,0,209,161,0,207,0,0,152,0,155,199,215,217,172,198,167,0,0,174,221,163,235,0,0,195,221,203,231,183,229,185,117,0,207,0,209,234,203,166,158,0,166,188,248,231,190,177,0,0,203,28,186,240,173,49,0,0,0,6
0,0,0,0,0,0,0,0,0,0,0,0,0,0,0,0,0,0,68,0,0,28,62,95,0,220,255,209,0,0,0,0,233,0,229,238,241,243,242,0,0,234,224,0,255,0,0,228,209,0,253,0,252,0,255,249,247,244,203,2,59,229,243,245,255,0,246,235,237,242,227,226,229,242,225,240,112,238,237,239,225,115,63,255,195,73,76,67,0,13,0,0,0,0,0,0,0,0,0,0,9
0,0,0,0,0,0,0,0,239,0,0,226,0,233,235,0,234,0,0,0,229,225,213,245,221,223,222,0,0,0,39,0,0,0,190,189,211,209,0,0,224,53,0,218,214,0,0,90,0,246,0,255,206,221,210,205,223,41,0,0,183,199,210,225,0,0,97,197,225,235,148,206,127,167,0,216,0,210,188,197,198,199,0,193,150,146,199,205,217,0,0,183,136,192,179,0,0,0,0,0,4
0,0,0,0,0,0,0,243,202,0,0,184,0,158,222,0,199,0,0,0,177,188,192,23,191,187,68,0,0,36,232,0,0,0,192,190,192,181,0,0,185,0,0,185,186,0,152,0,0,184,0,186,185,205,199,187,197,187,0,0,176,192,158,60,0,0,217,184,200,75,220,167,204,0,0,194,0,183,208,191,205,0,0,188,0,125,206,208,196,0,0,2,139,192,188,220,187,0,140,0,4
0,0,1,0,0,0,0,238,233,0,1,225,0,231,222,0,225,217,0,226,227,225,224,216,227,227,220,0,0,231,235,0,0,0,226,225,221,226,0,0,232,217,0,231,228,0,228,233,0,233,0,233,232,241,232,230,228,228,0,0,236,232,227,226,0,0,230,232,246,225,231,224,185,223,255,233,0,234,234,235,231,255,159,235,187,238,236,237,235,0,0,0,244,233,228,240,232,219,222,218,2
0,0,0,0,0,0,0,212,223,0,0,235,0,244,246,0,237,0,0,0,242,241,189,0,0,250,0,0,0,0,0,0,0,0,244,215,107,0,0,0,255,0,0,217,238,0,0,0,0,255,0,255,232,0,219,168,236,0,0,0,0,221,0,0,0,0,0,224,0,0,0,230,0,0,0,244,0,243,241,244,239,0,0,162,0,0,248,245,247,0,0,0,0,242,187,121,201,0,35,24,1
0,0,0,0,0,0,0,0,0,0,0,0,0,1,1,0,22,1,0,0,0,0,0,0,0,59,0,40,0,0,0,0,200,0,190,204,156,164,216,0,0,214,110,0,187,0,0,202,159,0,215,0,176,0,182,124,154,156,180,0,118,130,144,143,212,26,126,103,215,215,0,207,214,218,141,178,61,200,203,228,152,113,0,20,0,1,1,2,0,33,0,0,0,0,0,0,0,0,0,0,9
0,0,0,0,0,0,0,203,214,0,0,223,0,214,214,0,215,185,0,138,215,216,227,186,218,217,187,0,0,177,192,0,0,0,219,216,155,196,0,0,216,15,0,220,219,0,220,75,0,217,0,216,220,205,220,221,255,167,0,0,22,220,29,199,0,0,254,220,255,202,253,250,1,104,0,218,0,218,219,220,217,241,0,218,0,253,222,222,220,0,0,219,255,217,221,5,7,0,0,0,2
0,0,0,0,0,0,0,0,0,0,0,0,0,0,0,0,0,0,0,0,0,0,0,0,0,0,0,46,0,0,0,0,95,0,95,130,124,69,0,0,101,0,0,145,0,0,0,120,180,0,145,51,0,153,97,161,138,162,159,0,40,195,162,164,197,118,212,161,164,187,212,193,199,193,120,95,0,80,0,0,0,0,0,0,0,0,0,0,0,0,0,0,0,0,0,0,0,0,0,0,5
0,0,0,0,0,0,0,97,205,0,0,204,0,201,204,0,212,0,0,0,202,201,171,0,0,241,0,0,0,0,0,0,0,0,213,198,55,0,0,0,238,0,0,201,250,0,0,0,0,221,0,206,205,0,214,189,126,0,0,0,0,214,0,0,0,0,0,210,0,0,0,180,0,0,0,212,0,212,222,210,219,0,0,126,0,0,229,211,233,0,0,0,0,209,0,2,0,0,0,0,1
0,0,0,0,0,0,0,234,230,0,0,213,0,164,169,0,213,187,0,222,232,186,171,176,179,238,156,0,158,198,181,0,180,0,180,156,163,221,217,0,238,197,101,199,172,1,1,0,0,174,2,230,203,200,250,239,169,221,1,0,195,196,164,0,0,1,191,174,173,0,196,189,192,2,2,215,0,219,205,195,194,224,0,193,187,196,207,205,191,0,0,220,195,236,183,247,191,0,173,139,0
0,0,0,0,0,0,0,165,233,0,0,189,0,201,205,0,191,0,0,126,199,200,190,209,216,195,221,0,0,192,235,0,0,0,210,208,197,217,0,0,214,0,0,215,209,0,255,0,0,213,0,212,211,233,216,207,181,228,0,0,124,217,163,248,0,0,240,217,221,245,233,223,224,64,0,214,0,216,212,210,204,175,0,248,129,0,179,199,194,0,0,226,0,0,0,0,3,0,1,0,4
0,0,0,0,0,0,0,2,0,0,0,142,0,148,0,0,0,0,0,0,0,94,0,0,4,2,0,0,0,3,2,0,0,0,0,57,0,6,0,0,233,52,0,201,118,0,93,118,0,157,0,160,173,180,168,156,158,158,0,0,170,144,160,195,0,0,177,168,166,165,168,157,149,0,0,158,0,149,145,162,151,151,0,170,170,189,169,160,150,0,0,0,159,165,146,57,76,0,31,20,8
0,0,0,0,0,0,0,0,0,0,0,0,0,0,0,0,0,0,0,0,0,0,0,0,0,0,0,0,0,0,0,0,0,0,204,96,0,0,0,1,0,0,0,119,131,2,52,0,0,0,165,224,190,185,159,136,230,219,137,128,242,246,251,255,255,0,116,107,108,88,0,0,0,0,0,0,0,0,0,0,0,0,0,0,0,0,0,0,0,0,0,0,0,0,0,0,0,0,0,0,5
0,0,0,0,0,0,0,141,197,0,0,168,0,172,165,0,158,0,0,0,171,171,200,0,205,183,0,0,0,0,0,0,0,0,173,151,219,0,0,0,171,0,0,189,207,0,0,0,0,171,0,187,192,183,196,190,178,172,0,0,255,198,235,0,0,0,175,185,0,0,186,151,0,0,0,184,0,183,175,174,164,0,0,204,1,0,110,149,88,0,0,0,0,0,0,10,4,0,1,0,4
0,0,0,0,0,0,0,0,0,0,0,0,0,0,0,0,0,0,0,0,0,24,0,0,0,236,24,28,0,0,0,0,208,0,233,231,222,221,235,0,0,210,198,255,240,0,1,167,255,232,219,231,230,197,226,247,226,211,215,156,206,224,211,232,207,247,212,239,230,228,225,71,198,199,100,243,0,0,0,0,0,0,0,0,0,0,0,0,0,0,0,0,0,0,0,0,0,0,0,0,9
0,0,0,0,0,0,0,0,0,136,154,246,121,199,211,0,206,209,0,0,189,219,214,223,5,216,227,0,0,0,0,0,104,0,223,219,224,221,0,0,0,242,1,157,207,0,0,204,0,0,128,58,193,0,195,213,194,219,177,0,0,188,220,201,0,0,142,192,213,218,217,205,240,161,0,197,0,206,195,203,3,0,156,197,87,192,198,200,0,4,0,227,221,240,4,0,2,0,0,0,9
0,0,0,0,0,0,0,139,175,0,0,202,0,195,195,0,187,0,0,0,185,180,157,0,0,215,0,0,0,0,0,0,0,0,178,114,76,0,0,0,177,0,0,111,175,0,0,0,0,187,0,170,171,0,160,116,137,0,0,0,0,176,8,0,0,0,0,190,0,0,0,192,0,0,0,196,0,201,214,203,193,0,0,178,0,0,209,190,196,0,0,0,0,157,161,156,202,0,0,25,1
0,0,0,0,0,0,0,0,0,0,0,0,0,0,0,0,0,0,0,0,0,0,0,0,0,0,0,0,0,0,0,0,0,0,1,0,0,0,152,0,20,255,86,188,0,0,171,206,218,165,226,217,206,0,11,0,0,0,0,0,20,16,34,38,39,0,0,0,0,0,0,0,0,0,0,0,0,0,0,0,0,0,0,0,0,0,0,0,0,0,0,0,0,0,0,0,0,0,0,0,7
0,0,0,0,0,0,0,43,150,0,0,117,0,126,123,0,121,0,0,0,177,131,66,0,0,201,0,0,0,0,0,0,0,0,177,130,40,0,0,0,172,0,0,117,234,0,0,0,0,179,0,186,149,0,130,118,102,0,0,0,0,135,0,0,0,0,11,136,0,0,0,123,0,0,0,146,0,142,165,154,149,0,0,90,0,0,177,142,228,0,0,0,0,150,126,230,164,0,53,36,1
0,0,0,0,0,0,0,0,0,0,0,0,0,0,0,0,0,0,0,0,0,0,0,0,205,126,0,0,121,228,238,0,244,0,220,222,195,230,240,101,230,238,148,230,238,97,215,225,64,223,209,224,220,218,215,212,215,217,202,0,217,233,213,218,35,154,220,204,219,215,210,210,213,216,242,255,0,106,0,0,0,0,0,0,0,0,0,0,0,0,0,0,0,0,0,0,0,0,0,0,8
0,0,0,0,0,0,0,0,0,0,0,0,0,0,0,0,0,0,0,0,0,0,0,0,0,0,0,0,0,0,0,0,0,0,34,54,104,0,50,0,75,170,29,102,113,0,0,122,175,79,145,100,100,81,91,132,113,248,134,109,118,129,132,81,154,56,132,157,152,159,93,91,97,75,0,0,0,0,0,0,0,0,0,0,0,0,0,0,0,0,0,0,0,0,0,0,0,0,0,0,7
0,0,0,0,0,0,0,234,213,0,0,226,0,221,227,0,222,227,0,240,237,219,218,220,222,214,222,0,0,246,221,0,79,0,212,212,219,220,0,0,215,211,0,216,212,0,0,52,0,217,0,216,214,136,213,213,212,233,0,0,233,214,207,0,0,0,212,215,130,0,212,219,232,3,0,218,0,220,221,221,222,214,0,221,231,239,222,222,223,0,0,0,233,214,220,254,255,0,141,118,0
0,0,0,0,0,0,0,1,83,0,0,79,0,173,153,0,142,0,0,0,217,214,185,220,196,190,189,0,0,19,201,0,0,0,205,211,188,195,0,0,183,233,0,171,190,0,242,218,0,185,0,221,207,221,227,187,206,201,0,0,240,183,209,174,0,0,205,188,230,188,170,201,218,177,0,181,0,185,226,223,205,213,0,198,203,231,190,186,176,0,0,175,184,205,194,53,26,0,0,0,4
0,0,0,0,0,0,0,190,216,0,0,219,0,228,147,0,189,0,0,14,177,230,214,212,161,171,228,0,0,19,148,0,0,0,123,196,244,173,0,0,119,0,0,161,140,0,203,0,0,159,0,129,146,246,108,192,248,160,0,0,43,160,164,177,0,0,196,199,229,235,242,218,133,0,0,184,0,184,159,186,90,228,0,212,169,204,197,172,210,0,0,0,229,216,194,201,182,0,100,20,6
0,0,0,0,0,0,0,10,239,0,0,171,0,254,173,0,170,0,0,0,179,158,43,0,14,198,0,0,0,0,0,0,0,0,207,96,43,0,0,0,133,0,0,219,40,0,0,0,0,99,0,88,148,0,194,37,149,0,0,0,8,198,0,0,0,0,0,193,0,0,0,139,1,0,0,196,0,197,180,205,188,0,0,0,7,10,186,221,198,0,0,0,13,185,68,0,8,0,4,5,1
0,0,0,0,0,1,0,0,0,143,208,0,0,2,0,0,188,185,0,0,78,217,210,184,0,165,152,1,0,0,0,0,62,0,178,187,168,161,13,0,0,166,0,77,174,0,0,156,140,19,168,136,181,1,130,182,173,170,165,0,16,178,177,174,204,0,173,199,172,177,134,171,196,188,0,181,5,165,157,164,125,0,151,167,3,152,154,161,0,149,0,242,225,255,0,0,0,0,0,0,9
0,0,0,0,0,0,0,0,0,0,0,0,0,0,0,0,0,0,0,0,0,0,0,0,0,0,0,0,0,0,0,0,92,0,24,58,48,64,58,3,0,0,139,0,0,0,57,1,187,5,123,181,1,55,5,0,0,0,74,85,105,137,42,76,51,10,101,126,210,174,0,0,3,183,0,0,0,0,0,0,0,0,0,0,0,0,0,0,0,0,0,0,0,0,0,0,0,0,0,0,5
0,0,0,0,0,0,0,70,67,0,0,133,0,0,0,0,0,0,0,2,0,0,186,0,157,0,0,0,0,0,24,0,0,0,1,0,176,36,0,0,0,0,9,0,0,0,215,186,0,180,0,164,164,162,140,185,138,133,0,0,178,154,137,204,3,0,181,177,202,206,177,157,193,134,205,173,0,174,176,183,176,177,0,188,180,189,188,192,180,0,0,185,181,179,177,221,221,0,104,91,8
0,0,0,0,0,0,0,0,163,0,0,212,0,234,214,0,234,0,0,0,219,254,0,0,0,223,0,0,0,0,0,0,0,0,225,233,0,0,0,0,17,0,0,255,215,0,0,0,0,71,0,84,220,0,255,222,36,0,0,0,0,255,0,0,0,0,0,255,0,0,0,63,0,0,0,225,0,223,254,218,255,0,0,165,0,0,228,219,228,0,0,0,0,183,59,225,54,0,135,0,3
0,0,0,0,0,0,0,1,1,0,0,0,0,0,61,0,0,4,0,0,125,2,53,0,0,0,5,0,0,0,1,1,0,0,0,0,0,187,1,0,0,0,0,185,99,0,7,173,227,112,141,141,206,122,234,141,161,182,99,1,132,187,145,139,55,0,135,138,158,145,139,160,161,167,0,164,0,170,173,171,186,179,0,142,202,157,180,174,190,0,0,0,246,243,237,118,116,0,0,0,8
0,0,0,0,0,0,0,233,229,0,0,210,0,208,207,0,209,0,0,0,211,211,231,0,239,212,0,0,0,0,0,0,0,0,210,232,174,121,0,0,240,0,0,210,217,0,0,0,0,249,0,246,215,255,211,215,216,255,0,0,84,212,0,0,0,0,208,214,177,0,227,252,239,0,0,215,0,214,219,216,203,63,0,201,0,166,218,219,215,0,0,0,155,222,232,255,236,0,39,20,3
0,0,0,0,0,0,0,0,126,0,0,104,0,107,114,0,124,121,0,24,119,111,132,124,103,112,129,0,0,117,176,0,0,0,124,121,112,203,0,0,163,166,0,144,142,0,193,171,0,140,0,165,142,240,162,153,124,108,0,0,102,158,158,172,0,0,153,147,187,173,158,163,70,156,0,175,0,164,172,189,170,186,0,167,62,94,171,153,172,0,0,168,11,166,164,0,0,0,0,0,4
0,0,0,0,0,0,0,0,0,0,0,0,0,99,41,0,85,71,0,0,171,133,158,129,0,112,88,0,0,0,55,0,109,0,98,76,64,185,64,0,182,137,23,61,115,0,161,102,128,64,0,88,121,153,128,121,125,118,0,0,121,123,114,153,205,7,112,125,152,163,129,120,128,163,1,136,0,144,155,156,161,131,68,49,0,0,0,0,0,0,0,0,0,0,0,0,0,0,0,0,8
0,0,0,0,0,0,0,26,62,0,0,47,0,53,63,0,43,75,0,31,54,52,60,54,56,57,71,0,0,54,91,0,0,0,62,61,41,121,0,0,47,78,0,62,63,0,73,86,0,56,0,66,54,138,56,64,49,41,0,0,9,55,45,96,0,0,61,56,90,107,55,60,0,45,0,49,0,56,60,58,58,55,0,53,1,9,53,62,55,0,0,126,1,61,61,104,54,0,4,0,6
0,0,0,0,0,0,0,0,0,0,0,154,0,177,135,0,0,0,0,0,0,17,0,1,0,1,5,0,0,0,0,0,0,0,5,0,219,0,0,0,28,0,0,73,39,0,183,194,0,195,0,203,228,181,151,157,188,217,0,0,210,177,193,245,0,0,223,228,204,203,205,211,221,0,0,213,0,218,215,216,218,220,0,217,223,212,218,220,220,0,0,196,209,210,214,247,249,0,144,115,8
0,0,0,0,0,0,0,178,131,0,0,135,0,129,124,0,111,143,0,152,108,200,104,116,105,110,129,0,0,144,135,0,0,0,99,108,145,109,0,0,110,61,0,102,99,0,0,0,0,99,0,103,102,0,104,102,130,0,0,0,131,104,125,0,0,0,126,106,0,0,129,113,0,0,0,118,0,121,124,119,116,122,0,118,0,162,139,115,125,0,0,0,165,138,133,160,142,0,106,110,0
0,0,1,0,0,0,0,149,132,0,0,126,0,146,137,0,128,109,0,143,117,119,121,117,134,199,120,0,83,142,142,0,115,0,218,167,119,115,64,0,169,42,0,157,251,0,0,0,0,168,0,144,229,135,220,230,117,108,0,0,154,224,113,37,0,0,110,230,140,36,107,118,96,0,0,253,0,198,170,178,170,149,0,162,119,140,130,144,57,0,0,0,136,154,123,106,135,0,43,72,0
0,0,0,0,0,0,0,10,156,0,0,188,0,130,141,0,115,0,0,0,178,201,0,0,0,129,0,0,0,0,0,0,0,0,133,178,0,0,0,0,159,0,0,109,195,0,0,0,0,118,0,155,178,0,153,113,145,0,0,0,76,173,102,0,0,0,155,130,0,0,162,152,0,0,0,219,0,231,162,132,130,211,0,147,110,141,165,161,167,0,0,0,179,193,149,170,150,0,181,0,3
0,0,0,0,0,0,0,208,172,0,0,165,0,165,167,0,173,0,0,0,174,169,215,0,156,182,0,0,0,0,0,0,0,0,185,176,238,0,0,0,176,0,0,173,186,0,0,0,0,187,0,194,208,0,176,58,192,0,0,0,0,181,211,0,0,0,236,182,0,0,230,193,1,0,0,208,0,204,179,203,185,224,0,185,33,66,182,187,211,0,0,0,79,182,186,7,202,0,0,175,1
0,0,0,0,0,0,0,40,59,0,0,51,0,65,69,0,81,0,0,0,83,75,67,0,0,73,0,0,0,0,0,0,0,0,81,81,28,0,0,0,73,0,0,73,87,0,0,0,0,40,0,26,79,0,79,95,0,0,0,0,0,75,0,0,0,0,0,69,0,0,0,0,0,0,0,69,0,71,73,67,48,0,0,0,0,0,77,91,97,0,0,0,0,83,0,124,0,0,69,0,1
0,0,0,0,0,0,0,1,0,0,0,1,0,15,0,0,0,0,0,0,0,0,1,16,19,0,0,1,0,1,0,0,19,0,1,1,3,1,4,0,0,0,0,0,0,0,157,148,54,192,219,202,203,202,200,201,200,201,217,0,201,204,205,208,153,0,202,204,206,208,203,200,203,201,142,203,0,206,202,199,197,201,41,211,214,218,213,205,203,90,0,223,227,221,223,66,72,0,0,0,8
0,0,0,0,0,0,0,244,223,0,1,241,0,244,244,0,177,253,0,253,239,247,242,237,255,238,237,0,0,253,236,0,0,0,255,0,253,241,0,0,0,201,0,13,4,0,242,229,0,231,0,27,18,3,82,92,255,0,0,0,255,255,255,248,0,0,228,198,162,253,238,236,69,242,101,241,0,253,250,242,221,253,0,12,48,255,251,249,247,0,0,0,44,16,9,0,0,113,1,3,2
0,0,0,0,0,0,0,0,203,0,0,188,0,179,198,0,191,0,0,0,187,163,117,0,0,235,0,0,0,0,0,0,0,0,189,134,99,0,0,0,161,0,0,165,223,0,0,0,0,47,0,0,151,0,157,199,80,0,0,0,0,143,0,0,0,0,0,168,0,0,0,116,0,0,0,186,0,178,171,177,178,0,0,0,0,0,120,192,194,0,0,0,0,196,76,162,45,0,143,18,1
0,0,2,0,5,0,0,110,82,0,0,126,0,121,126,0,121,182,0,170,118,121,136,190,133,131,195,0,0,133,164,0,28,0,128,139,188,175,0,0,126,203,0,136,128,0,141,177,0,121,0,123,133,69,139,131,175,113,0,0,252,139,200,115,0,0,133,139,203,118,131,162,85,139,208,139,0,144,149,144,151,185,0,149,146,177,154,149,144,0,0,0,170,149,149,190,162,167,59,41,2
0,0,0,0,0,0,0,239,221,0,0,235,0,224,223,0,223,68,0,238,225,228,220,229,225,182,230,0,0,238,225,0,0,0,181,181,229,221,0,0,165,84,0,179,192,0,235,127,0,211,0,226,224,141,221,219,224,205,0,0,175,223,218,222,0,0,249,222,255,220,248,224,21,203,0,222,0,224,225,226,223,249,0,224,45,216,223,222,220,0,0,223,255,240,240,201,144,0,0,0,2
0,0,0,0,0,0,0,0,0,0,0,0,0,0,0,0,0,0,0,0,0,0,0,0,0,0,0,0,0,0,0,0,0,0,59,94,0,0,12,0,0,0,45,49,55,0,0,117,59,55,182,203,117,77,167,150,231,118,144,43,43,29,12,4,8,57,23,12,35,31,39,36,36,31,0,0,0,0,0,0,0,0,0,0,0,0,0,0,0,0,0,0,0,0,0,0,0,0,0,0,7
0,0,0,0,0,0,0,0,0,0,0,0,0,0,0,0,0,0,0,0,0,0,0,0,0,0,0,0,0,0,0,0,1,0,120,139,0,0,0,0,0,0,7,197,111,0,0,145,212,50,122,83,100,89,111,141,137,139,134,61,24,18,0,7,26,53,42,46,67,67,46,29,26,35,0,0,0,0,0,0,0,0,0,0,0,0,0,0,0,0,0,0,0,0,0,0,0,0,0,0,7
0,0,0,0,0,0,0,0,139,0,0,82,0,111,111,0,81,0,0,0,135,94,47,0,0,210,0,0,0,0,0,0,0,0,201,138,0,0,0,0,168,0,0,88,206,0,0,0,0,165,0,159,112,0,128,151,54,0,0,0,0,154,0,0,0,0,20,138,0,0,3,69,0,0,0,146,0,159,161,151,133,0,0,145,0,0,152,149,194,0,0,0,0,151,31,98,20,0,48,2,1
0,0,1,0,0,0,0,169,193,0,0,235,0,210,214,0,205,0,0,0,193,201,184,154,190,194,177,0,0,70,195,0,0,0,168,181,186,179,0,0,177,0,0,158,193,0,194,0,0,175,0,194,197,189,133,241,180,153,0,0,206,13,215,223,0,0,200,105,139,255,204,182,208,78,0,189,0,169,157,182,67,214,0,168,197,183,171,194,168,0,0,183,170,181,180,133,196,0,121,167,4
0,0,11,0,0,0,0,217,173,0,0,202,0,211,182,0,199,12,0,13,202,228,0,16,17,199,13,0,0,13,13,0,0,0,197,212,0,13,0,0,138,0,0,223,198,0,13,0,0,249,0,247,211,16,200,202,203,2,0,0,2,195,193,15,0,0,11,194,5,16,1,212,0,0,0,193,0,190,219,188,192,164,0,182,0,15,223,197,216,0,0,13,18,203,216,244,252,0,42,84,3
0,0,0,0,0,0,0,0,0,0,0,0,0,0,0,0,0,0,0,0,0,0,0,0,0,33,0,3,0,0,0,0,12,13,103,166,0,0,154,0,0,113,10,57,186,0,1,135,15,113,210,103,129,92,163,147,156,124,194,0,115,119,148,223,136,162,166,153,188,195,171,179,186,171,101,209,0,68,0,0,0,0,0,0,0,0,0,0,0,0,0,0,0,0,0,0,0,0,0,0,7
0,0,0,0,0,0,0,0,0,0,0,0,0,0,0,0,0,0,0,0,0,0,0,0,0,0,0,0,0,0,0,0,51,0,48,0,0,113,0,0,0,0,0,0,44,0,2,2,6,0,0,0,1,164,0,0,194,10,230,0,189,0,85,218,231,0,238,1,206,208,214,0,255,244,56,0,0,0,0,0,0,0,0,0,0,0,0,0,0,0,0,0,0,0,0,0,0,0,0,0,5
0,0,0,0,0,0,0,0,0,0,0,0,0,0,0,0,0,0,0,0,0,186,122,47,0,0,231,0,0,0,0,0,220,0,232,217,223,218,213,0,0,212,112,3,205,0,0,210,45,0,222,3,172,0,183,213,227,227,207,0,121,91,196,203,219,86,152,214,234,228,215,206,215,209,233,209,0,229,227,214,0,0,0,0,0,0,0,0,0,0,0,0,0,0,0,0,0,0,0,0,9
0,0,0,0,0,0,0,0,0,0,0,0,0,0,0,8,0,0,0,151,103,143,189,193,96,208,218,227,222,147,127,106,130,112,21,182,135,144,140,85,206,160,255,236,224,244,211,44,232,232,222,224,227,217,215,205,219,218,228,0,219,222,224,189,119,234,236,235,183,186,225,217,193,133,216,246,21,128,0,0,0,0,0,0,0,0,0,0,0,0,0,0,0,0,0,0,0,0,0,0,8
0,0,0,0,0,0,0,0,0,30,0,34,0,0,0,0,71,32,0,0,0,0,0,0,0,2,28,0,0,0,0,0,0,0,0,0,0,122,67,0,0,32,124,2,0,0,0,163,146,0,137,0,0,0,0,2,102,56,130,0,0,0,95,0,143,0,52,8,0,0,0,8,2,113,0,39,2,45,28,91,0,0,28,89,0,69,71,80,0,111,0,117,104,98,0,84,0,0,0,0,5
0,0,0,0,0,0,0,2,0,198,5,64,0,0,13,0,156,0,0,0,21,0,5,2,0,0,0,203,0,0,0,0,202,71,3,2,2,0,147,0,0,129,227,9,4,0,0,187,198,7,195,1,1,3,0,0,187,0,196,1,0,1,0,231,160,0,22,0,49,229,189,0,0,186,111,35,11,67,255,75,5,2,156,201,0,187,180,211,2,96,0,185,199,241,0,0,0,0,0,0,5
0,0,0,0,0,0,0,152,127,0,0,141,0,135,130,0,102,72,0,160,121,105,105,121,121,108,102,0,0,191,207,2,0,0,102,110,102,121,0,0,108,138,0,94,99,0,182,113,0,108,5,83,91,44,108,99,94,105,83,0,144,102,88,110,0,13,105,99,74,94,110,113,130,146,133,119,0,113,138,152,130,133,130,49,108,0,0,0,0,108,85,0,0,2,2,0,0,0,0,0,2
0,0,0,0,0,0,0,69,163,0,0,171,0,169,165,0,174,0,0,0,119,77,49,0,0,215,0,0,0,0,0,0,0,0,148,75,18,0,0,0,195,0,0,60,253,0,0,0,0,115,0,84,34,0,150,206,29,0,0,0,0,116,0,0,0,0,0,124,0,0,0,30,0,0,0,162,0,166,182,169,129,0,0,12,0,0,186,170,201,0,0,0,0,166,10,83,0,0,60,0,1
0,0,0,0,0,0,0,2,236,0,0,233,0,230,234,0,240,0,0,0,236,227,95,0,0,247,0,0,0,0,0,0,0,0,232,238,0,0,0,0,227,0,0,255,255,0,0,0,0,235,0,244,0,0,141,244,0,0,0,0,162,190,0,0,0,0,248,255,0,0,249,0,0,0,0,75,0,118,252,152,39,6,0,249,0,0,247,178,207,0,0,0,0,216,6,56,9,0,4,4,1
0,0,0,0,0,0,0,0,0,0,0,0,0,0,0,0,0,0,0,0,0,0,0,0,0,0,0,0,0,0,0,0,208,0,215,221,225,0,200,1,172,241,152,213,180,0,22,244,255,229,223,209,210,255,255,249,169,175,241,3,94,113,69,83,31,100,0,0,0,0,108,107,111,105,0,0,0,0,0,0,0,0,0,0,0,0,0,0,0,0,0,0,0,0,0,0,0,0,0,0,7
0,0,0,0,0,0,0,0,0,0,0,0,0,0,0,0,0,0,0,0,0,0,0,0,0,0,0,0,0,0,0,0,9,0,185,221,0,6,88,0,0,0,61,226,198,0,3,209,161,193,206,190,161,155,184,219,241,237,214,91,190,227,125,146,159,91,148,98,0,0,0,48,46,37,10,25,0,0,0,0,0,0,0,0,0,0,0,0,0,0,0,0,0,0,0,0,0,0,0,0,7
0,0,0,0,0,0,0,99,121,0,0,126,0,126,148,0,128,0,0,0,93,110,0,0,0,186,0,0,0,0,0,0,0,0,130,126,0,0,0,0,197,0,0,135,201,0,0,0,0,161,0,166,137,0,166,223,0,0,0,0,0,159,0,0,0,0,46,153,0,0,53,0,0,0,0,93,0,104,186,90,28,0,0,157,0,0,204,88,133,0,0,0,0,128,0,0,0,0,0,0,1
0,0,0,0,0,0,0,110,145,0,0,210,0,144,141,0,147,160,0,0,132,167,230,179,136,133,184,0,0,0,34,0,0,0,182,178,215,173,0,0,129,208,0,144,145,0,78,219,0,129,0,130,154,180,137,144,193,0,0,0,6,134,249,156,0,0,158,123,93,170,151,185,47,171,0,150,0,145,129,149,158,229,0,132,0,0,0,26,0,0,0,0,0,0,0,2,1,15,0,0,4
0,0,0,0,0,0,0,0,0,0,0,0,0,0,0,0,0,0,0,0,0,0,108,51,0,1,210,173,0,0,0,0,202,0,211,199,217,207,215,0,4,207,255,0,192,0,5,212,178,179,193,196,199,188,184,193,199,207,193,41,190,227,237,215,200,102,81,100,111,109,109,99,97,112,70,142,2,41,0,0,0,0,0,0,0,0,0,0,0,0,0,0,0,0,0,0,0,0,0,0,7
0,1,0,0,1,0,0,213,190,1,0,171,0,170,152,0,235,0,0,41,180,152,172,188,171,167,180,0,0,207,186,0,0,0,163,166,158,175,0,0,160,78,0,160,142,0,168,115,0,160,0,170,160,198,171,145,162,191,0,0,167,157,153,173,0,0,175,160,172,167,186,172,211,183,0,160,0,163,186,178,181,172,0,187,218,190,175,162,163,0,0,200,165,172,173,223,195,0,72,120,4
0,0,0,0,0,0,0,0,157,0,0,124,0,110,127,0,108,0,0,0,116,127,42,0,0,189,0,0,0,0,0,0,0,0,178,118,28,0,0,0,143,0,0,93,161,0,0,0,0,173,0,114,114,0,123,40,76,0,0,0,0,119,0,0,0,0,0,128,0,0,0,104,0,0,0,138,0,144,163,154,158,0,0,0,0,0,97,181,214,0,0,0,0,189,124,182,97,0,148,20,1
0,0,0,0,0,0,0,0,85,0,0,73,0,114,128,0,11,7,0,19,0,51,0,68,99,12,52,0,0,48,68,0,0,0,38,81,82,3,0,0,88,7,0,124,141,0,81,36,0,106,0,50,77,68,100,54,41,85,0,0,112,133,83,30,0,0,114,137,36,27,110,69,78,33,0,70,0,123,105,121,149,137,0,0,113,99,94,105,55,0,0,47,86,127,182,131,46,41,92,29,6
0,0,0,0,0,0,0,82,71,0,0,99,0,77,36,0,62,0,0,0,49,90,103,0,49,86,0,0,0,0,0,0,0,0,60,56,194,15,0,0,49,0,0,77,105,0,0,0,0,54,0,49,66,77,58,112,66,127,0,0,41,58,129,0,0,0,23,56,0,0,43,88,0,0,0,60,0,58,49,62,56,75,0,51,0,0,56,64,103,0,0,0,10,66,75,79,92,0,73,62,4
0,0,0,0,0,0,0,0,0,0,0,0,0,0,0,0,0,0,0,0,0,164,0,0,0,0,0,1,0,0,0,0,165,30,201,196,212,193,158,0,1,174,210,0,212,0,0,184,228,241,179,206,161,245,201,193,189,190,178,0,207,217,191,197,223,148,229,220,213,214,106,103,101,93,88,74,4,116,178,177,171,169,0,0,0,0,0,0,0,0,0,0,0,0,0,0,0,0,0,0,7
0,0,0,0,0,0,0,0,0,0,0,0,0,0,0,0,0,0,0,0,0,79,0,2,0,16,0,0,0,0,0,0,206,0,177,211,198,185,222,0,0,196,26,0,159,0,0,217,63,94,215,201,65,218,68,206,207,204,201,51,18,186,220,226,203,59,236,217,205,201,55,8,0,0,45,6,0,35,0,0,0,0,0,0,0,0,0,0,0,0,0,0,0,0,0,0,0,0,0,0,7
0,0,0,0,0,0,0,0,0,0,0,184,0,0,0,0,196,128,0,0,0,210,224,232,0,161,217,189,0,0,0,0,216,0,204,227,221,217,207,0,0,221,135,2,200,0,0,197,136,0,211,24,195,0,188,205,219,220,206,1,38,219,210,199,232,0,137,196,229,214,103,211,208,212,209,206,2,209,167,167,178,185,49,244,225,50,80,89,13,57,0,0,0,0,0,0,0,0,0,0,9
0,0,0,0,0,0,0,0,0,0,0,0,0,0,0,0,112,123,0,221,255,255,255,255,240,236,236,199,4,249,238,1,231,0,242,242,242,241,242,0,242,242,248,242,240,249,250,237,255,233,229,231,230,227,232,220,239,230,219,180,230,232,226,228,255,135,234,235,229,228,233,222,226,224,141,230,0,210,214,193,213,223,240,239,255,194,182,154,0,0,0,0,0,0,0,0,0,0,0,0,8
0,0,0,0,0,0,0,114,248,0,0,196,0,198,199,0,193,0,0,0,196,196,210,252,209,205,220,0,0,0,35,0,0,0,205,205,219,95,0,0,219,0,0,207,212,0,0,0,0,216,0,214,211,0,210,216,210,132,0,0,31,210,227,0,0,0,223,211,0,0,224,211,182,0,0,213,0,214,212,214,209,221,0,204,195,103,229,235,237,0,0,6,59,232,230,235,239,0,215,208,6
0,0,0,0,0,0,0,143,132,0,0,150,0,132,140,0,143,0,0,0,150,150,21,0,82,129,0,0,0,0,0,0,0,0,147,140,43,0,0,0,140,0,0,140,150,0,0,0,0,136,0,136,132,0,140,150,165,0,0,0,86,143,64,0,0,0,175,143,0,0,172,172,0,0,0,147,0,154,150,154,140,104,0,140,0,129,150,165,161,0,0,0,150,172,165,197,204,0,14,136,1
0,0,0,0,0,0,0,180,221,0,4,174,0,180,185,0,180,203,0,84,183,186,179,185,190,188,193,0,0,155,197,0,24,0,185,194,214,226,0,0,234,201,0,181,185,0,192,193,0,233,255,216,192,255,188,186,185,36,212,0,139,192,228,255,64,0,191,191,166,231,189,192,185,204,166,188,0,192,188,189,185,184,5,203,230,107,31,33,38,20,0,192,78,0,0,5,5,0,0,1,2
0,0,0,0,0,0,0,223,219,0,0,202,0,226,221,0,202,0,0,0,214,207,201,0,140,221,0,0,0,0,0,0,0,0,220,208,220,0,0,0,215,0,0,205,255,0,0,0,0,215,0,214,255,0,208,252,208,84,0,0,232,216,227,0,0,0,227,217,0,0,222,218,152,0,0,237,0,232,226,217,232,226,0,217,196,235,230,218,245,0,0,0,233,225,220,0,230,0,0,193,1
0,0,0,0,0,0,0,0,0,0,0,173,24,0,0,0,193,215,0,0,0,177,193,211,0,195,203,172,0,0,0,0,220,0,205,197,202,224,240,0,2,231,123,0,214,0,0,224,255,126,211,196,211,68,223,184,186,225,211,0,208,227,195,218,228,21,222,212,218,216,215,220,217,222,202,201,16,178,197,188,235,0,170,228,0,210,215,195,0,0,0,0,0,0,0,0,0,0,0,0,9
0,0,0,0,0,0,0,0,217,0,0,169,0,184,188,0,168,0,0,0,191,217,170,0,0,168,2,0,0,0,0,0,0,0,117,0,31,137,0,0,185,0,0,175,178,0,0,0,0,179,0,182,179,40,172,192,0,212,0,0,224,170,0,0,0,0,188,173,0,0,198,136,0,0,0,178,0,179,179,178,207,0,0,176,0,73,188,176,169,0,0,0,70,169,168,201,255,0,75,28,3
0,0,0,0,0,0,0,86,141,0,0,186,0,151,173,0,163,0,0,0,175,196,0,0,0,180,0,0,0,0,0,0,0,0,183,199,0,0,0,0,185,0,0,193,196,0,0,0,0,183,0,182,190,0,190,198,200,0,0,0,179,192,86,0,0,0,196,193,0,0,195,195,0,0,0,190,0,190,193,193,179,223,0,199,18,226,195,200,210,0,0,0,213,192,159,255,178,0,122,101,3
0,0,0,0,0,0,0,0,237,0,0,233,0,204,199,0,176,1,0,0,199,212,204,0,197,111,15,0,0,0,0,0,0,0,195,178,192,136,0,0,194,0,0,186,171,0,0,0,0,137,0,136,172,195,200,181,66,205,0,0,221,191,95,74,0,0,66,182,199,94,105,202,225,0,0,190,0,192,191,194,188,72,0,211,178,76,204,206,199,0,0,165,102,41,0,0,0,0,5,0,2
0,0,0,0,0,0,0,0,0,0,0,3,0,0,1,0,103,155,29,0,6,89,0,31,0,156,208,139,0,0,0,0,207,0,217,213,214,220,230,0,0,148,62,0,216,0,0,230,200,0,193,140,194,0,185,248,203,159,189,0,145,202,246,194,230,30,138,205,184,203,156,206,190,214,190,179,24,158,197,199,217,142,0,247,183,78,127,97,0,0,0,0,0,0,0,0,0,0,0,0,9
0,0,0,0,1,0,0,46,39,0,1,31,0,31,31,0,26,37,0,27,31,31,29,45,50,0,41,0,0,43,40,0,0,0,196,196,226,14,0,0,201,37,0,204,206,0,52,37,0,195,0,195,205,19,205,208,201,0,0,0,78,205,250,52,0,0,243,204,29,65,220,194,46,37,14,213,0,211,211,212,210,210,0,203,70,150,222,225,217,0,0,14,0,56,0,0,0,5,3,0,6
0,0,0,0,0,0,0,18,175,0,0,154,0,125,106,0,135,63,0,136,132,135,133,149,118,132,149,0,0,151,132,0,0,0,142,154,221,139,0,0,142,1,0,136,145,0,152,27,0,138,0,135,149,239,141,145,136,227,0,0,38,141,79,145,0,0,157,141,180,136,157,155,255,74,0,148,0,144,138,139,138,77,0,154,116,0,99,102,113,0,0,170,0,0,0,1,1,0,0,1,2
0,0,0,0,0,0,0,230,216,0,0,221,0,216,216,0,215,220,0,255,215,217,218,217,212,213,230,0,0,222,212,0,115,0,212,215,217,227,0,0,212,32,0,210,210,0,4,7,0,208,0,207,211,0,214,212,213,219,0,0,202,214,216,0,0,0,216,214,13,0,217,214,220,4,0,210,0,210,213,210,216,216,0,210,211,148,216,214,218,0,0,1,134,207,213,227,232,0,188,85,0
0,0,1,0,0,0,0,123,85,0,0,122,0,112,110,0,119,94,0,127,116,125,109,134,103,126,128,0,0,148,140,0,0,0,121,122,174,122,0,0,134,0,0,106,131,0,118,34,0,114,0,107,122,132,121,123,127,171,0,0,27,118,0,123,0,0,139,122,179,102,147,136,100,60,0,115,0,101,123,122,120,17,0,79,0,0,0,0,0,0,0,129,0,4,2,0,0,0,0,0,2
0,0,0,0,0,0,0,8,140,0,0,0,0,183,19,0,188,0,0,0,0,0,3,0,8,0,0,0,0,0,0,0,12,0,101,228,0,0,0,0,188,161,0,255,215,0,212,223,0,197,148,191,217,216,200,192,216,223,139,0,215,208,229,243,0,0,220,214,208,220,224,222,233,211,251,218,0,214,217,211,229,232,156,227,235,224,223,224,233,0,0,211,210,214,221,255,255,176,130,125,8
0,0,0,0,0,0,0,0,0,0,0,0,0,44,43,0,69,93,23,87,99,109,113,115,112,113,115,130,167,109,113,23,118,0,121,122,124,125,144,0,119,121,118,116,119,133,125,130,79,119,150,121,121,136,124,124,119,121,192,1,136,124,130,122,0,0,122,136,105,141,141,132,175,182,0,227,0,175,101,116,175,168,0,115,167,139,136,142,56,0,0,0,0,0,0,0,0,0,0,0,8
0,0,0,0,2,0,2,98,93,0,2,164,0,110,110,0,166,80,0,100,100,83,88,80,100,78,85,0,83,95,105,0,95,0,85,83,83,78,0,0,85,26,0,83,80,0,0,0,0,85,0,85,83,80,88,71,76,73,0,0,98,88,76,49,0,0,83,85,88,61,83,78,73,0,0,71,0,68,95,68,76,78,0,73,78,100,100,66,66,0,0,90,93,78,110,100,139,0,53,44,0
0,0,0,0,0,0,0,199,203,0,0,184,0,185,180,0,182,0,0,0,193,189,192,165,192,194,236,0,0,10,223,0,0,0,189,187,191,230,0,0,200,0,0,195,194,0,118,0,0,199,0,198,194,197,199,194,200,207,0,0,171,202,168,141,0,0,206,199,222,141,210,199,196,0,0,192,0,199,199,192,190,170,0,187,216,101,196,193,195,0,0,0,85,199,193,208,189,0,0,19,2
0,0,0,0,0,0,0,231,243,194,0,229,0,236,235,0,236,228,0,242,235,235,234,235,232,232,236,0,0,235,232,0,250,0,229,231,233,234,0,0,231,229,0,232,232,0,227,223,0,231,97,232,232,113,232,232,231,255,118,0,255,231,225,154,0,0,223,231,150,124,223,233,255,255,135,233,0,234,234,234,233,228,0,236,244,241,236,235,236,0,0,0,255,223,240,255,252,0,109,0,0
0,0,0,0,0,0,0,0,0,0,0,0,0,0,0,0,0,0,0,0,0,0,0,0,1,0,0,0,0,0,0,0,172,0,218,206,55,0,168,0,0,210,23,213,220,0,0,219,154,211,162,193,204,160,200,139,156,166,24,165,201,117,55,0,82,91,6,0,92,100,26,88,82,85,39,162,0,0,0,0,0,0,0,0,0,0,0,0,0,0,0,0,0,0,0,0,0,0,0,0,7
0,0,0,0,0,0,0,181,164,0,0,184,0,183,190,0,179,146,0,178,181,183,178,191,190,186,189,0,0,209,177,0,0,0,185,182,186,180,0,0,181,59,0,181,183,0,200,101,0,183,0,187,185,205,183,182,205,178,0,0,102,186,86,172,0,0,199,181,243,167,200,199,79,150,0,182,0,180,178,171,178,168,0,185,29,190,183,184,181,0,0,183,225,190,189,192,179,0,0,0,2
0,0,0,0,0,0,0,68,234,0,0,222,0,221,209,0,193,1,0,0,190,199,182,0,163,139,154,0,0,32,171,0,0,0,163,161,171,170,0,0,165,4,0,165,142,0,180,64,0,163,0,163,151,192,169,149,168,187,0,0,159,171,159,188,0,0,169,174,177,186,165,166,197,120,0,150,0,156,180,158,170,164,0,179,203,193,169,156,168,0,0,168,211,176,199,224,175,0,0,0,4
0,0,0,0,0,0,0,24,28,0,0,0,0,1,0,0,0,119,0,129,0,0,0,0,4,0,0,0,0,43,254,0,0,0,57,57,57,64,0,0,68,46,0,67,67,0,112,68,0,71,0,73,75,72,75,71,70,65,0,0,75,76,70,94,0,0,75,76,72,93,77,71,68,78,0,76,0,80,81,75,76,76,0,78,72,77,76,73,61,0,0,71,81,85,83,101,93,0,102,94,8
0,0,0,0,1,0,2,199,190,0,3,186,0,175,192,0,184,198,0,223,203,192,191,182,209,211,219,0,38,212,198,0,181,0,179,171,158,186,216,0,224,181,251,254,210,0,228,190,225,233,214,230,237,213,247,203,215,205,150,0,245,242,183,203,0,0,218,230,204,206,217,198,203,194,163,203,0,201,196,198,195,197,0,197,202,226,195,196,198,0,0,198,212,184,187,195,195,21,184,167,8
0,0,0,0,0,0,0,0,220,0,0,187,0,187,188,0,247,0,0,0,182,204,162,0,0,250,0,0,0,0,0,0,0,0,255,212,81,0,0,0,238,0,0,190,42,0,0,0,0,217,0,235,253,0,223,0,220,0,0,0,0,219,25,0,0,0,0,225,0,0,0,214,0,0,0,235,0,238,245,235,225,7,0,87,0,0,245,235,221,0,0,0,0,218,184,194,227,0,65,76,1
0,0,0,0,0,0,0,0,0,0,0,0,0,0,0,0,0,0,0,0,0,0,147,0,0,0,182,0,0,0,0,0,233,0,0,176,180,206,204,0,0,165,42,0,181,0,0,173,149,93,228,191,102,116,166,203,211,219,180,0,86,210,218,206,151,169,140,214,226,177,189,184,186,183,189,192,0,177,0,0,0,0,0,0,0,0,0,0,0,0,0,0,0,0,0,0,0,0,0,0,7
0,0,0,0,0,0,0,0,0,0,0,0,0,0,0,0,0,0,0,0,4,148,0,0,0,255,125,0,0,0,0,0,203,0,219,255,254,251,154,0,0,236,0,1,255,0,0,241,29,0,255,130,243,147,225,232,240,239,248,0,234,234,235,239,236,181,230,228,245,243,238,243,251,242,204,238,0,234,167,166,0,43,0,0,0,0,0,0,0,0,0,0,0,0,0,0,0,0,0,0,9
0,0,2,0,0,0,0,231,225,0,0,233,0,233,234,0,232,53,0,159,231,228,235,254,245,234,250,0,0,197,247,0,0,0,235,228,81,242,0,0,236,28,0,236,235,0,250,107,0,233,0,232,236,0,236,234,255,0,0,0,248,236,198,249,0,0,236,236,255,252,233,238,20,164,0,237,0,239,238,238,239,255,0,233,55,255,251,251,251,0,0,208,205,181,177,0,0,0,0,0,2
0,0,0,0,1,0,0,56,49,0,0,58,0,56,60,0,58,92,0,72,55,54,72,91,53,56,111,0,0,51,115,0,0,0,78,72,9,174,0,0,69,85,0,69,75,0,116,72,0,66,0,68,73,0,74,79,86,0,0,0,83,77,113,176,0,0,72,79,28,179,75,91,55,112,56,86,0,90,88,93,97,103,0,102,111,112,119,116,123,0,0,0,5,3,0,0,0,27,0,1,2
0,0,0,0,0,0,0,0,0,0,0,252,0,0,0,0,184,250,0,0,4,201,255,198,0,189,192,55,0,0,0,0,215,0,216,177,255,177,234,0,1,222,29,2,219,0,0,208,33,0,230,4,0,0,0,202,193,159,198,0,0,121,253,214,213,0,38,132,229,177,93,230,227,229,70,200,62,207,193,210,254,214,166,199,204,207,215,215,0,232,0,24,96,41,0,0,0,0,0,0,9
0,0,0,0,0,0,0,0,0,0,0,0,0,1,0,0,158,255,1,0,0,240,231,227,0,231,239,0,0,0,0,0,231,0,233,240,241,238,234,0,0,228,255,168,233,0,0,226,244,103,232,251,223,0,218,236,230,248,208,1,242,227,255,183,142,0,221,225,215,183,232,25,117,199,223,230,121,231,233,225,0,0,0,189,66,0,0,0,1,0,0,0,0,0,0,0,0,0,0,0,9
0,0,0,0,0,0,0,242,212,0,0,241,0,225,224,0,223,0,0,2,220,223,220,36,238,215,96,0,0,4,0,0,0,0,217,216,229,8,0,0,220,1,0,219,218,0,0,0,0,225,0,223,221,0,221,220,216,64,0,0,10,222,255,2,0,0,255,223,0,1,254,221,206,0,0,224,0,224,226,226,226,225,0,228,221,222,227,228,229,0,0,75,235,232,240,254,212,0,0,0,0
0,0,0,0,0,0,0,30,223,0,0,246,0,222,228,0,225,0,0,0,226,224,158,0,255,229,0,0,0,0,0,0,0,0,235,252,0,0,0,0,249,0,0,240,232,0,0,0,0,250,0,249,232,0,228,231,233,0,0,0,0,229,0,0,0,0,224,230,0,0,244,225,0,0,0,229,0,229,230,228,232,11,0,242,0,0,235,231,243,0,0,0,0,229,247,255,255,0,91,112,3
0,0,0,0,0,0,0,223,217,0,0,222,0,223,215,0,219,187,0,243,221,221,209,229,217,217,224,0,0,253,210,0,0,0,212,211,219,212,0,0,206,44,0,217,214,0,240,86,0,206,0,207,212,208,218,230,225,242,0,0,148,221,112,234,0,0,216,222,233,229,207,238,149,142,0,217,0,217,226,219,210,230,0,221,0,116,221,219,214,0,0,103,0,224,132,216,0,0,0,0,6
0,0,0,0,0,0,0,1,143,0,0,160,0,50,0,0,0,0,0,0,10,56,0,0,0,2,0,0,0,0,0,0,0,0,0,115,69,0,0,0,151,0,0,255,223,0,232,165,0,224,0,228,228,224,227,208,215,162,0,0,223,224,194,152,0,0,224,227,150,170,225,217,185,250,108,226,0,228,230,229,221,223,0,235,220,240,236,235,235,0,0,218,227,227,220,255,255,0,113,128,8
0,0,0,0,0,0,0,130,196,0,0,199,0,192,192,0,183,0,0,0,192,179,202,0,0,209,0,0,0,0,0,0,0,0,190,157,166,0,0,0,200,0,0,142,244,0,0,0,0,215,0,212,188,0,154,206,205,0,0,0,0,150,22,0,0,0,0,156,0,0,0,226,0,0,0,201,0,211,201,213,179,13,0,189,0,0,200,209,211,0,0,0,0,205,192,105,227,0,0,71,1
0,0,0,0,0,0,0,0,3,0,0,70,0,209,205,0,206,0,0,46,197,203,201,230,198,197,219,0,0,175,210,0,0,0,195,196,199,204,0,0,199,56,0,198,201,0,240,79,0,194,0,193,199,218,208,202,208,215,0,0,166,206,182,235,0,0,225,207,207,234,233,248,147,135,0,202,0,205,215,201,208,210,0,206,0,63,211,210,211,0,0,211,16,205,243,0,0,0,0,0,2
0,0,0,0,0,0,0,0,0,0,0,0,0,0,0,0,29,159,0,0,0,33,1,0,0,70,0,0,0,0,0,0,130,0,0,63,116,116,56,0,0,153,145,21,94,0,1,1,142,25,113,157,30,86,153,119,132,37,14,0,95,121,145,6,114,109,114,110,0,8,117,139,0,26,107,110,184,135,114,104,42,38,48,1,1,24,42,172,0,0,0,0,0,0,0,0,0,0,0,0,7
0,0,0,0,0,0,0,61,52,3,0,68,0,63,64,0,63,45,0,110,68,62,107,135,72,81,130,0,4,105,70,0,0,0,77,90,102,124,2,0,79,42,0,85,88,2,79,87,0,93,0,96,89,163,83,93,122,104,0,0,44,92,112,123,0,0,93,81,138,122,95,121,104,122,99,98,0,91,104,109,126,120,96,8,36,0,0,0,0,0,0,150,0,1,1,0,1,150,0,3,2
0,0,0,0,0,0,0,0,0,0,0,0,0,0,0,0,0,62,0,0,0,135,149,216,0,140,156,0,0,0,0,0,99,0,165,182,165,145,145,0,0,72,187,157,0,0,1,88,133,211,118,13,0,87,0,0,27,62,61,0,75,0,70,39,40,3,105,97,62,68,136,55,56,51,86,55,64,36,27,27,19,23,0,0,0,0,0,0,0,0,0,0,0,0,0,0,0,0,0,0,5
0,0,0,0,0,0,0,225,228,1,0,228,0,223,229,0,226,184,0,236,226,202,230,216,218,226,225,0,0,235,235,0,0,0,219,218,219,227,0,0,222,243,0,220,225,0,228,255,0,222,0,222,219,253,219,223,214,222,0,0,212,220,214,231,0,0,222,220,235,234,220,216,224,251,113,220,0,220,220,220,218,252,0,220,102,255,222,222,229,0,0,115,255,220,217,255,235,42,102,94,2
0,0,0,0,0,0,0,121,85,0,0,82,0,109,106,0,83,68,0,97,73,100,88,118,123,83,150,0,0,8,104,0,0,0,100,128,0,3,0,0,95,0,0,68,100,0,0,0,0,77,0,75,82,66,77,95,0,1,0,0,70,77,0,0,0,0,80,82,0,0,82,49,1,0,0,112,0,114,121,111,123,0,0,116,0,100,126,109,102,0,0,118,88,114,213,102,201,0,77,3,0
0,0,0,0,0,0,0,0,0,0,0,0,0,0,0,0,0,0,0,0,0,0,0,0,0,0,0,0,0,0,0,0,0,0,97,177,148,0,165,0,24,173,159,175,0,0,0,118,128,100,95,107,188,155,90,0,9,197,151,102,128,68,150,150,133,67,243,221,106,113,38,34,24,26,2,22,0,0,0,0,0,0,0,0,0,0,0,0,0,0,0,0,0,0,0,0,0,0,0,0,5
0,0,0,0,0,0,0,245,238,0,0,207,0,250,234,0,164,238,0,255,255,160,229,242,181,254,248,0,0,255,243,0,36,0,191,147,255,255,0,0,79,255,0,235,242,0,248,254,0,84,0,255,252,148,247,247,240,125,49,0,255,248,255,255,0,0,248,248,144,235,250,250,255,248,255,247,0,255,125,121,87,89,184,0,0,4,4,3,3,0,0,0,0,0,0,0,0,80,0,0,4
0,0,0,0,0,0,0,0,0,0,0,0,0,0,0,0,0,0,0,0,0,0,0,0,105,82,84,28,137,241,240,0,194,61,212,211,214,211,197,0,211,201,184,207,208,207,208,201,106,210,217,210,208,214,208,219,206,206,208,16,209,208,198,190,140,213,213,213,205,210,207,211,193,191,238,255,124,136,0,0,0,0,0,0,0,0,0,0,0,0,0,0,0,0,0,0,0,0,0,0,8
0,0,0,0,0,0,0,0,203,0,0,218,0,223,214,0,199,0,0,0,176,185,188,27,190,206,52,0,0,0,0,0,0,0,206,207,223,169,0,0,223,0,0,233,184,0,0,0,0,103,0,139,190,233,184,185,212,199,0,0,201,185,196,66,0,0,207,194,221,99,211,202,231,0,0,185,0,196,197,180,209,227,0,210,56,73,200,189,205,0,0,2,96,187,213,223,216,0,144,78,4
0,0,0,0,0,0,0,0,0,0,0,0,0,0,0,0,0,0,0,0,0,0,0,0,0,0,0,0,0,0,0,0,229,0,81,0,138,184,170,0,1,120,0,0,219,0,148,0,0,0,87,31,87,228,162,234,217,114,78,25,77,71,81,37,52,44,39,38,46,48,22,4,0,0,0,0,0,0,0,0,0,0,0,0,0,0,0,0,0,0,0,0,0,0,0,0,0,0,0,0,5
0,0,108,0,42,0,0,228,240,241,122,205,0,208,206,0,212,215,0,209,210,209,216,206,212,210,234,0,200,246,134,0,219,0,206,205,224,0,246,0,204,234,26,203,200,80,81,254,89,205,232,204,202,233,203,202,202,206,207,0,208,204,212,0,208,0,207,203,20,0,206,207,224,0,2,201,0,200,202,201,202,203,0,202,213,209,203,203,203,0,0,206,201,199,191,229,230,4,132,127,0
0,0,0,0,0,0,0,158,197,0,0,170,0,244,205,0,175,57,0,173,215,136,168,146,170,149,162,0,0,184,175,0,0,0,126,122,85,193,0,0,163,0,0,146,153,0,0,0,0,158,0,156,138,0,145,128,175,0,0,0,132,147,168,0,0,0,170,154,0,1,158,121,19,0,0,142,0,150,139,142,132,149,0,149,124,159,193,198,177,0,0,111,162,193,193,206,189,0,75,54,0
0,0,0,0,0,0,0,0,0,192,180,235,1,0,42,0,224,218,0,0,59,218,217,245,0,231,238,0,0,0,0,0,205,0,222,218,217,212,212,0,0,201,231,255,222,0,0,221,226,245,196,255,225,0,217,202,213,192,205,1,228,211,184,219,213,2,207,216,87,229,211,124,0,190,161,214,0,232,216,202,2,3,212,212,0,234,191,151,0,230,0,0,0,0,0,0,0,0,0,0,9
0,0,0,0,0,0,0,116,122,0,0,138,0,127,143,0,143,0,0,0,138,127,180,0,185,138,0,0,0,0,0,0,0,0,170,143,191,79,0,0,148,0,0,111,116,0,0,0,0,138,0,132,159,180,143,122,138,207,0,0,196,138,191,0,0,0,127,143,127,0,132,143,239,0,0,154,0,154,143,132,164,138,0,132,239,159,148,138,132,0,0,148,164,154,148,159,180,0,132,127,6
0,0,0,0,0,0,0,0,0,0,0,0,0,0,0,0,39,5,0,0,0,117,0,0,0,0,34,169,0,0,0,0,220,0,215,212,218,220,197,0,0,225,19,6,204,0,0,228,22,0,226,39,79,61,131,196,207,213,201,0,148,141,229,230,234,154,103,201,185,198,222,177,191,193,184,211,0,255,84,76,0,0,0,0,0,0,0,0,0,0,0,0,0,0,0,0,0,0,0,0,9
0,0,0,0,0,0,0,225,200,0,0,200,0,198,195,0,202,0,0,0,204,204,241,0,235,204,0,0,0,0,0,0,0,0,225,176,216,0,0,0,211,0,0,198,205,0,0,0,0,218,0,214,225,0,210,209,188,0,0,0,26,213,0,0,0,0,227,214,0,0,229,222,0,0,0,233,0,232,217,226,214,125,0,219,0,195,222,227,220,0,0,0,222,220,231,252,224,0,146,0,3
0,0,0,0,0,0,0,11,239,0,0,255,0,230,239,0,233,0,0,0,240,255,0,0,0,241,0,0,0,0,0,0,0,0,238,255,0,0,0,0,255,0,0,235,255,0,0,0,0,255,0,251,255,0,246,255,0,0,0,0,0,251,0,0,0,0,20,254,0,0,32,0,0,0,0,149,0,144,255,149,163,0,0,241,0,0,255,133,255,0,0,0,0,106,0,0,0,0,0,0,1
0,0,0,0,0,0,0,0,0,0,0,0,0,0,0,0,0,0,0,60,73,75,79,83,212,237,240,226,0,177,175,0,143,57,147,150,144,146,140,0,161,166,197,163,157,177,174,170,187,177,170,174,182,171,147,153,150,151,153,26,233,220,186,208,242,69,234,233,201,199,237,186,185,187,1,198,0,229,71,5,0,0,0,0,0,0,0,0,0,0,0,0,0,0,0,0,0,0,0,0,8
0,0,0,0,0,0,0,64,237,4,0,227,0,224,229,0,230,215,0,184,237,226,218,221,226,223,222,0,0,242,209,0,57,0,216,217,220,224,0,0,217,242,0,220,216,0,0,0,0,220,0,219,218,185,226,217,220,238,0,0,235,226,215,0,0,0,219,226,176,0,220,220,236,0,0,227,0,226,227,226,225,219,0,220,233,240,228,227,227,0,0,0,237,219,217,255,255,0,124,148,0
0,0,0,0,0,0,0,237,152,0,0,230,0,231,234,0,227,0,0,0,229,226,220,122,221,226,96,0,0,0,128,0,0,0,226,227,225,74,0,0,228,0,0,227,226,0,0,0,0,226,0,226,226,250,225,226,230,255,0,0,225,226,227,0,0,0,227,227,75,0,226,228,255,0,0,229,0,229,229,229,230,225,0,230,241,229,230,232,234,0,0,183,225,227,224,255,240,0,85,75,6
0,0,0,0,0,0,0,0,1,0,0,0,0,11,202,0,230,0,0,0,223,159,3,0,5,70,0,0,0,0,0,0,1,0,73,226,97,0,0,0,216,21,1,164,188,2,163,150,0,190,96,139,122,174,112,124,106,211,180,30,220,124,152,196,138,28,159,111,223,201,135,126,159,105,128,112,0,154,126,161,141,179,181,156,151,129,144,126,141,188,0,249,169,174,172,122,103,0,0,0,8
0,0,0,0,0,0,0,0,0,0,0,0,0,0,0,0,0,0,0,0,0,0,0,0,0,0,0,0,0,0,0,0,0,0,198,214,0,0,157,0,0,224,104,242,207,0,0,205,48,185,214,205,206,187,205,213,221,227,207,0,219,220,221,202,220,0,187,192,172,180,232,239,241,242,0,59,0,0,0,0,0,0,0,0,0,0,0,0,0,0,0,0,0,0,0,0,0,0,0,0,7
0,0,0,0,0,0,0,195,206,0,0,218,0,218,207,0,198,0,0,0,238,30,92,0,124,233,0,0,0,0,0,0,0,0,255,22,211,0,0,0,108,0,0,236,226,0,0,0,0,223,0,219,226,0,239,229,0,0,0,0,1,246,1,0,0,0,0,246,0,0,0,0,0,0,0,231,0,234,231,237,5,4,0,0,0,1,218,244,224,0,0,0,1,245,0,249,0,0,142,0,3
0,0,0,0,0,0,0,120,81,0,0,92,0,85,51,0,92,0,0,69,89,74,80,120,143,92,123,0,0,109,165,0,0,0,96,125,165,132,0,0,120,0,0,122,111,0,163,0,0,129,0,125,116,196,140,131,127,180,0,0,202,143,69,129,0,0,105,140,160,132,111,138,205,56,0,116,0,114,147,116,94,58,0,143,0,151,151,118,129,0,0,169,163,78,91,229,200,0,149,61,6
0,0,0,0,0,0,0,0,0,0,0,0,0,0,0,4,38,54,50,180,213,206,186,187,176,182,172,179,17,182,184,3,177,41,170,165,168,169,182,0,219,184,158,233,246,162,224,210,255,196,195,181,191,200,202,202,204,203,200,13,214,219,206,202,197,82,226,209,203,202,107,203,203,201,0,196,0,219,175,43,21,24,0,0,0,0,0,0,0,0,0,0,0,0,0,0,0,0,0,0,8
0,0,0,0,0,0,0,0,0,0,0,0,0,0,0,0,0,21,0,89,98,98,86,91,89,48,69,101,93,19,24,0,52,26,28,40,50,55,129,0,67,69,125,96,79,81,57,89,153,69,144,76,81,76,84,91,103,105,180,0,84,96,115,129,178,28,93,101,132,129,96,108,134,173,60,96,103,55,0,0,0,0,0,0,0,0,0,0,0,0,0,0,0,0,0,0,0,0,0,0,8
0,0,0,0,0,0,0,0,0,0,0,0,0,0,0,0,0,0,0,0,0,0,0,0,0,0,0,0,0,0,0,0,0,0,0,5,5,0,171,0,16,88,194,49,72,0,0,138,227,77,216,49,77,60,133,121,94,232,210,99,49,155,255,238,255,160,110,177,238,210,138,11,0,11,16,66,0,0,0,0,0,0,0,0,0,0,0,0,0,0,0,0,0,0,0,0,0,0,0,0,7
0,0,0,0,0,0,0,129,143,0,0,117,0,119,120,0,120,0,0,0,122,119,126,0,87,122,0,0,0,0,0,0,0,0,111,108,140,0,0,0,125,0,0,119,119,0,0,0,0,122,0,128,111,0,114,103,109,161,0,0,160,114,96,0,0,0,126,119,42,0,126,111,122,0,0,134,0,140,132,145,169,114,0,122,122,100,128,167,160,0,0,0,174,224,210,219,247,0,152,0,0
0,0,0,0,0,0,0,118,202,0,0,215,0,212,223,0,223,0,0,0,228,221,135,0,0,232,0,0,0,0,0,0,0,0,225,225,197,0,0,0,239,0,0,223,235,0,0,0,0,240,0,239,240,0,225,215,233,0,0,0,0,226,218,0,0,0,230,226,0,0,237,230,0,0,0,241,0,245,231,245,225,241,0,232,90,25,227,246,249,0,0,0,49,240,220,231,236,0,69,132,1
0,0,0,0,1,0,0,226,220,0,0,214,0,221,225,0,216,221,0,241,219,214,207,214,219,219,218,0,0,235,224,0,0,0,215,221,193,221,0,0,218,178,0,223,216,0,221,202,0,216,0,212,221,0,221,216,224,0,0,0,152,222,232,222,0,0,247,224,229,226,247,212,0,213,88,221,0,221,217,217,215,236,0,235,0,67,111,111,127,0,0,0,0,0,0,1,2,39,0,0,2
0,0,0,0,0,0,0,0,0,0,0,0,0,0,0,0,0,0,0,0,0,0,0,0,0,0,0,0,0,0,0,0,0,0,22,0,0,0,0,0,123,0,0,0,71,0,159,0,0,3,52,0,82,98,161,118,123,126,137,0,158,150,180,177,169,0,58,57,68,55,0,0,0,0,0,0,0,0,0,0,0,0,0,0,0,0,0,0,0,0,0,0,0,0,0,0,0,0,0,0,5
0,0,0,0,0,0,0,0,0,0,0,0,0,0,0,0,0,0,0,0,0,0,0,0,0,0,0,0,0,0,0,0,0,0,187,199,23,0,213,0,84,255,194,76,147,0,103,217,223,158,197,210,228,204,194,195,187,186,189,86,217,209,206,196,228,157,208,207,207,212,205,187,176,157,0,0,0,0,0,0,0,0,0,0,0,0,0,0,0,0,0,0,0,0,0,0,0,0,0,0,7
0,0,0,0,0,0,0,34,168,0,0,147,0,173,188,0,161,0,0,0,159,168,95,0,0,187,0,0,0,0,0,0,0,0,190,162,65,0,0,0,228,0,0,165,214,0,0,0,0,218,0,226,159,0,157,133,108,0,0,0,0,156,0,0,0,0,89,159,0,0,96,96,0,0,0,102,0,101,152,90,147,0,0,184,0,0,167,14,194,0,0,0,0,0,0,0,0,0,0,0,1
0,0,0,0,0,0,0,0,0,0,0,0,0,0,0,0,0,0,0,0,0,0,0,0,0,0,0,0,0,0,0,0,0,0,237,255,0,0,0,0,0,0,15,238,226,0,0,240,218,214,217,232,254,66,151,153,140,144,139,0,0,0,2,0,8,0,51,50,52,53,0,0,0,0,0,0,0,0,0,0,0,0,0,0,0,0,0,0,0,0,0,0,0,0,0,0,0,0,0,0,7
0,0,0,0,0,0,0,0,0,21,28,40,0,0,112,0,74,20,2,0,109,42,21,51,0,24,182,53,0,0,0,0,236,0,212,230,228,217,222,0,0,206,232,64,100,0,0,197,222,186,202,176,180,0,199,134,226,230,201,1,173,192,193,184,201,0,179,182,201,193,192,178,228,179,116,196,85,202,193,187,12,0,170,195,0,183,198,190,0,166,0,151,188,179,0,0,0,0,0,0,9
0,0,0,0,0,0,0,0,255,0,0,207,0,201,231,0,212,0,0,0,205,205,196,54,207,208,119,0,0,0,0,0,0,0,177,177,188,211,0,0,180,0,0,179,182,0,0,0,0,192,0,172,182,198,181,186,183,213,0,0,198,176,214,116,0,0,168,185,211,136,178,194,201,0,0,182,0,188,183,202,188,162,0,223,165,13,190,196,202,0,0,0,0,193,226,212,217,0,126,22,4
0,0,0,0,0,0,0,0,0,159,161,213,0,0,140,0,206,230,0,0,139,152,134,201,0,216,204,0,0,0,0,0,212,0,206,219,222,213,240,0,0,141,86,35,201,0,0,156,156,0,192,0,193,0,192,188,208,201,194,0,4,212,194,205,155,0,0,184,191,220,12,195,92,197,7,187,0,171,170,192,64,5,106,166,0,183,218,201,0,109,0,189,199,192,0,241,0,0,34,0,9
0,0,0,0,0,0,0,50,59,26,0,68,0,72,54,0,0,72,0,112,68,87,50,54,103,41,57,0,0,129,74,0,48,0,43,43,59,87,0,0,74,57,0,63,48,0,81,65,0,90,0,61,83,65,68,54,50,61,0,0,105,70,50,129,0,0,98,70,26,125,87,46,68,68,0,81,0,48,74,54,61,52,0,85,61,112,79,74,72,0,0,65,219,74,70,65,57,0,0,0,2
0,0,0,0,0,0,0,0,237,0,0,213,0,209,233,0,213,0,0,0,219,223,213,185,208,208,218,0,0,94,194,0,0,0,211,161,251,211,0,0,148,0,0,200,212,0,193,0,0,202,0,190,187,249,167,215,211,231,0,0,230,162,221,255,0,0,175,186,240,226,174,205,221,131,0,194,0,209,209,205,211,204,0,163,238,181,219,220,221,0,0,217,0,98,31,0,0,0,3,4,4
0,0,0,0,0,0,0,44,67,35,0,107,0,120,120,0,120,80,0,85,98,111,143,125,165,67,210,0,0,44,165,0,0,0,53,53,93,0,0,0,31,0,0,44,44,0,0,0,0,35,0,40,44,0,44,44,49,107,0,0,80,44,67,0,0,0,89,53,17,0,93,62,111,4,0,53,0,49,62,49,67,76,0,62,89,165,98,58,93,0,0,0,35,71,80,13,0,0,4,0,6
0,0,0,0,0,0,0,0,62,0,0,16,0,218,232,0,223,0,0,0,214,5,0,0,0,214,0,0,0,0,0,0,0,0,225,32,0,0,0,0,243,0,0,215,203,0,0,0,0,252,0,251,218,0,211,216,0,0,0,0,0,213,0,0,0,0,141,214,0,0,145,21,0,0,0,222,0,223,221,225,253,0,0,251,0,0,224,227,227,0,0,0,0,226,15,254,27,0,34,0,3
0,0,0,0,0,0,0,0,166,0,0,146,0,156,164,0,148,0,0,0,134,154,68,0,0,198,0,0,0,0,0,0,0,0,100,63,0,0,0,0,98,0,0,147,228,0,0,0,0,134,0,141,0,0,119,138,72,0,0,0,98,100,0,0,0,0,122,156,0,0,117,87,0,0,0,156,0,177,182,165,143,0,0,12,0,1,141,187,183,0,0,0,0,183,0,239,0,0,22,0,1
0,1,0,0,0,0,2,219,250,0,0,218,0,220,225,0,219,235,0,226,247,244,242,229,139,74,230,1,0,223,255,0,227,0,126,74,87,245,129,0,109,237,0,99,107,0,128,174,0,118,208,107,112,134,115,115,125,148,0,0,134,112,133,0,1,0,123,119,15,0,121,112,162,3,0,117,0,122,116,118,123,110,0,123,134,110,116,125,129,0,0,53,95,113,117,122,122,0,114,119,0
0,0,0,0,0,0,0,0,0,0,0,0,0,0,0,0,0,0,0,0,0,0,0,0,0,0,0,0,0,0,0,0,136,0,166,111,10,7,186,0,60,131,121,143,60,0,75,143,179,111,151,136,148,35,58,42,40,25,42,65,42,45,53,58,70,53,65,63,65,63,53,53,58,55,0,0,0,0,0,0,0,0,0,0,0,0,0,0,0,0,0,0,0,0,0,0,0,0,0,0,7
0,0,0,0,0,0,0,0,0,0,0,0,0,0,0,0,0,0,0,0,0,0,0,0,0,0,0,0,0,0,0,0,0,0,233,255,0,0,230,0,221,255,240,200,196,3,225,205,231,195,211,215,219,180,216,189,165,132,19,3,0,0,0,0,60,0,27,18,34,34,0,0,0,0,0,0,0,0,0,0,0,0,0,0,0,0,0,0,0,0,0,0,0,0,0,0,0,0,0,0,7
0,0,0,0,0,0,0,0,0,0,0,0,0,0,0,0,0,0,0,0,0,0,0,0,0,0,0,0,0,0,0,0,0,0,8,0,0,0,0,0,24,0,0,126,0,0,0,0,0,5,1,0,209,87,0,0,21,10,36,58,188,163,239,239,255,0,84,102,131,119,0,0,0,0,0,0,0,0,0,0,0,0,0,0,0,0,0,0,0,0,0,0,0,0,0,0,0,0,0,0,5
0,0,0,0,0,0,0,224,224,116,0,224,0,221,222,0,222,215,0,234,220,221,222,215,235,219,220,0,0,240,223,0,207,0,223,223,238,93,0,0,215,227,0,223,221,0,225,219,0,211,0,210,219,150,222,225,218,166,40,0,0,221,250,255,0,0,255,221,14,255,255,219,212,223,135,223,0,222,225,225,226,217,0,216,255,239,229,229,230,0,0,171,186,200,207,0,0,53,0,0,2
0,0,0,0,0,0,0,255,229,0,0,172,0,220,209,0,231,0,0,0,222,204,239,0,251,219,0,0,0,0,0,0,0,0,226,210,255,95,0,0,222,0,0,228,222,0,0,0,0,255,0,255,223,255,217,221,179,255,0,0,0,219,0,0,0,0,250,222,71,0,255,255,0,0,0,223,0,223,224,224,213,116,0,225,0,21,224,223,224,0,0,2,20,222,224,234,240,0,202,112,3
0,0,0,0,0,0,0,0,85,0,0,240,0,192,192,0,197,0,0,0,197,197,194,199,207,205,206,0,0,7,215,0,0,0,199,199,197,209,0,0,199,0,0,205,206,0,160,0,0,210,0,210,199,215,206,200,207,213,0,0,135,207,132,196,0,0,230,210,216,197,239,210,181,80,0,199,0,202,202,204,205,186,0,201,129,218,211,212,211,0,0,217,119,168,174,0,0,0,0,0,4
0,0,0,0,0,0,0,96,203,0,0,171,0,107,138,0,208,0,0,0,180,181,48,0,0,243,0,0,0,0,0,0,0,0,198,159,44,0,0,0,133,0,0,115,223,0,0,0,0,107,0,73,79,0,171,146,144,0,0,0,100,185,0,0,0,0,212,196,0,0,148,177,0,0,0,215,0,203,218,204,210,0,0,0,0,1,159,220,231,0,0,0,0,220,167,215,192,0,207,56,1
0,0,0,0,0,0,0,0,0,0,0,0,0,0,0,0,0,0,0,0,0,0,0,0,0,0,0,0,0,0,0,0,0,0,30,0,0,0,13,0,60,192,47,119,199,0,91,197,218,197,199,167,192,133,222,207,222,226,171,28,0,30,41,28,0,0,58,68,79,60,0,0,0,0,0,0,0,0,0,0,0,0,0,0,0,0,0,0,0,0,0,0,0,0,0,0,0,0,0,0,7
0,0,0,0,0,0,0,0,0,0,0,0,0,0,0,0,1,0,0,0,0,0,0,0,0,13,62,0,0,0,0,0,178,2,87,136,219,236,38,0,0,94,0,2,105,0,0,114,43,0,130,0,104,0,107,99,228,189,99,2,63,93,105,102,116,0,90,111,138,126,104,109,131,143,97,127,103,85,197,195,0,0,0,169,37,0,0,0,0,0,0,0,0,0,0,0,0,0,0,0,9
0,0,0,0,0,0,0,218,171,0,0,137,0,177,159,0,203,0,0,0,183,162,66,0,171,231,0,0,0,0,0,0,0,0,206,177,25,0,0,0,150,0,0,167,201,0,0,0,0,155,0,154,0,0,180,32,156,0,0,0,107,153,9,0,0,0,228,200,0,0,243,192,0,0,0,125,0,156,179,179,198,0,0,211,0,0,203,186,240,0,0,0,0,195,81,55,56,0,8,4,1
0,0,0,0,0,0,0,26,171,0,0,158,0,126,135,0,135,134,0,166,131,129,133,143,128,131,158,0,0,155,148,0,0,0,135,138,146,150,0,0,143,158,0,125,135,0,0,0,0,128,0,128,137,0,129,133,138,0,0,0,135,125,135,1,0,0,124,129,0,1,120,128,7,0,0,139,0,140,125,149,135,136,0,134,123,131,128,155,134,0,0,0,159,165,126,164,157,0,134,0,6
0,0,0,0,0,0,0,0,0,128,88,239,0,0,2,0,217,210,0,0,3,225,214,213,0,233,204,90,0,0,0,0,223,0,234,233,220,212,172,0,0,194,0,0,241,0,0,209,0,0,194,1,0,0,0,214,243,221,225,0,0,90,220,222,124,4,22,223,202,214,235,238,231,214,173,194,0,192,202,215,226,232,189,205,202,228,223,228,40,230,0,55,115,89,0,0,0,0,0,0,9
0,0,0,0,0,0,0,25,239,0,0,229,0,241,229,0,244,0,0,0,235,220,65,0,0,224,0,0,0,0,0,0,0,0,234,230,0,0,0,0,255,0,0,227,255,0,0,0,0,255,0,255,247,0,230,209,189,0,0,0,0,231,0,0,0,0,0,232,0,0,0,168,0,0,0,232,0,225,240,220,242,0,0,202,0,0,242,215,249,0,0,0,0,210,154,0,166,0,0,123,1
0,0,0,0,0,0,0,0,157,0,0,143,0,132,168,0,148,0,0,0,157,125,166,0,0,240,0,0,0,0,0,0,0,0,163,99,121,0,0,0,194,0,0,120,205,0,0,0,0,198,0,185,219,0,148,176,187,0,0,0,0,171,0,0,0,0,0,209,0,0,0,134,0,0,0,228,0,226,239,228,232,0,0,153,0,0,242,224,247,0,0,0,0,230,21,46,7,0,19,0,1
0,0,0,0,0,0,0,0,0,0,0,21,0,231,155,1,168,104,0,0,42,202,180,91,181,0,96,134,188,5,255,0,199,0,0,112,101,188,189,0,142,108,197,49,114,162,72,66,184,0,117,150,194,179,0,0,162,88,192,46,129,202,220,164,176,154,91,72,180,131,213,0,200,184,163,186,0,0,93,27,213,0,128,177,102,90,91,193,127,0,0,22,35,2,0,0,0,0,0,0,8
0,0,0,0,0,0,0,50,92,0,0,45,0,68,51,0,39,84,0,0,45,54,115,112,147,100,100,0,0,1,111,0,0,0,73,106,64,148,0,0,142,62,0,176,131,0,95,89,0,134,0,109,92,192,98,134,87,82,0,0,93,122,96,90,0,0,125,129,117,159,143,101,67,87,0,95,0,82,64,90,76,81,0,89,125,112,114,145,118,0,0,0,139,134,101,192,184,0,17,0,2
0,0,0,0,0,0,0,0,0,0,0,0,0,0,0,0,0,0,0,0,0,0,0,0,0,0,0,0,0,0,0,0,225,0,254,213,215,218,195,0,0,213,0,0,255,1,1,215,16,169,229,178,191,204,188,221,223,223,220,0,155,202,223,221,254,225,185,198,224,221,202,221,223,223,236,208,0,255,90,89,44,49,0,0,0,0,0,0,0,0,0,0,0,0,0,0,0,0,0,0,7
0,0,0,0,0,0,0,0,0,0,0,0,0,0,0,0,0,0,0,0,0,0,0,0,0,0,0,0,0,1,1,0,55,0,209,214,168,0,231,0,255,237,235,195,213,0,150,214,255,208,211,204,214,231,236,233,221,214,193,0,197,198,190,199,223,0,202,202,213,211,202,195,195,192,0,249,0,92,0,0,0,0,0,0,0,0,0,0,0,0,0,0,0,0,0,0,0,0,0,0,7
0,0,0,0,0,0,0,0,190,0,0,196,0,202,197,0,200,0,0,0,202,231,0,0,1,196,0,0,0,0,0,0,0,0,205,221,0,0,0,0,222,0,0,205,215,0,0,0,0,221,0,217,201,0,220,235,218,0,0,0,0,203,213,0,0,0,202,230,0,0,250,196,36,0,0,222,0,226,226,231,217,231,0,210,130,143,218,221,215,0,0,0,153,223,197,157,191,0,41,23,3
0,0,0,0,0,0,0,220,200,0,0,202,0,204,207,0,216,0,0,0,217,215,0,0,0,213,0,0,0,0,0,0,0,0,225,181,0,0,0,0,189,0,0,213,219,0,0,0,0,234,0,232,217,0,215,218,207,0,0,0,0,215,0,0,0,0,187,215,0,0,181,207,0,0,0,220,0,220,215,219,222,0,0,237,0,0,214,221,214,0,0,0,0,221,173,213,230,0,202,84,3
0,0,0,0,0,0,0,0,0,0,0,0,0,0,0,0,0,0,0,0,0,0,0,0,0,0,0,0,0,0,0,0,0,0,0,0,0,0,0,0,85,0,0,60,120,0,212,0,0,14,162,198,194,113,138,138,120,116,92,0,0,0,0,0,0,0,0,0,0,0,0,0,0,0,0,0,0,0,0,0,0,0,0,0,0,0,0,0,0,0,0,0,0,0,0,0,0,0,0,0,5
0,0,0,0,1,0,0,224,217,0,0,206,0,210,209,0,211,205,0,226,206,203,228,203,212,204,203,0,0,220,210,0,0,0,204,202,177,199,0,0,209,184,0,206,204,0,212,210,0,204,0,231,222,197,118,137,93,132,0,0,118,114,45,198,0,0,121,125,228,204,119,149,146,195,109,129,0,126,124,125,125,142,0,125,125,127,123,129,124,0,0,145,127,131,125,142,143,0,87,69,3
0,0,0,0,0,0,0,0,0,0,0,0,0,0,0,0,0,0,0,0,0,0,0,0,0,0,0,0,0,0,0,0,25,0,237,196,251,225,100,0,0,104,40,0,0,0,13,104,49,0,0,28,81,121,225,12,190,56,0,41,108,143,97,87,0,35,33,12,14,14,0,15,20,17,0,0,0,0,0,0,0,0,0,0,0,0,0,0,0,0,0,0,0,0,0,0,0,0,0,0,5
0,0,0,0,0,0,0,0,0,0,0,0,0,0,0,0,0,0,0,0,0,0,0,0,0,0,0,0,0,0,0,0,121,1,0,82,95,153,15,0,0,134,0,6,147,0,1,140,91,156,0,74,0,136,63,191,0,171,0,1,178,77,0,77,39,0,14,98,194,101,39,201,140,245,99,152,0,0,0,0,0,0,0,0,0,0,0,0,0,0,0,0,0,0,0,0,0,0,0,0,5
0,0,0,0,0,0,0,0,0,0,0,0,0,0,0,0,0,0,0,0,0,0,0,0,0,0,0,0,0,0,0,0,79,0,229,211,0,0,142,0,60,183,11,220,225,6,0,249,206,174,237,169,180,175,193,163,192,220,211,148,177,185,198,87,75,98,213,208,0,0,41,27,39,38,0,0,0,0,0,0,0,0,0,0,0,0,0,0,0,0,0,0,0,0,0,0,0,0,0,0,7
0,0,0,0,0,0,0,0,0,217,231,199,0,0,58,0,217,212,0,0,29,212,202,200,0,221,205,2,0,0,0,0,60,0,209,200,202,216,0,0,1,234,2,0,231,0,0,220,0,3,239,0,244,2,222,237,238,180,101,0,0,202,229,223,0,0,235,198,223,204,201,228,209,217,237,224,0,223,201,200,222,140,248,189,0,229,228,227,240,1,0,217,253,227,0,0,0,3,0,0,9
0,0,0,0,0,0,0,208,90,0,0,200,0,64,124,0,213,0,0,0,212,212,207,198,207,213,223,0,0,70,220,0,0,0,214,212,214,230,0,0,216,0,0,211,217,0,249,0,0,216,0,215,227,240,216,216,213,231,0,0,213,216,215,253,0,0,217,216,209,250,214,216,232,141,0,222,0,220,218,220,214,212,0,216,235,220,236,236,232,0,0,217,46,98,60,0,0,0,3,2,4
0,0,0,0,0,0,0,28,113,0,0,189,0,159,149,0,58,0,0,0,78,69,80,75,60,72,87,0,0,50,119,0,0,0,85,23,239,54,0,0,76,0,0,90,70,0,106,0,0,64,0,84,128,249,78,108,85,243,0,0,193,97,98,73,0,0,117,116,212,78,121,102,176,22,0,122,0,119,119,130,97,88,0,134,51,122,130,127,116,0,0,132,0,157,62,42,0,0,0,0,4
0,0,0,0,0,0,0,0,0,0,0,0,0,0,0,0,0,0,0,0,0,0,0,0,0,0,0,0,0,0,0,0,0,0,194,255,0,0,240,0,0,152,162,255,188,3,2,161,224,91,185,142,200,157,192,233,251,242,199,82,162,214,65,72,128,125,252,198,4,0,24,148,171,134,4,42,0,0,0,0,0,0,0,0,0,0,0,0,0,0,0,0,0,0,0,0,0,0,0,0,7
0,0,0,0,0,0,0,0,0,0,0,0,0,0,0,0,0,0,0,0,0,0,0,0,0,0,0,2,0,0,0,0,0,0,121,151,200,144,0,0,1,1,5,0,0,0,0,0,61,0,178,0,0,180,0,0,242,18,172,3,188,2,0,175,204,0,54,0,222,169,0,0,118,174,223,177,0,0,0,0,0,0,0,0,0,0,0,0,0,0,0,0,0,0,0,0,0,0,0,0,5
0,0,0,0,0,0,0,211,186,0,0,205,0,205,202,0,208,0,0,0,207,201,200,134,209,209,156,0,0,0,0,0,0,0,203,203,201,157,0,0,205,0,0,205,225,0,0,0,0,204,0,208,214,50,203,231,207,244,0,0,246,196,206,0,0,0,207,196,0,0,214,204,220,0,0,219,0,220,204,223,206,228,0,202,102,76,202,207,208,0,0,0,29,208,202,251,216,0,69,117,1
0,0,0,0,0,0,0,0,0,0,0,0,0,0,0,0,0,0,0,0,0,0,0,0,0,0,0,0,0,0,0,0,152,73,6,0,62,138,69,0,0,0,0,1,25,0,0,3,0,30,0,15,229,205,72,4,9,178,0,0,0,115,211,0,1,26,0,34,190,0,201,215,222,255,17,71,0,0,0,0,0,0,0,0,0,0,0,0,0,0,0,0,0,0,0,0,0,0,0,0,5
0,0,0,0,0,0,0,0,0,0,0,0,0,0,0,0,60,2,0,0,0,51,97,0,0,7,53,0,0,0,0,0,161,44,136,137,133,174,169,0,0,176,159,134,120,0,0,182,199,117,177,168,99,134,210,153,173,173,182,0,56,143,181,159,179,138,92,91,167,161,122,169,181,166,145,167,35,163,159,159,152,158,0,94,138,22,26,21,2,18,0,0,0,0,0,0,0,0,0,0,9
0,0,0,0,0,0,0,0,0,0,0,0,0,0,0,0,0,0,0,0,0,0,0,0,72,77,123,152,199,247,255,22,225,50,177,185,190,184,211,36,208,173,231,210,191,221,170,165,233,179,210,205,174,170,173,198,176,184,195,72,249,187,240,199,232,211,169,182,245,239,166,186,208,219,196,218,55,126,0,0,0,0,0,0,0,0,0,0,0,0,0,0,0,0,0,0,0,0,0,0,8
0,0,0,0,0,0,0,0,0,0,0,0,0,0,0,0,0,0,0,0,0,0,0,0,0,0,0,0,0,0,0,0,179,0,127,91,177,35,255,0,0,69,167,107,169,3,0,173,195,163,111,155,137,133,113,161,213,161,61,105,185,151,57,75,87,133,61,93,95,65,57,71,0,0,0,49,0,0,0,0,0,0,0,0,0,0,0,0,0,0,0,0,0,0,0,0,0,0,0,0,7
0,0,0,0,0,0,0,0,0,0,0,0,0,0,0,0,0,0,0,0,0,0,0,0,0,0,0,0,0,0,0,0,4,0,187,219,0,0,32,0,0,18,186,188,193,0,0,119,197,159,216,144,170,114,159,212,221,227,224,96,177,209,227,195,179,0,136,130,0,0,0,7,15,24,21,28,0,0,0,0,0,0,0,0,0,0,0,0,0,0,0,0,0,0,0,0,0,0,0,0,7
0,0,0,0,0,0,0,219,202,0,0,218,0,208,216,0,211,240,0,233,135,211,222,228,207,107,233,0,0,227,223,0,103,0,219,218,228,238,0,0,212,124,0,221,222,0,0,2,0,213,0,214,220,7,221,223,223,203,0,0,216,222,230,0,0,0,209,223,0,0,213,224,201,1,0,224,0,225,223,226,225,233,0,224,202,222,224,230,228,0,0,0,219,222,221,255,237,0,145,119,0
0,0,0,0,0,0,0,0,223,0,0,226,0,232,236,0,178,0,0,51,239,221,220,237,223,212,241,0,0,172,238,0,0,0,229,227,228,235,0,0,224,0,0,225,220,0,255,0,0,225,0,222,206,252,219,223,222,246,0,0,218,224,220,255,0,0,219,224,239,255,230,223,233,81,0,226,0,224,222,223,220,226,0,224,39,218,225,224,223,0,0,235,255,227,239,198,165,0,0,0,4
0,0,0,0,0,0,0,230,221,0,0,233,0,231,231,0,231,205,0,219,232,233,235,245,235,232,241,0,0,255,240,0,0,0,233,234,245,238,0,0,233,14,0,232,233,0,255,82,0,232,0,233,232,255,232,232,228,255,0,0,218,232,210,255,0,0,241,232,255,250,246,253,180,192,0,232,0,232,233,233,229,199,0,228,20,255,249,249,246,0,0,249,154,184,223,0,0,0,0,0,2
0,0,0,0,0,0,0,0,0,0,0,0,0,0,0,0,0,0,0,0,0,0,0,0,0,0,0,0,0,0,0,0,0,0,83,187,2,2,166,0,42,217,139,115,93,0,0,110,147,83,123,85,102,99,131,136,115,72,51,29,77,69,40,48,53,56,48,48,34,32,56,45,56,53,0,0,0,0,0,0,0,0,0,0,0,0,0,0,0,0,0,0,0,0,0,0,0,0,0,0,7
0,0,111,0,0,0,0,177,180,24,0,156,0,168,151,0,161,173,0,19,146,159,199,106,6,174,0,0,0,2,3,0,0,0,162,171,188,0,0,0,177,0,0,181,165,0,0,0,0,174,0,179,164,0,171,191,170,107,0,0,152,174,194,1,0,0,195,170,0,0,195,152,157,0,0,181,0,190,181,176,206,183,0,189,179,187,183,196,169,0,0,0,182,196,172,190,173,0,83,84,3
0,0,0,0,0,0,0,96,167,0,0,192,0,173,173,0,190,0,0,0,181,161,129,0,0,222,0,0,0,0,0,0,0,0,162,123,80,0,0,0,167,0,0,113,235,0,0,0,0,195,0,206,155,0,109,180,119,0,0,0,0,129,9,0,0,0,9,142,0,0,0,136,0,0,0,181,0,183,188,181,171,0,0,188,0,0,175,168,198,0,0,0,0,139,131,208,163,0,100,147,1
0,0,0,0,0,0,0,83,158,0,0,204,0,185,172,0,199,0,0,0,197,185,123,0,0,203,0,0,0,0,0,0,0,0,215,163,70,0,0,0,221,0,0,129,221,0,0,0,0,215,0,199,200,0,142,113,113,0,0,0,0,145,0,0,0,0,0,165,0,0,0,135,0,0,0,225,0,227,241,231,228,0,0,80,0,0,239,235,234,0,0,0,0,232,108,33,83,0,4,54,1
0,0,0,0,0,0,0,130,109,0,0,59,0,49,44,0,46,20,0,85,75,39,49,75,59,41,62,0,0,88,31,0,0,0,33,44,62,46,0,0,72,10,0,54,41,0,80,18,0,67,0,70,41,145,49,49,72,75,0,0,20,49,57,65,0,0,96,46,54,65,98,57,62,57,0,49,0,49,49,54,41,98,0,59,62,46,57,62,57,0,0,54,57,10,7,192,215,0,205,28,6
0,0,1,0,0,0,0,0,164,0,0,96,0,192,132,0,122,0,0,0,128,93,107,87,115,116,136,0,0,0,51,0,0,0,88,85,88,104,0,0,130,0,0,102,93,0,10,10,0,129,0,167,96,124,101,107,105,111,0,0,59,111,69,102,0,0,124,124,146,108,152,102,89,53,0,100,0,98,112,104,90,108,0,121,151,143,124,117,129,0,0,132,139,133,145,117,112,0,0,0,4
0,0,1,0,1,0,0,178,239,3,1,191,0,177,143,0,196,179,0,212,194,197,205,208,213,201,206,0,0,212,214,0,0,0,210,210,77,219,0,0,207,204,0,209,209,0,218,215,0,205,0,206,210,0,211,210,208,0,0,0,203,211,221,234,0,0,210,210,136,234,207,203,123,208,123,210,0,211,211,211,210,213,0,208,214,220,209,207,210,0,0,69,234,210,210,220,186,67,0,0,2
0,0,0,0,0,0,0,0,0,0,0,0,0,0,0,0,0,0,0,0,0,0,0,0,0,0,0,0,0,0,0,0,29,0,138,173,0,16,120,1,183,198,71,168,198,79,202,33,55,222,64,180,157,192,200,54,86,124,64,4,234,201,225,89,76,19,159,198,64,66,0,0,27,81,0,112,0,0,0,0,0,0,0,0,0,0,0,0,0,0,0,0,0,0,0,0,0,0,0,0,7
0,0,0,0,0,0,0,48,114,0,0,96,0,175,120,0,181,0,0,0,132,110,170,134,168,167,239,0,0,182,248,0,0,0,255,252,122,226,0,0,255,233,0,240,239,0,218,238,0,255,89,255,243,214,239,238,255,206,0,0,73,241,123,0,0,0,255,242,0,0,255,252,0,0,0,242,0,243,243,244,238,255,0,238,13,224,245,243,251,0,0,0,232,241,236,255,248,0,60,77,3
0,0,0,0,0,0,0,172,87,0,1,179,0,150,179,0,150,165,0,210,158,156,161,161,164,152,158,0,150,230,181,0,147,0,152,144,162,155,164,7,155,147,153,162,155,129,210,145,52,153,0,155,147,158,156,145,149,147,0,0,156,158,145,144,0,0,150,161,155,139,149,153,144,0,0,153,0,152,156,153,149,145,0,162,142,156,156,149,144,0,0,202,201,193,185,38,43,0,0,0,6
0,0,0,0,0,0,0,168,127,0,0,111,0,147,149,0,110,0,0,57,125,115,146,146,120,97,145,0,0,144,131,0,0,0,97,107,192,115,0,0,80,0,0,100,121,0,145,3,0,83,0,90,98,191,152,111,134,197,0,0,125,118,116,124,0,0,107,85,139,153,116,136,193,61,0,112,0,114,106,119,121,125,0,159,157,36,146,137,146,0,0,157,0,145,16,0,0,0,1,2,4
0,0,0,0,0,0,0,216,204,0,0,204,0,209,205,0,206,0,0,3,214,210,222,83,232,212,129,0,0,0,0,0,0,0,209,229,176,214,0,0,121,0,0,223,212,0,0,0,0,226,0,233,217,246,207,217,212,243,0,0,185,209,220,0,0,0,0,214,0,0,0,230,0,1,0,212,0,210,225,208,209,75,0,172,0,0,231,212,216,0,0,0,2,211,229,217,241,0,210,140,3
0,0,0,0,0,0,0,0,0,0,0,0,0,0,0,0,0,0,0,0,0,0,0,0,0,144,0,0,0,0,0,0,165,0,44,108,173,164,140,1,20,126,16,18,255,2,76,130,0,148,0,184,158,123,157,121,139,181,72,19,230,224,32,5,0,71,16,6,6,24,15,72,51,45,0,51,0,0,0,0,0,0,0,0,0,0,0,0,0,0,0,0,0,0,0,0,0,0,0,0,5
0,0,0,0,0,0,0,216,237,0,0,232,0,239,254,0,235,0,0,0,234,242,239,111,230,172,220,0,0,0,136,0,0,0,247,247,232,253,0,0,243,0,0,239,253,0,107,0,0,242,0,242,244,241,242,253,239,246,0,0,244,241,233,255,0,0,242,242,239,255,242,245,235,162,0,247,0,248,246,249,245,249,0,238,234,253,251,254,254,0,0,244,0,79,93,0,0,0,3,4,4
0,0,0,0,0,0,0,175,226,0,0,225,0,226,227,0,225,0,0,0,226,218,78,0,0,223,0,0,0,0,0,0,0,0,218,218,93,0,0,0,222,0,0,218,255,0,0,0,0,228,0,226,255,0,220,255,254,0,0,0,8,219,93,0,0,0,229,222,0,0,228,255,0,0,0,255,0,255,234,255,226,112,0,228,0,18,239,240,253,0,0,0,23,231,243,0,250,0,0,223,1
0,0,0,0,0,0,0,0,0,0,0,0,0,9,217,0,229,0,0,0,0,181,0,0,0,0,1,0,0,1,3,0,2,0,211,171,216,74,4,3,211,161,3,182,199,0,195,195,0,207,228,208,225,230,222,222,216,231,223,0,247,222,229,214,255,178,224,219,232,252,230,227,227,255,77,212,0,214,254,250,234,234,26,70,131,0,0,0,0,0,0,0,0,0,0,0,0,0,0,0,8
0,0,0,0,0,0,0,0,0,0,0,0,0,0,0,0,0,0,0,0,0,0,0,0,0,0,0,0,0,0,0,0,0,0,0,0,0,0,0,0,0,171,0,89,0,0,7,30,0,0,0,2,4,0,4,0,174,255,0,0,0,0,157,0,0,121,104,130,171,173,113,44,59,226,0,0,0,0,0,0,0,0,0,0,0,0,0,0,0,0,0,0,0,0,0,0,0,0,0,0,5
0,0,0,0,0,0,0,72,0,0,0,152,0,181,193,0,198,0,0,0,216,155,155,0,160,141,0,0,0,0,111,0,0,0,145,149,184,104,0,0,186,0,0,166,174,0,33,0,0,182,0,179,182,199,183,188,158,168,0,0,232,183,214,61,0,0,181,185,204,67,181,160,189,0,0,195,0,198,196,203,165,160,0,193,203,206,191,181,171,0,0,199,71,205,194,88,71,0,0,0,4
0,0,0,0,0,0,0,0,0,1,0,224,0,0,0,0,232,217,38,0,0,220,215,246,0,119,230,0,0,0,0,0,244,1,235,213,229,219,29,0,0,222,0,0,209,0,0,218,0,0,183,0,139,0,168,212,239,242,241,0,0,255,235,230,199,0,255,195,234,240,201,229,234,218,183,207,29,226,231,220,85,62,0,0,12,20,33,41,62,40,0,28,35,36,20,0,0,0,0,0,9
0,0,2,0,0,0,0,146,135,0,0,133,0,132,146,0,158,86,0,0,114,124,149,166,212,166,174,0,0,0,136,0,0,0,158,138,0,189,0,0,251,0,0,187,166,0,6,36,0,231,0,204,185,207,204,190,213,41,0,0,0,171,49,173,0,0,0,0,180,171,0,0,0,48,0,0,0,0,0,0,0,0,0,0,0,0,0,0,89,0,0,223,0,0,1,0,0,0,0,0,2
0,0,0,0,0,0,0,0,0,166,188,1,0,0,0,0,0,0,0,0,0,0,171,0,0,146,0,0,0,0,0,0,73,76,27,177,0,95,38,0,0,25,247,0,0,0,0,81,215,0,197,34,0,39,0,31,95,158,200,0,46,81,155,246,180,0,55,112,0,243,27,172,0,201,248,56,0,45,56,48,127,0,79,50,0,151,155,156,181,0,0,193,207,196,0,229,0,0,100,0,5
0,0,0,0,0,0,0,0,0,0,0,0,0,0,0,0,0,0,0,0,0,0,0,0,0,0,0,0,0,0,0,0,26,0,179,198,227,0,255,0,0,167,237,236,255,0,0,226,255,204,226,218,218,219,225,244,217,235,211,0,241,230,243,209,244,0,255,255,255,255,145,29,38,50,0,0,0,0,0,0,0,0,0,0,0,0,0,0,0,0,0,0,0,0,0,0,0,0,0,0,7
0,0,0,0,0,0,0,252,218,0,0,221,0,221,222,0,221,0,0,0,220,242,221,0,71,221,0,0,0,0,0,0,0,0,220,130,118,0,0,0,211,0,0,211,254,0,0,0,0,212,0,214,233,0,209,255,243,0,0,0,0,207,69,0,0,0,114,208,0,0,78,252,0,0,0,221,0,221,214,222,214,0,0,223,0,0,219,224,235,0,0,0,0,218,238,180,148,0,52,43,1
0,0,0,0,0,0,0,0,0,0,0,0,0,0,0,0,0,0,0,31,0,0,0,0,239,37,179,92,93,168,177,59,60,86,61,66,72,101,78,26,88,212,161,68,188,3,20,0,2,139,2,47,100,50,94,110,71,176,0,0,208,176,128,0,1,2,180,183,125,0,184,77,168,4,0,76,0,91,8,0,2,2,0,0,0,0,0,0,0,0,0,0,0,0,0,0,0,0,0,0,0
0,0,0,0,0,0,0,0,0,0,0,0,0,0,0,0,0,0,0,0,0,82,89,80,0,63,151,0,0,0,0,0,161,0,212,107,146,255,81,0,0,179,0,0,22,0,0,168,0,76,143,86,86,83,97,105,123,139,145,0,99,105,141,126,99,13,108,116,143,154,125,152,154,127,112,141,49,132,138,141,81,82,0,0,0,0,0,0,0,0,0,0,0,0,0,0,0,0,0,0,9
0,0,0,0,0,0,0,230,225,0,0,228,0,228,228,0,227,235,0,227,227,226,229,236,231,229,234,0,0,254,235,0,0,0,230,229,217,236,0,0,224,50,0,231,229,0,255,106,0,224,0,222,230,143,231,231,252,162,0,0,100,231,174,253,0,0,253,231,255,253,252,243,28,150,0,234,0,235,236,238,232,254,0,231,0,255,243,243,242,0,0,200,253,229,197,0,0,0,0,0,2
0,0,0,0,0,0,0,96,62,0,0,98,0,99,102,0,103,107,0,103,99,100,102,107,99,105,103,0,46,107,146,0,126,0,115,114,59,153,64,0,108,119,0,111,118,0,0,0,0,112,0,112,114,96,114,115,93,48,0,0,103,113,105,1,0,0,108,110,0,1,110,112,45,0,0,117,0,117,114,115,112,110,0,112,89,108,113,113,108,0,0,30,97,110,100,120,127,0,85,59,0
0,0,0,0,0,0,0,118,216,0,0,254,0,226,231,0,225,0,0,0,231,241,0,0,0,253,0,0,0,0,0,0,0,0,222,255,0,0,0,0,255,0,0,228,255,0,0,0,0,193,0,162,255,0,242,255,0,0,0,0,0,243,0,0,0,0,0,245,0,0,0,0,0,0,0,241,0,244,243,242,196,0,0,50,0,0,236,231,255,0,0,0,0,225,0,0,0,0,0,0,1
0,0,0,0,0,0,0,212,212,0,0,216,0,214,210,0,195,0,0,0,202,202,212,141,220,229,196,0,0,0,39,0,0,0,216,255,131,220,0,0,194,0,0,230,201,0,0,0,0,253,0,235,219,255,209,220,253,121,0,0,76,215,106,65,0,0,176,216,255,126,190,236,0,0,0,220,0,225,222,231,224,202,0,225,0,0,229,250,208,0,0,1,0,205,234,238,235,0,164,77,3
0,0,0,0,0,0,0,43,0,34,0,25,0,47,51,0,69,25,0,4,12,112,43,255,64,43,43,0,0,0,121,0,0,0,51,51,43,56,0,0,60,0,4,51,60,0,60,0,0,51,0,47,56,73,56,64,69,86,0,0,60,69,56,125,0,0,82,69,99,95,99,112,77,69,64,51,0,69,60,90,82,146,103,60,69,99,90,73,69,82,0,34,108,108,90,112,0,0,0,0,3
0,0,0,0,0,0,0,122,123,0,1,122,0,109,113,0,99,134,0,90,101,103,99,118,97,99,134,0,0,130,119,0,1,0,94,103,145,151,0,0,94,114,0,102,101,0,122,101,0,107,0,113,92,255,92,103,102,168,0,0,68,86,80,109,0,0,107,89,194,126,109,97,76,95,86,94,0,93,93,95,93,88,0,88,119,116,94,84,94,0,0,0,102,92,90,92,90,0,60,77,6
0,0,0,0,0,0,0,54,15,0,0,59,0,78,67,0,51,0,0,48,58,52,53,66,50,51,67,0,0,55,57,0,0,0,52,52,160,58,0,0,51,0,0,51,52,0,60,0,0,53,0,52,51,131,52,54,58,75,0,0,8,53,6,58,0,0,66,53,82,55,67,73,34,23,0,52,0,50,55,57,52,40,0,50,0,76,57,53,60,0,0,72,73,44,76,68,94,0,116,0,6
0,0,0,0,0,0,0,211,187,0,0,191,0,196,163,0,168,0,0,0,144,186,167,0,0,187,0,0,0,0,1,0,0,0,144,155,0,0,0,0,172,0,0,236,222,0,0,0,0,158,0,132,156,0,174,143,163,0,0,0,108,170,10,0,0,0,215,165,1,0,215,175,0,0,0,177,0,182,153,182,153,6,0,210,0,99,192,175,168,0,0,1,63,175,158,179,194,0,172,148,3
0,0,0,0,0,0,0,1,3,193,182,121,0,3,0,0,150,158,0,0,0,142,179,160,0,120,120,0,0,0,0,0,177,0,228,229,228,240,73,0,0,155,0,1,85,0,0,142,0,0,81,0,0,0,0,127,157,146,161,0,0,0,105,147,47,0,0,62,102,62,0,89,102,102,0,54,0,87,120,119,145,163,184,157,168,195,181,174,186,219,0,155,176,187,0,18,0,0,0,0,9
0,0,0,0,0,0,0,0,0,0,0,0,0,0,0,0,0,50,1,0,0,0,0,97,0,3,163,0,0,0,0,0,1,0,166,172,190,0,0,0,87,41,168,143,162,1,5,177,171,134,172,129,135,126,152,184,183,105,172,0,255,164,82,212,178,177,140,149,111,219,148,0,0,174,161,180,0,175,196,212,2,5,0,81,0,0,0,0,0,0,0,0,0,0,0,0,0,0,0,0,5
0,0,0,0,0,0,0,0,0,0,0,0,0,0,0,0,0,0,0,0,0,0,0,0,0,0,0,5,0,0,0,0,0,0,183,191,0,0,177,0,0,30,71,172,227,0,0,202,0,193,195,176,176,170,154,189,194,200,200,54,166,203,134,143,156,190,179,84,0,0,0,13,7,2,0,22,0,9,0,0,0,0,0,0,0,0,0,0,0,0,0,0,0,0,0,0,0,0,0,0,7
0,0,0,0,0,0,0,0,0,0,0,0,0,0,0,0,0,0,0,0,0,0,0,0,0,0,0,0,0,0,0,0,0,0,122,201,0,0,0,0,0,0,161,183,222,3,0,158,219,175,161,100,168,140,168,226,255,222,122,46,132,132,50,25,25,64,17,17,68,68,50,64,57,68,86,71,0,0,0,0,0,0,0,0,0,0,0,0,0,0,0,0,0,0,0,0,0,0,0,0,7
0,0,0,0,0,0,0,205,208,0,0,211,0,208,204,0,215,0,0,0,221,151,234,0,224,217,0,0,0,0,91,0,0,0,255,28,255,0,0,0,254,0,0,211,213,0,0,0,0,231,0,224,220,237,223,221,10,230,0,0,45,222,159,0,0,0,255,223,0,0,238,66,251,0,0,222,0,223,227,225,238,0,0,220,4,67,226,227,221,0,0,3,43,222,58,252,0,0,150,0,3
0,0,0,0,0,0,0,7,134,0,0,100,0,130,0,0,114,0,0,141,0,184,0,8,150,175,154,0,206,159,134,0,133,0,146,184,158,155,129,184,145,159,87,157,163,172,173,148,15,166,161,172,169,161,175,172,172,169,165,0,168,176,172,167,9,0,169,173,171,170,174,174,174,167,179,174,0,176,188,173,180,180,140,186,184,214,180,190,169,0,0,197,193,255,231,67,70,0,0,0,8
0,0,0,0,0,0,0,222,255,0,0,2,0,222,224,0,189,0,0,1,223,236,160,0,156,229,216,0,0,0,2,0,0,0,230,235,224,231,0,0,223,0,0,227,227,0,1,0,0,222,0,224,227,0,228,228,227,227,0,0,235,228,227,253,0,0,224,227,217,255,225,227,226,92,0,228,0,228,229,229,228,228,0,230,227,221,230,229,229,0,0,110,223,224,226,244,241,0,186,200,6
0,0,0,0,0,0,0,20,245,0,0,248,0,87,227,0,249,212,0,217,215,207,212,209,206,192,222,0,0,215,207,0,0,0,208,200,195,230,0,0,197,214,0,192,199,0,208,117,0,189,0,193,206,51,209,205,208,100,0,0,218,205,228,3,0,0,198,204,0,3,200,214,101,0,0,197,0,213,198,216,210,236,0,213,119,217,203,201,224,0,0,0,201,204,232,245,208,0,110,0,6
0,0,0,0,0,0,0,0,0,0,0,138,0,108,156,0,0,0,0,0,7,10,5,2,0,0,3,0,0,0,0,0,182,0,144,149,201,178,129,0,177,204,0,111,114,0,255,214,0,146,212,179,142,210,211,193,194,217,240,0,215,223,226,225,62,94,220,224,229,223,218,227,227,215,82,226,0,224,222,223,223,224,16,226,226,229,214,208,215,150,0,224,230,240,238,152,143,0,0,0,8
0,0,0,0,0,0,0,0,0,0,0,0,0,0,0,0,0,0,0,0,0,0,0,0,0,0,0,0,0,0,0,0,136,0,134,172,105,33,163,0,0,162,183,108,187,4,0,200,0,206,0,7,0,177,184,245,226,203,229,0,206,168,0,0,0,0,1,0,38,41,17,16,16,16,0,0,0,0,0,0,0,0,0,0,0,0,0,0,0,0,0,0,0,0,0,0,0,0,0,0,5
0,0,0,0,0,0,4,152,150,191,0,184,0,203,201,0,210,214,4,191,206,206,215,191,176,221,170,0,192,194,199,0,178,55,214,220,208,195,163,49,218,161,0,213,221,230,211,110,0,215,43,216,221,192,221,218,217,215,172,0,205,220,217,172,223,99,218,220,214,173,218,223,219,162,195,229,0,229,229,241,230,225,0,241,229,213,223,201,210,0,3,199,213,213,237,214,144,103,200,0,8
0,0,0,0,0,0,0,243,192,0,0,170,0,192,169,0,200,0,0,0,190,169,212,0,98,187,0,0,0,0,0,0,0,0,182,168,200,0,0,0,173,0,0,179,191,0,0,0,0,181,0,185,201,0,180,193,182,66,0,0,0,182,227,0,0,0,119,187,0,0,87,183,0,0,0,197,0,200,183,204,183,175,0,218,0,0,190,194,209,0,0,0,0,206,220,154,153,0,107,122,1
0,0,0,0,0,0,0,153,145,10,0,151,0,163,162,0,155,169,0,204,161,152,142,181,145,109,208,0,36,198,228,0,168,0,141,122,72,232,45,0,170,1,0,146,151,0,5,3,0,189,0,193,133,88,146,149,80,65,0,0,193,145,128,3,0,0,183,143,0,3,182,93,56,1,0,138,0,167,190,196,216,201,0,215,98,212,186,190,232,0,0,0,213,188,160,244,178,0,95,40,0
0,0,0,0,0,0,0,180,183,0,0,168,0,160,183,0,176,0,0,0,190,165,168,38,228,166,80,0,0,0,161,0,0,0,155,166,158,175,0,0,173,0,0,161,178,0,21,0,0,176,0,180,178,215,155,178,150,168,0,0,195,158,146,106,0,0,170,160,176,123,163,163,175,0,0,176,0,180,156,170,186,203,0,201,55,220,168,170,196,0,0,0,225,170,175,193,181,0,150,160,3
0,0,0,0,91,0,23,0,0,116,66,9,0,187,190,0,125,152,0,170,115,125,143,152,148,142,157,150,132,170,160,0,164,0,161,161,160,156,150,0,159,157,172,156,164,190,169,159,173,160,157,161,161,160,165,168,168,170,169,160,154,172,166,165,183,186,166,173,170,172,174,166,170,165,187,173,0,170,177,178,170,174,169,176,179,198,210,212,163,0,55,183,177,186,182,119,110,0,0,0,8
0,0,0,0,0,0,0,61,77,0,0,78,0,128,116,0,51,35,0,111,53,52,74,92,61,52,77,0,0,90,69,0,0,0,62,82,109,54,0,0,65,0,0,65,65,0,73,11,0,70,0,70,69,0,73,68,107,64,0,0,61,75,0,91,0,0,112,77,90,91,112,121,13,56,0,78,0,79,81,82,86,36,0,81,0,96,83,82,95,0,0,69,79,81,170,91,66,0,82,0,6
0,0,0,0,0,0,0,0,0,5,4,163,0,0,1,0,149,228,0,0,2,186,194,208,1,167,180,0,0,0,0,0,241,0,239,170,191,217,83,0,1,207,0,0,194,0,0,199,194,0,203,0,162,0,184,215,229,212,192,0,0,159,177,190,235,0,193,174,194,193,185,192,199,196,0,154,0,162,184,184,211,0,156,189,0,162,171,190,0,218,0,224,199,226,0,0,1,0,0,0,9
0,0,0,0,0,0,0,252,192,0,0,183,0,195,194,0,194,0,0,0,195,175,147,0,171,207,0,0,0,0,0,0,0,0,196,181,136,0,0,0,182,0,0,183,255,0,0,0,0,183,0,188,188,0,205,168,233,0,0,0,85,210,32,0,0,0,255,212,0,0,255,241,0,0,0,18,0,16,201,4,200,28,0,204,0,20,199,1,218,0,0,0,11,0,203,0,173,0,0,88,1
0,0,0,0,0,0,0,207,245,0,0,232,0,235,233,0,240,3,0,0,249,223,238,0,232,247,0,0,0,0,0,0,0,0,226,255,212,73,0,0,0,0,0,193,235,0,0,0,0,226,0,199,226,210,88,252,249,192,0,0,0,253,193,0,0,0,150,212,0,0,255,234,0,0,0,233,0,237,207,0,199,93,0,53,0,221,209,255,71,0,0,0,250,201,138,255,224,0,144,3,3
0,0,0,0,0,0,0,0,0,0,0,0,0,0,0,0,0,0,0,0,0,0,0,0,0,0,0,0,0,0,0,0,173,0,122,140,162,0,173,0,0,81,121,160,115,0,0,144,58,132,85,0,141,133,58,181,50,117,73,88,134,170,175,117,64,73,193,194,19,36,39,0,0,7,0,177,0,0,0,0,0,0,0,0,0,0,0,0,0,0,0,0,0,0,0,0,0,0,0,0,7
0,0,0,0,0,0,0,229,231,0,0,231,0,233,231,0,232,0,0,0,233,241,245,160,180,235,0,0,0,0,0,0,0,0,232,244,0,0,0,0,248,0,0,234,239,0,0,0,0,241,0,239,238,0,236,238,239,0,0,0,20,237,14,0,0,0,247,237,2,0,250,241,0,0,0,237,0,237,237,238,233,35,0,234,0,84,239,240,239,0,0,3,133,239,252,255,251,0,239,34,3
0,0,0,0,0,0,0,0,157,0,0,34,0,150,135,0,95,0,0,0,94,70,51,0,0,66,0,0,0,0,0,0,0,0,75,61,0,0,0,0,80,0,0,83,104,0,0,0,0,75,0,80,13,0,100,22,80,0,0,0,0,107,0,0,0,0,80,106,0,0,65,90,0,0,0,54,0,44,112,37,116,0,0,121,0,0,116,37,90,0,0,0,0,34,56,0,53,0,0,46,1
0,0,0,0,0,0,0,0,0,0,0,0,0,0,0,0,0,0,0,0,0,0,0,0,2,17,0,0,0,0,0,0,161,0,212,207,8,0,196,0,255,207,152,40,182,0,167,235,230,212,230,213,241,238,245,255,224,206,145,32,207,150,0,0,141,41,0,49,255,255,7,0,0,0,120,238,0,85,0,0,0,0,0,0,0,0,0,0,0,0,0,0,0,0,0,0,0,0,0,0,7
0,0,0,0,0,0,0,205,255,1,0,201,0,200,216,0,206,192,0,219,192,169,187,198,193,214,198,0,0,227,220,0,0,0,190,197,212,202,0,0,198,214,0,194,186,0,0,0,0,194,0,193,194,0,197,191,202,0,0,0,206,197,119,0,0,0,207,198,0,0,204,197,0,0,0,197,0,199,199,201,192,202,0,202,111,213,200,202,200,0,0,0,210,194,191,234,209,0,115,86,0
0,0,0,0,0,0,0,0,0,0,0,0,0,0,0,0,0,0,0,0,0,0,0,0,0,0,0,0,0,0,0,0,0,0,155,0,80,0,93,0,29,0,50,100,15,0,0,42,42,4,39,24,24,19,24,38,35,38,45,44,13,24,19,32,32,241,0,0,0,0,177,238,212,209,0,0,0,0,0,0,0,0,0,0,0,0,0,0,0,0,0,0,0,0,0,0,0,0,0,0,7
0,0,0,0,0,0,0,0,0,0,0,0,0,0,0,0,0,0,0,0,0,0,0,0,0,0,0,0,0,0,0,0,0,0,102,67,201,12,157,1,0,158,156,113,201,3,0,137,153,165,178,224,130,44,177,178,88,164,166,75,147,179,171,179,166,146,183,168,217,219,105,31,40,87,0,0,0,0,0,0,0,0,0,0,0,0,0,0,0,0,0,0,0,0,0,0,0,0,0,0,5
0,0,0,0,0,0,0,10,9,0,0,52,0,6,1,0,0,0,0,3,0,6,120,0,152,146,6,0,1,0,121,0,0,0,161,186,159,136,1,0,203,73,0,249,155,0,216,0,0,175,106,191,187,160,152,159,179,148,0,0,186,183,73,101,7,0,130,202,204,52,104,70,0,0,0,160,0,165,160,163,122,28,0,187,30,35,163,169,156,0,0,78,40,163,56,170,71,0,128,44,8
0,0,0,0,0,0,0,248,233,2,0,221,0,216,221,0,221,236,0,242,220,221,222,223,219,227,227,0,0,235,237,0,0,0,221,220,216,238,0,0,220,232,0,221,223,0,227,239,0,219,0,218,229,75,223,226,238,33,0,0,195,224,237,231,0,0,234,223,255,233,227,216,0,233,125,222,0,222,222,229,224,255,0,224,86,255,223,223,220,0,0,0,235,217,216,254,230,57,110,99,6
0,0,0,0,0,0,0,173,160,0,0,156,0,160,161,0,161,172,0,193,157,145,162,170,189,153,204,0,0,185,171,0,81,0,165,161,204,219,0,0,173,209,0,171,161,0,164,201,0,179,0,170,165,71,178,173,178,0,0,0,31,173,208,210,0,0,244,182,156,219,236,165,0,191,0,178,0,178,174,172,172,210,0,191,98,0,53,50,37,0,0,189,0,0,0,3,5,0,0,0,2
0,0,0,0,0,0,0,220,0,0,3,242,0,224,242,0,148,202,0,206,218,215,186,210,246,232,220,230,241,240,184,0,253,0,175,202,200,229,0,0,174,0,3,207,242,0,120,0,0,187,0,196,198,227,174,199,222,246,2,0,212,181,222,0,0,0,214,195,137,0,208,216,244,4,4,190,0,186,207,204,211,223,0,240,233,215,204,167,199,0,0,233,234,248,255,86,62,0,0,0,6
0,0,0,0,0,0,0,70,224,0,0,107,0,223,227,0,157,0,0,0,180,135,0,0,0,176,0,0,0,0,0,0,0,0,191,176,0,0,0,0,185,0,0,194,174,0,0,0,0,218,0,211,243,0,195,171,0,0,0,0,0,197,0,0,0,0,88,187,0,0,26,0,0,0,0,136,0,134,186,131,142,0,0,123,0,0,184,124,172,0,0,0,0,135,0,10,0,0,0,0,1
0,0,0,0,0,0,0,0,0,0,0,0,0,0,0,0,0,0,0,0,0,0,0,0,0,0,0,0,0,0,0,0,53,0,141,101,0,0,65,0,0,125,17,138,158,2,0,181,194,191,192,194,202,122,208,226,254,254,219,102,189,254,4,0,25,118,88,71,0,17,0,252,243,177,76,122,0,0,0,0,0,0,0,0,0,0,0,0,0,0,0,0,0,0,0,0,0,0,0,0,7
0,0,0,0,0,0,0,232,229,0,0,242,0,227,229,0,225,219,0,241,225,236,0,0,0,228,0,0,0,251,71,0,0,0,222,235,0,0,0,0,223,40,0,224,222,0,1,0,0,224,0,222,222,23,222,222,230,0,0,0,229,222,191,1,0,0,222,222,0,1,222,234,0,0,0,222,0,222,223,221,221,134,0,220,0,142,224,222,224,0,0,8,96,225,249,222,186,0,0,0,3
0,1,0,0,0,0,5,223,212,213,0,229,0,226,224,0,221,204,0,208,223,225,231,224,234,229,224,0,0,210,227,0,229,0,235,233,255,232,72,0,226,207,0,234,234,0,205,206,0,226,179,227,233,61,236,234,239,249,235,0,235,235,229,216,0,0,234,236,231,219,234,236,234,210,231,234,0,233,237,234,238,236,208,235,231,247,250,247,249,158,0,216,152,167,169,0,0,166,0,0,6
0,0,0,0,0,0,0,0,0,0,0,0,0,0,0,0,0,0,71,0,0,175,172,186,0,0,159,108,0,0,0,0,194,0,187,124,180,186,186,1,0,195,40,0,190,0,0,187,30,4,183,0,80,2,117,196,179,180,172,3,0,137,164,191,175,0,111,156,148,159,49,204,174,185,126,156,122,161,192,189,238,215,21,219,195,110,98,56,0,112,0,0,0,0,0,0,0,0,0,0,9
0,0,0,0,0,0,0,128,192,0,0,188,0,200,206,0,206,0,0,0,195,193,110,0,0,218,0,0,0,0,0,0,0,0,213,189,42,0,0,0,194,0,0,193,237,0,0,0,0,184,0,205,94,0,234,98,226,0,0,0,167,253,27,0,0,0,239,241,0,0,241,226,0,0,0,0,0,0,236,0,205,0,0,214,0,0,204,0,220,0,0,0,0,19,184,0,206,0,0,136,1
0,0,0,0,0,0,0,0,0,0,0,0,0,0,0,2,140,122,0,49,111,19,29,67,193,123,166,67,148,106,124,0,243,85,93,29,162,104,0,0,0,36,84,54,114,67,249,71,119,94,136,134,107,115,96,160,115,212,26,0,175,24,101,193,0,33,162,124,188,212,48,28,191,81,48,195,0,115,178,169,144,92,72,35,27,0,0,0,0,0,0,0,0,0,0,0,0,0,0,0,8
0,0,0,0,0,0,0,2,228,0,0,214,0,204,212,0,215,191,0,17,211,208,213,208,201,199,214,0,0,109,236,0,0,0,222,221,207,233,0,0,227,244,0,217,228,0,253,239,0,200,0,254,176,249,196,229,212,210,0,0,140,208,217,229,0,0,255,209,247,235,249,199,75,232,0,182,0,201,223,215,222,255,0,242,65,0,174,174,191,0,0,238,0,0,0,0,0,0,0,0,4
0,0,0,0,0,0,0,3,68,0,0,176,0,24,0,0,0,0,0,0,8,89,0,1,0,6,3,0,0,0,1,0,0,0,0,0,112,2,1,0,0,0,0,199,187,0,189,231,0,168,70,189,165,171,188,200,211,203,27,0,195,203,191,205,0,0,213,218,207,203,219,220,215,206,222,212,0,222,227,229,219,215,0,227,217,227,226,225,226,0,0,223,225,224,222,217,219,0,193,186,8
0,0,2,0,0,0,0,242,220,0,0,215,0,218,216,0,215,0,0,0,214,210,227,163,234,221,201,0,0,0,151,0,0,0,216,212,234,228,0,0,224,0,0,219,226,0,30,0,0,215,0,211,216,0,223,221,228,0,0,0,99,223,129,0,0,0,236,224,4,0,235,229,0,0,0,218,0,219,224,219,211,51,0,216,0,65,223,220,219,0,0,6,44,216,206,255,206,0,149,157,2
0,0,0,0,0,0,0,73,66,1,0,198,0,114,41,0,112,121,0,71,102,100,99,167,78,88,174,0,5,39,143,0,106,0,87,87,102,195,58,0,90,107,0,94,80,0,0,0,0,77,0,75,100,66,92,82,85,121,0,0,97,90,104,0,0,0,85,88,68,0,85,80,123,0,0,94,0,95,85,95,87,97,0,83,114,87,87,90,80,0,0,0,107,95,90,102,95,0,78,49,6
0,0,0,0,0,0,0,213,211,0,0,165,0,191,210,0,223,0,0,0,247,223,192,0,189,188,0,0,0,0,0,0,0,0,213,204,238,0,0,0,211,0,0,245,77,0,0,0,0,253,0,255,177,255,213,210,217,130,0,0,0,218,0,0,0,0,203,229,2,0,181,179,0,0,0,129,0,189,212,205,205,0,0,251,0,0,231,221,205,0,0,0,0,206,165,233,191,0,60,13,3
0,0,0,0,0,0,0,70,219,0,0,217,0,198,240,0,178,210,0,48,185,186,183,196,200,179,201,0,0,117,209,0,0,0,199,198,199,213,0,0,198,227,0,196,189,0,237,237,0,200,0,203,197,220,198,194,205,0,0,0,0,198,239,212,0,0,220,196,105,213,221,204,0,208,0,199,0,199,201,198,200,255,0,206,90,0,202,202,202,0,0,163,0,197,211,229,250,0,121,0,6
0,0,0,0,0,0,0,0,0,0,0,111,0,0,0,0,161,222,38,0,0,209,214,209,0,16,207,175,0,0,0,0,199,0,199,201,202,206,243,0,0,208,11,1,196,0,0,200,93,0,214,0,222,0,210,201,201,185,204,1,0,155,204,188,236,6,194,166,190,166,154,165,166,224,158,181,10,192,215,211,255,209,201,212,220,250,253,243,0,176,0,11,63,0,0,0,0,0,0,0,9
0,0,0,0,0,0,0,0,0,0,0,0,0,0,0,0,0,1,0,0,160,0,56,9,2,0,3,0,0,7,10,0,0,1,139,130,188,114,49,0,246,229,88,187,179,0,103,137,166,185,133,183,182,214,204,196,190,179,175,0,224,225,215,205,252,237,221,225,218,212,221,213,217,215,132,214,87,205,218,228,216,213,255,252,66,69,0,0,0,0,0,0,0,0,0,0,0,0,0,0,8
0,0,0,0,0,0,0,0,0,0,0,3,0,0,0,0,0,196,101,0,0,184,231,210,0,207,0,0,0,0,0,0,217,0,0,0,0,3,219,0,0,57,200,0,0,0,0,192,217,0,194,0,0,0,0,0,0,41,205,0,0,0,160,109,226,0,0,0,0,0,0,124,0,193,0,0,2,0,0,0,0,0,36,28,0,204,208,195,0,217,0,155,165,0,0,0,0,0,0,0,5
0,0,0,0,0,0,0,191,195,82,0,166,0,205,189,0,196,193,0,207,189,190,193,195,196,196,200,0,0,211,206,0,116,0,199,195,241,135,0,0,187,208,0,200,201,0,215,212,0,188,70,193,206,0,201,206,201,193,97,0,222,204,204,205,0,0,192,206,0,148,187,196,244,232,111,209,0,213,204,216,219,197,0,206,200,208,201,222,224,0,0,0,207,217,206,223,226,0,176,150,0
0,0,0,0,0,0,0,0,0,0,0,0,0,0,0,0,0,0,0,0,0,183,201,37,0,216,80,0,0,0,0,0,213,0,209,157,249,221,208,0,0,231,190,14,162,2,2,181,204,81,196,83,156,162,83,220,136,218,206,13,200,200,177,218,217,18,223,227,238,238,166,194,229,220,54,5,0,120,0,1,38,33,0,0,0,0,0,0,0,0,0,0,0,0,0,0,0,0,0,0,7
0,0,0,0,0,0,0,239,240,0,0,237,0,200,255,0,255,223,0,62,249,255,0,235,239,243,205,0,0,116,218,0,0,0,0,0,203,242,0,0,255,66,0,194,226,0,255,181,0,202,0,26,255,175,81,36,0,128,0,0,158,148,127,0,0,0,235,217,151,83,240,242,178,235,0,179,0,0,255,0,255,91,0,215,166,255,244,245,241,0,0,0,78,249,95,135,0,0,0,0,2
0,0,0,0,0,0,0,0,0,0,0,0,0,0,0,0,0,0,0,0,0,0,0,0,0,0,0,0,0,0,0,0,0,0,17,0,0,0,0,0,122,0,0,31,47,0,9,0,0,117,1,170,137,130,12,51,102,0,0,1,83,19,65,104,141,96,103,100,135,123,0,0,0,0,0,0,0,0,0,0,0,0,0,0,0,0,0,0,0,0,0,0,0,0,0,0,0,0,0,0,5
0,0,0,0,0,0,0,55,214,0,0,245,0,165,231,0,237,0,0,0,227,230,224,51,233,215,106,0,0,0,0,0,0,0,218,238,0,0,0,0,249,0,0,226,229,0,0,0,0,250,0,248,226,0,224,228,218,0,0,0,0,221,0,0,0,0,203,218,1,0,225,253,0,0,0,233,0,227,222,232,227,34,0,227,0,5,230,227,233,0,0,3,15,227,243,253,252,0,156,198,3
0,0,0,0,0,0,0,226,188,0,0,228,0,224,227,0,224,220,0,235,222,223,219,176,231,222,200,0,0,226,255,0,116,0,226,226,249,220,0,0,232,81,0,228,223,0,6,7,0,231,0,232,225,0,231,223,219,0,0,0,232,230,207,4,0,0,223,230,0,6,223,217,99,0,0,226,0,228,234,232,224,210,0,236,208,215,236,235,230,0,0,68,212,230,228,240,228,0,224,227,0
0,0,0,0,0,0,0,0,0,0,0,0,0,0,0,0,0,0,0,0,0,0,0,0,0,0,0,0,0,0,0,0,117,0,146,81,100,46,127,0,0,113,14,0,132,0,1,106,129,79,175,108,0,200,100,6,149,202,31,38,202,113,103,164,103,162,130,210,25,202,224,108,111,199,63,215,0,0,0,0,0,0,0,0,0,0,0,0,0,0,0,0,0,0,0,0,0,0,0,0,5
0,0,0,0,0,0,0,0,0,0,0,0,0,0,0,0,17,22,0,0,0,0,0,0,41,45,44,0,72,44,49,0,50,0,61,60,63,64,77,0,52,77,196,45,72,134,19,106,42,79,19,145,180,41,66,60,63,74,128,0,63,57,88,85,47,123,42,68,90,99,95,83,91,93,22,79,0,50,255,220,216,202,49,19,77,0,0,0,0,0,0,0,0,0,0,0,0,0,0,0,8
0,0,0,0,0,0,0,28,70,1,0,152,0,85,93,0,77,95,0,108,83,86,83,83,90,80,86,0,0,110,117,0,83,0,86,87,77,123,0,0,92,98,0,92,89,0,0,1,0,83,0,89,90,0,93,89,89,101,0,0,64,95,113,2,0,0,96,95,0,2,99,92,83,0,0,90,0,90,92,90,96,102,0,90,104,95,93,92,98,0,0,0,116,96,98,86,87,0,113,114,0
0,0,1,0,0,0,0,255,221,0,0,218,0,216,223,0,219,179,0,176,214,217,219,226,217,215,222,0,0,202,227,0,0,0,214,217,226,220,0,0,217,143,0,223,215,0,239,198,0,217,0,220,220,230,226,222,225,237,0,0,224,226,220,221,0,0,224,227,227,218,226,221,238,236,140,231,0,232,224,233,226,245,0,229,197,232,219,227,218,0,0,0,239,225,224,252,237,0,178,9,6
0,0,0,0,0,0,0,15,173,0,0,168,0,122,122,0,129,9,0,24,122,128,129,151,125,129,161,0,0,93,142,0,0,0,136,148,200,148,0,0,137,0,0,136,141,0,156,0,0,134,0,134,136,223,137,143,128,223,0,0,61,139,82,147,0,0,137,139,192,146,146,161,163,47,0,140,0,137,137,139,141,73,0,153,28,0,101,107,120,0,0,172,0,0,0,0,3,0,0,2,2
0,0,0,0,0,0,0,0,0,0,0,0,0,0,0,0,0,0,0,0,0,0,0,0,0,0,241,76,0,0,0,0,240,0,255,224,225,229,121,0,0,231,0,1,255,0,0,235,43,0,253,71,255,26,216,216,227,222,228,0,223,211,230,232,255,158,213,221,237,236,204,255,227,217,203,253,0,163,0,0,0,0,0,0,0,0,0,0,0,0,0,0,0,0,0,0,0,0,0,0,9
0,0,1,0,0,0,0,160,173,0,0,187,0,178,215,0,130,208,0,252,186,230,154,141,144,162,171,0,0,229,207,0,0,0,189,204,135,207,0,0,184,0,0,154,93,0,2,1,0,187,0,153,164,0,164,190,184,0,0,0,143,188,118,0,0,0,205,189,1,0,181,190,0,0,0,141,0,200,203,180,144,144,0,155,0,187,142,220,199,0,0,0,176,209,209,212,197,0,0,0,0
0,0,0,0,0,0,0,0,106,0,0,44,0,21,0,0,33,0,0,0,0,126,3,0,0,0,0,0,0,0,0,0,1,0,0,191,0,0,0,0,199,0,0,109,76,0,182,223,0,199,0,197,175,210,184,187,221,214,0,0,223,211,220,215,0,0,224,227,218,213,225,228,222,193,0,230,0,231,232,232,234,242,0,235,231,234,233,231,231,0,0,230,231,223,224,244,239,0,145,176,8
0,0,0,0,0,0,0,255,233,0,4,221,0,232,229,0,226,230,0,224,226,230,229,232,228,221,225,0,3,251,227,0,236,0,232,229,227,234,79,0,231,227,0,230,230,0,231,243,0,229,255,231,233,254,234,231,230,232,255,0,227,238,235,253,54,0,233,233,223,251,233,231,238,241,255,234,0,233,230,231,229,227,3,253,252,54,143,226,255,177,0,221,0,0,0,0,1,98,1,0,4
0,0,0,0,0,0,0,0,0,0,0,0,0,0,0,0,0,0,0,0,0,0,0,0,0,1,0,0,0,0,0,0,135,0,152,89,107,152,147,0,0,147,53,0,93,0,1,141,138,0,154,98,91,121,120,145,133,141,161,0,129,111,137,157,202,154,119,117,194,201,141,215,162,163,73,190,3,180,0,0,0,0,0,0,0,0,0,0,0,0,0,0,0,0,0,0,0,0,0,0,9
0,0,0,0,0,0,0,93,74,0,0,96,0,66,115,0,52,0,0,0,105,57,76,67,96,119,82,0,0,0,91,0,0,0,71,47,179,91,0,0,71,0,0,96,132,0,34,0,0,97,0,96,93,204,93,89,86,190,0,0,42,96,85,78,0,0,98,91,104,84,108,95,185,0,0,106,0,132,46,44,38,0,0,0,154,0,2,2,2,0,0,120,0,0,1,0,2,0,0,1,2
0,0,0,0,0,0,0,154,164,1,0,150,0,146,133,0,147,154,0,149,119,195,171,133,136,140,137,0,0,147,131,0,0,0,143,124,110,196,0,0,115,171,0,153,142,0,149,188,0,129,0,130,151,222,146,156,131,232,0,0,170,152,175,178,0,0,157,158,213,158,163,133,166,159,91,156,0,143,137,153,144,163,0,151,109,196,151,149,149,0,0,164,0,0,0,0,0,85,2,1,4
0,0,0,0,0,0,0,116,121,58,0,120,0,112,116,0,113,112,0,118,107,122,107,120,116,103,172,0,0,0,0,0,0,0,102,103,115,0,0,0,106,1,0,112,112,0,0,1,0,108,0,116,111,0,116,110,118,100,0,0,110,105,128,0,0,0,122,121,0,0,125,115,94,0,0,125,0,117,121,122,123,134,0,121,113,113,117,120,122,0,0,0,126,131,133,146,139,0,0,0,0
0,0,0,0,0,0,0,0,0,0,0,0,0,0,0,0,0,0,0,0,0,0,0,0,0,0,0,0,0,0,0,0,2,0,230,0,0,0,0,0,69,98,241,198,228,1,15,219,35,96,29,31,0,86,123,140,154,154,102,50,55,56,28,43,53,21,56,45,62,56,36,29,29,37,0,0,0,0,0,0,0,0,0,0,0,0,0,0,0,0,0,0,0,0,0,0,0,0,0,0,7
0,0,0,0,0,0,0,140,127,1,0,136,0,141,205,0,175,150,0,19,208,173,183,174,179,181,178,0,0,112,195,0,0,0,182,141,184,228,0,0,167,192,0,133,205,0,176,178,0,179,0,179,166,132,152,197,158,0,0,0,0,207,174,208,0,0,255,103,171,216,198,168,81,179,0,185,0,62,0,0,0,0,0,3,0,0,0,0,0,0,0,188,0,0,0,0,0,0,0,0,4
0,0,0,0,0,0,0,11,207,0,0,202,0,199,197,0,212,0,0,0,162,170,119,0,0,228,0,0,0,0,0,0,0,0,201,171,0,0,0,0,116,0,0,189,229,0,0,0,0,50,0,41,174,0,199,223,66,0,0,0,0,201,0,0,0,0,0,221,0,0,0,71,0,0,0,224,0,230,214,236,224,0,0,0,0,0,206,239,241,0,0,0,0,242,0,46,0,0,28,0,1
0,0,0,0,0,0,0,0,0,0,0,0,0,0,0,0,0,0,0,0,173,0,0,1,0,210,3,0,0,0,0,0,59,0,220,215,63,0,74,0,0,176,0,160,220,0,1,223,23,163,199,116,208,221,196,240,223,214,223,42,220,215,211,231,123,192,218,204,211,210,233,201,206,200,203,178,0,251,84,83,32,34,0,0,0,0,0,0,0,0,0,0,0,0,0,0,0,0,0,0,7
0,0,0,0,0,0,0,0,0,0,0,0,0,0,0,0,0,0,90,0,1,100,0,0,0,182,152,9,0,0,0,0,229,0,211,214,210,215,199,0,0,224,0,0,212,0,0,228,44,0,230,11,226,0,211,222,212,219,213,0,192,190,222,224,249,72,181,213,221,220,199,227,234,231,220,215,0,229,255,251,0,245,0,45,37,0,0,0,0,0,0,0,0,0,0,0,0,0,0,0,9
0,0,0,0,0,0,0,147,57,0,0,140,0,155,47,0,141,106,0,135,152,137,145,150,192,135,147,0,0,174,154,0,0,0,132,130,24,143,0,0,156,0,0,150,136,0,180,6,0,156,0,147,152,91,156,148,185,193,0,0,92,158,35,156,0,0,212,162,193,151,188,170,94,79,0,156,0,158,162,163,151,173,0,155,0,197,171,171,163,0,0,124,81,70,53,0,0,0,2,2,2
0,0,0,0,0,0,0,186,199,0,0,199,0,105,95,0,111,0,0,0,76,86,103,60,45,191,0,0,0,0,1,0,0,0,227,92,2,0,0,0,233,0,0,216,197,0,0,0,0,239,0,209,238,0,156,141,96,0,0,0,149,180,0,0,0,0,210,183,3,0,237,224,0,0,0,247,0,198,199,201,170,17,0,212,0,146,217,223,209,0,0,2,136,247,222,253,228,0,204,137,3
0,0,1,0,0,0,0,206,157,1,0,172,0,187,217,0,146,186,0,188,170,171,181,173,172,175,178,0,0,195,187,0,166,0,198,199,197,218,0,0,192,179,0,194,194,0,216,175,0,193,0,195,193,210,200,193,195,234,0,0,204,198,199,0,0,0,195,195,0,0,198,197,181,2,0,198,0,199,204,204,197,197,0,197,181,203,201,201,200,0,0,0,197,203,195,207,203,0,198,167,0
0,0,0,0,0,0,0,0,0,0,0,0,0,0,0,0,0,0,0,0,0,113,54,89,0,246,255,0,0,0,0,0,239,0,234,244,238,219,255,0,0,233,232,54,237,0,0,235,255,47,233,239,234,0,220,234,218,215,230,0,164,230,227,238,192,0,216,231,70,207,221,255,0,235,227,232,131,237,235,237,0,1,61,255,0,38,57,58,0,0,0,0,0,0,0,0,0,0,0,0,9
0,0,0,0,0,0,0,0,0,0,0,0,0,0,0,0,0,0,0,0,0,0,0,0,0,0,0,0,0,0,0,0,29,0,0,1,0,84,0,0,0,9,0,57,2,0,0,1,2,21,0,86,197,207,146,107,151,141,125,56,53,193,123,159,164,26,141,103,35,24,0,0,0,0,0,0,0,0,0,0,0,0,0,0,0,0,0,0,0,0,0,0,0,0,0,0,0,0,0,0,5
0,0,0,0,0,0,0,185,184,0,0,192,0,184,186,0,189,207,0,137,179,183,188,197,185,164,208,0,0,195,216,0,39,0,180,182,189,205,0,0,190,225,0,189,187,0,217,209,0,193,0,193,190,250,187,191,196,182,0,0,213,187,184,234,0,0,171,187,243,230,181,193,167,192,0,190,0,191,192,194,194,194,0,183,195,197,207,207,202,0,0,222,30,58,43,0,0,0,3,2,2
0,0,0,0,0,0,0,0,0,0,0,0,0,0,0,0,0,0,0,0,0,44,0,0,0,182,0,197,0,0,0,0,131,0,117,255,39,204,0,0,0,23,0,0,0,1,0,3,75,188,117,188,11,190,196,29,134,144,145,0,188,209,165,55,87,59,222,218,80,86,201,200,55,85,73,159,0,42,3,0,2,0,0,0,0,0,0,0,0,0,0,0,0,0,0,0,0,0,0,0,5
0,0,0,0,0,0,0,0,0,0,0,0,0,0,0,0,0,0,0,0,0,0,0,0,0,0,0,0,0,0,0,0,0,0,216,185,125,0,87,0,76,219,199,208,165,0,134,186,219,185,203,200,178,109,232,176,116,89,21,0,0,0,0,0,26,0,48,37,52,50,19,4,3,3,0,0,0,0,0,0,0,0,0,0,0,0,0,0,0,0,0,0,0,0,0,0,0,0,0,0,7
0,0,0,0,0,0,0,215,219,0,0,221,0,222,220,0,196,6,0,225,209,194,194,210,202,198,198,0,0,226,211,0,0,0,205,211,199,203,0,0,212,95,0,211,207,0,215,131,0,210,0,208,210,0,211,206,217,28,0,0,230,211,68,214,0,0,224,212,254,216,216,243,0,190,106,215,0,219,217,220,206,94,0,217,0,229,215,215,212,0,0,0,244,238,234,154,110,78,0,0,2
0,0,0,0,0,0,0,124,109,0,0,126,0,124,124,0,131,0,0,0,124,133,137,137,98,126,149,0,1,86,152,0,0,0,130,117,90,182,1,0,137,131,0,131,124,0,116,204,0,137,0,140,138,76,133,121,116,170,0,0,143,142,131,140,0,0,156,133,57,138,164,131,196,159,150,138,0,135,116,140,147,147,64,152,183,131,102,173,154,0,0,46,123,152,121,255,182,0,232,142,2
0,0,0,0,0,0,0,0,0,0,0,0,0,1,0,0,0,0,0,0,0,0,0,0,0,41,35,0,0,0,0,0,141,1,126,220,213,244,20,0,1,75,0,3,48,0,0,75,0,1,138,0,108,0,67,48,210,224,133,1,40,72,222,82,133,0,57,64,60,77,51,68,94,104,52,59,27,91,96,94,135,112,1,105,99,16,31,34,3,11,0,0,0,0,0,0,0,0,0,0,9
0,0,0,0,0,0,0,223,210,0,0,203,0,228,228,0,158,221,0,230,104,156,133,238,172,109,230,0,0,222,220,0,230,0,215,255,150,230,206,0,110,169,0,135,115,0,0,3,0,212,0,214,212,0,218,207,205,218,0,0,196,217,207,0,0,0,229,219,13,0,228,212,215,2,0,222,0,219,220,220,219,214,0,223,228,241,227,225,219,0,0,0,237,221,209,254,254,0,150,109,0
0,0,88,1,0,3,0,5,31,200,193,186,0,80,165,0,163,187,0,0,154,205,223,200,0,197,195,0,0,0,0,0,175,0,175,210,221,202,175,0,2,182,191,167,193,0,0,191,204,92,184,147,180,2,175,163,183,186,200,0,0,158,189,208,149,0,153,132,0,0,140,244,0,3,0,152,0,149,153,174,0,0,136,169,0,178,183,187,0,0,59,180,186,193,0,218,0,19,35,0,9
0,0,0,0,0,0,0,0,0,0,0,0,0,0,0,0,0,0,0,176,181,177,171,169,208,204,206,226,188,201,201,49,201,114,200,200,201,202,199,35,202,198,178,204,201,125,211,204,180,210,230,213,211,214,208,222,207,212,227,225,230,229,220,217,199,2,222,223,235,226,204,206,208,213,213,237,0,167,0,0,0,0,0,0,0,0,0,0,0,0,0,0,0,0,0,0,0,0,0,0,8
0,0,0,0,0,0,0,3,72,0,0,134,0,187,169,0,186,0,0,0,159,177,219,0,4,247,0,0,0,0,0,0,0,0,209,190,220,0,0,0,214,0,0,176,0,0,0,0,0,209,0,169,202,0,199,0,198,0,0,0,6,200,156,0,0,0,0,197,0,0,0,197,0,0,0,189,0,198,128,199,191,0,0,0,0,0,149,185,205,0,0,0,0,185,46,198,116,0,0,144,1
0,1,1,0,0,0,0,215,50,2,0,123,0,188,170,0,73,110,0,179,92,50,95,113,107,89,113,0,0,165,197,0,0,0,108,117,115,120,0,0,179,63,0,112,108,0,152,102,0,163,0,158,138,117,168,137,115,139,0,0,244,156,100,129,0,0,156,160,196,134,154,110,0,123,104,156,0,162,150,175,103,157,0,178,0,245,148,201,101,0,0,39,241,182,150,196,182,77,127,15,4
0,0,0,0,0,0,0,199,184,0,0,165,0,210,199,0,203,0,0,0,216,235,78,148,128,221,179,0,0,0,0,0,0,0,127,191,0,134,0,0,67,0,0,236,217,0,0,0,0,255,0,255,224,220,220,226,237,113,0,0,162,225,223,108,0,0,226,225,238,101,225,227,218,0,0,228,0,227,227,229,228,230,0,225,206,165,234,250,232,0,0,0,174,243,231,255,207,0,124,30,3
0,0,0,0,0,0,0,0,167,0,0,70,0,110,108,0,116,0,0,0,125,83,39,0,0,239,0,0,0,0,0,0,0,0,209,112,24,0,0,0,213,0,0,121,97,0,0,0,0,203,0,207,114,0,93,0,81,0,0,0,0,104,15,0,0,0,0,123,0,0,0,89,0,0,0,98,0,102,159,108,201,0,0,123,0,0,159,116,199,0,0,0,0,108,93,104,98,0,47,20,1
0,0,1,0,0,0,0,197,212,1,0,193,0,82,80,0,194,207,0,200,194,239,195,195,196,0,189,0,0,192,202,0,53,0,0,0,208,198,0,0,221,194,0,0,81,0,100,52,0,207,0,197,198,53,198,196,194,58,0,0,213,199,215,6,0,0,198,200,0,7,197,194,76,0,0,204,0,204,202,205,206,216,0,205,103,221,207,206,204,0,0,0,221,206,201,217,204,0,183,184,0
0,0,0,0,0,0,0,0,0,0,0,0,0,0,0,0,0,0,2,0,0,0,0,113,0,0,250,0,0,0,0,0,4,0,81,233,117,0,4,0,0,120,180,4,216,2,4,64,127,0,105,141,216,129,173,240,103,91,113,12,144,180,101,105,76,110,175,209,103,103,223,101,101,105,40,60,89,98,93,101,161,173,0,185,98,0,0,0,0,0,0,0,0,0,0,0,0,0,0,0,5
0,0,0,0,0,0,0,123,194,1,0,112,0,126,122,0,122,152,0,56,131,130,139,138,120,136,136,0,0,115,155,0,0,0,131,132,115,147,0,0,156,158,0,140,142,0,152,179,0,132,0,139,142,226,148,145,140,55,0,0,50,151,171,205,0,0,182,149,216,224,171,138,18,134,0,153,0,150,152,149,155,167,0,148,80,119,148,146,148,0,0,195,70,141,144,204,188,0,144,71,6
0,0,0,0,0,0,0,0,0,220,219,212,0,0,4,0,177,224,0,0,0,236,233,226,0,172,223,0,0,0,0,0,202,1,223,190,229,225,93,0,0,198,0,0,221,0,0,214,10,0,209,160,142,0,110,217,219,234,196,0,151,183,248,223,180,7,0,194,174,186,189,196,243,228,204,230,36,237,225,215,182,218,190,210,229,210,210,213,0,184,0,245,222,213,32,0,0,0,0,0,9
0,0,0,0,0,0,0,0,0,0,0,0,0,0,0,0,0,0,0,0,0,61,0,0,0,15,34,16,0,0,0,0,216,0,166,191,206,108,216,0,0,192,21,0,203,0,0,119,0,28,220,223,174,197,177,202,211,203,198,0,175,194,202,191,206,149,192,198,220,215,165,184,178,170,23,0,0,42,0,0,0,0,0,0,0,0,0,0,0,0,0,0,0,0,0,0,0,0,0,0,7
0,0,0,0,0,0,0,204,87,0,0,182,0,0,84,0,142,0,0,0,231,169,157,0,152,174,0,0,0,0,0,0,0,0,123,132,16,0,0,0,157,0,0,157,150,0,0,0,0,142,0,120,165,0,228,188,118,0,0,0,99,98,58,0,0,0,169,92,0,0,112,128,9,0,0,199,0,109,166,151,99,126,0,156,128,202,126,196,104,0,0,0,163,162,153,136,133,0,77,72,0
0,0,0,0,0,0,0,81,65,0,0,67,0,64,62,0,85,0,0,0,111,102,154,90,157,96,92,0,0,0,0,0,0,0,97,118,0,147,0,0,46,0,0,107,100,0,0,0,0,122,0,120,109,201,124,103,119,135,0,0,71,136,32,31,0,0,48,146,168,35,51,122,45,0,0,87,0,84,164,85,153,71,0,126,0,0,143,84,80,0,0,1,0,81,134,130,150,0,128,90,3
0,0,0,0,0,0,0,38,204,0,0,157,0,200,124,0,126,0,0,56,93,118,120,149,171,107,173,0,0,145,140,0,0,0,91,91,216,118,0,0,85,44,0,120,110,0,151,110,0,95,0,103,99,0,120,112,161,0,0,0,173,116,132,0,0,0,122,116,0,0,114,144,0,0,0,105,0,103,130,109,105,153,0,118,35,151,138,109,124,0,0,0,151,105,140,130,179,0,44,21,6
0,0,0,0,0,0,0,59,208,0,0,193,0,198,182,0,209,0,0,0,212,172,182,114,192,205,190,0,0,0,25,0,0,0,191,190,214,239,0,0,181,0,0,186,193,0,0,0,0,178,0,188,188,192,191,196,201,202,0,0,216,194,174,143,0,0,161,195,199,169,127,226,207,0,0,210,0,210,185,196,180,96,0,225,226,47,191,198,203,0,0,0,0,185,245,235,223,0,121,0,4
0,0,0,0,0,0,0,0,0,0,0,0,0,0,0,0,110,119,0,96,88,86,88,88,230,218,210,227,175,218,218,0,221,73,215,221,218,220,217,0,223,210,255,219,219,223,217,220,255,219,219,216,231,191,111,236,84,8,99,134,29,7,26,9,41,104,52,54,33,45,9,38,35,45,209,206,0,242,161,166,26,27,0,0,0,0,0,0,0,0,0,0,0,0,0,0,0,0,0,0,8
0,0,0,0,0,0,0,132,61,0,0,38,0,198,145,0,176,0,0,0,0,177,0,0,1,205,0,0,0,0,0,0,0,0,211,177,0,0,0,0,169,0,0,230,217,0,0,0,0,223,0,237,241,0,84,187,178,0,0,0,0,0,45,0,0,0,189,0,0,0,111,255,0,0,0,231,0,250,199,217,113,5,0,226,0,0,209,201,47,0,0,0,0,190,181,101,194,0,3,0,3
0,0,1,0,2,0,0,149,179,4,0,176,0,177,180,0,174,251,0,222,176,172,184,144,174,174,145,0,0,227,55,0,99,0,172,171,175,241,0,0,172,41,0,173,174,0,5,3,0,172,0,173,174,114,176,172,172,202,0,0,205,177,190,0,0,0,173,178,0,0,172,175,236,2,0,178,0,179,179,180,177,178,0,183,243,203,183,182,179,0,0,0,202,178,178,193,189,0,56,44,0
0,0,0,0,2,0,0,234,214,0,0,216,0,222,222,0,81,209,0,231,43,36,189,209,182,168,189,0,0,210,214,0,219,0,155,118,178,108,0,0,174,0,0,185,107,0,0,3,0,116,0,195,140,0,227,222,211,222,0,0,230,210,213,0,0,0,222,216,37,0,222,217,226,3,0,218,0,219,220,221,219,215,0,217,232,242,221,222,222,0,0,0,235,223,219,221,227,0,223,207,0
0,0,1,0,0,0,0,219,202,0,0,202,0,209,208,0,203,230,0,177,203,203,209,213,237,208,220,0,0,245,219,0,4,0,208,210,232,244,0,0,208,252,0,214,208,0,252,250,0,207,0,206,214,242,213,211,207,42,0,0,46,213,253,227,0,0,255,214,216,233,255,202,0,247,0,215,0,216,214,216,214,254,0,220,50,55,215,216,213,0,0,233,116,228,221,25,28,0,0,0,2
0,0,2,0,1,0,0,78,72,0,1,168,0,55,0,0,3,78,0,103,139,50,0,255,57,76,136,0,0,109,123,0,21,0,96,150,133,9,0,0,35,1,0,128,4,0,0,0,0,73,0,51,101,119,126,103,149,112,0,0,131,62,108,0,0,0,103,29,21,0,63,83,115,4,1,37,0,72,47,91,10,159,0,76,41,83,123,42,27,0,0,0,88,66,82,62,64,0,18,0,0
0,0,0,0,0,0,0,0,0,0,0,0,0,0,0,0,0,0,0,0,0,2,3,101,0,1,225,0,0,0,0,0,173,82,0,138,211,211,217,0,0,196,224,0,0,0,1,240,227,0,167,0,0,114,0,0,162,179,152,0,0,0,227,5,0,191,145,138,185,199,178,159,152,163,164,164,9,105,19,30,16,29,0,0,0,0,0,0,0,0,0,0,0,0,0,0,0,0,0,0,5
0,0,0,0,0,0,0,119,201,0,0,208,0,201,206,0,212,0,0,0,213,200,132,0,60,214,0,0,0,0,0,0,0,0,204,157,69,0,0,0,176,0,0,217,255,0,0,0,0,156,0,171,29,0,253,221,131,0,0,0,89,192,0,0,0,0,174,204,0,0,221,145,0,0,0,0,0,16,222,17,222,0,0,226,0,0,233,102,237,0,0,0,0,149,27,0,45,0,0,15,1
0,0,0,0,0,0,0,0,0,0,0,0,0,0,0,0,0,0,0,0,0,0,0,0,0,0,0,0,0,0,0,0,0,0,252,255,0,0,8,0,83,0,254,208,102,0,38,215,214,185,214,159,190,0,0,0,0,0,0,13,34,33,34,30,40,0,38,31,28,31,0,0,0,0,0,0,0,0,0,0,0,0,0,0,0,0,0,0,0,0,0,0,0,0,0,0,0,0,0,0,7
0,0,0,0,0,0,0,0,0,0,0,0,0,0,0,0,0,0,0,0,0,0,0,0,0,0,0,0,0,0,0,0,43,0,226,71,0,0,11,0,227,207,0,134,211,0,0,189,0,171,199,181,202,188,216,254,75,0,31,97,255,255,124,0,32,69,0,0,234,219,255,225,182,233,0,133,0,0,0,0,0,0,0,0,0,0,0,0,0,0,0,0,0,0,0,0,0,0,0,0,7
0,0,111,0,0,0,0,94,109,29,0,83,0,78,52,0,94,85,0,81,98,114,57,107,104,101,102,0,0,114,129,0,47,0,83,81,96,158,0,0,45,129,0,71,101,0,112,116,0,63,3,58,93,210,85,99,53,94,17,0,63,76,98,142,0,0,102,78,219,142,94,101,70,68,60,0,0,0,0,0,1,0,0,0,0,0,0,0,0,0,0,199,0,0,0,0,1,98,0,0,6
0,0,0,0,0,0,0,3,54,0,0,94,0,4,0,0,1,2,0,0,0,5,13,0,98,0,51,0,0,0,0,0,0,0,0,0,0,0,0,0,0,0,0,1,1,0,0,0,0,0,0,4,0,161,127,73,123,143,0,0,196,158,8,83,0,0,141,97,165,82,105,175,132,35,0,201,0,68,73,85,100,106,0,226,136,102,251,248,213,0,0,38,184,239,241,40,61,0,111,88,8
0,0,0,0,0,0,0,0,0,0,0,0,0,0,0,0,0,0,0,0,0,0,0,0,0,0,0,0,0,0,0,0,0,0,90,88,0,0,4,0,0,0,0,133,39,0,0,117,8,0,76,4,2,0,0,0,0,57,0,57,117,148,217,240,246,0,148,123,170,137,0,0,0,0,0,0,0,0,0,0,0,0,0,0,0,0,0,0,0,0,0,0,0,0,0,0,0,0,0,0,5
0,0,0,0,0,0,0,0,0,0,0,0,0,0,0,0,87,0,1,0,0,184,97,0,0,150,87,39,0,0,0,0,92,20,172,195,205,156,56,0,0,61,66,2,161,0,1,218,16,1,156,114,145,117,130,112,234,172,180,0,140,136,142,172,157,107,143,145,166,154,160,175,204,194,123,194,13,142,185,185,194,190,0,124,123,0,0,0,0,0,0,0,0,0,0,0,0,0,0,0,9
0,0,0,0,0,0,0,96,75,0,0,75,0,96,95,0,95,60,0,152,99,106,169,123,190,110,111,0,0,185,123,0,0,0,159,120,134,146,0,0,153,54,0,158,151,0,139,103,0,153,0,155,173,152,170,164,194,121,0,0,39,179,49,157,0,0,222,184,210,153,217,186,106,131,0,189,0,190,170,190,195,201,0,170,61,113,175,179,184,0,0,191,0,0,0,0,0,0,1,0,2
0,0,0,0,0,0,0,5,130,0,0,0,0,190,0,0,150,0,0,0,0,182,0,0,0,0,0,0,0,0,0,0,3,0,0,118,0,0,0,0,100,58,0,193,197,0,215,225,0,186,0,200,180,200,186,206,175,196,0,0,199,198,205,210,0,0,206,206,213,214,197,160,205,255,6,205,0,209,208,207,208,223,0,209,217,205,212,214,213,0,0,182,200,207,203,241,239,0,74,76,8
0,0,0,0,0,0,0,43,202,1,0,149,0,135,138,0,131,146,0,59,130,136,134,131,128,125,157,0,0,126,152,0,0,0,141,137,120,179,0,0,158,170,0,131,128,0,156,184,0,181,0,185,145,212,138,140,178,0,0,0,0,144,136,171,0,0,113,136,180,168,135,144,0,144,0,148,0,148,141,151,155,197,0,157,41,0,146,140,152,0,0,184,0,155,144,172,157,0,105,134,6
0,4,1,0,0,0,0,251,240,0,0,138,0,242,247,0,61,238,0,255,177,254,250,245,244,147,246,0,0,246,240,0,253,0,255,244,242,247,0,0,204,238,0,0,237,0,236,237,0,62,84,0,170,230,255,242,243,240,100,0,0,245,240,243,0,0,255,238,246,244,240,241,239,231,185,243,0,243,241,242,239,239,0,248,255,140,211,212,202,0,0,252,0,0,0,0,0,0,1,1,2
0,0,0,0,0,0,2,9,158,0,0,9,0,31,19,0,28,62,0,101,36,28,33,50,64,40,62,0,0,113,72,0,28,0,43,48,24,103,0,0,55,74,0,52,45,0,79,93,0,50,0,55,52,36,57,57,60,40,4,0,64,60,50,190,0,0,57,60,216,190,55,55,0,48,69,62,0,62,69,62,36,60,52,62,26,57,86,74,76,0,0,16,52,62,43,0,0,0,0,0,2
0,0,0,0,0,0,0,214,202,0,0,195,0,171,170,0,236,55,0,203,181,200,184,171,200,71,174,0,0,179,190,0,0,0,67,65,160,207,0,0,208,193,0,154,15,0,193,203,0,191,0,175,151,185,203,172,225,213,0,0,193,197,203,176,0,0,167,190,238,205,192,251,145,105,233,201,0,167,224,208,217,210,129,185,211,179,129,193,56,0,0,210,189,193,189,196,179,0,78,72,4
0,0,0,0,0,0,0,97,88,0,0,62,0,74,62,0,71,6,0,120,76,76,102,90,122,76,85,0,0,48,122,0,0,0,64,62,194,122,0,0,76,0,0,60,60,0,92,0,0,64,0,69,67,231,67,62,25,146,0,0,30,67,197,81,0,0,71,69,125,83,81,27,148,0,0,64,0,67,64,67,62,32,0,69,171,67,60,90,57,0,0,162,69,88,69,127,71,0,104,20,6
0,0,0,0,1,0,0,249,228,89,0,236,0,232,234,0,234,230,0,255,232,248,218,230,227,231,231,0,0,255,227,0,252,0,232,231,231,235,11,0,229,233,0,229,230,0,234,221,0,223,61,218,229,148,230,231,231,255,114,0,61,230,231,240,0,0,255,229,41,231,255,233,255,243,0,230,0,231,232,231,231,228,0,221,255,156,230,226,226,0,0,246,205,254,254,141,148,0,0,0,2
0,0,0,0,0,0,0,1,0,0,0,180,0,176,25,0,4,1,0,6,0,0,201,0,0,0,0,0,0,115,95,5,132,0,92,118,188,134,209,0,239,226,231,211,228,0,170,229,248,218,208,223,232,235,226,227,228,229,213,119,233,228,229,230,252,0,219,228,232,229,219,228,229,224,252,224,0,224,221,222,224,224,123,223,215,244,234,228,224,235,0,221,234,223,220,0,0,0,0,0,8
0,0,0,0,0,0,0,17,175,0,0,180,0,233,218,0,212,168,0,152,136,157,171,189,199,188,191,0,0,185,178,0,0,0,135,216,179,198,0,0,171,182,0,191,134,0,207,192,0,189,0,135,129,166,214,171,187,77,0,0,126,236,255,174,0,0,199,190,178,199,215,171,0,184,0,186,0,139,192,159,168,234,0,190,5,33,205,156,198,0,0,170,10,163,194,224,206,0,170,0,6
0,0,0,0,0,0,0,0,238,0,0,148,0,167,155,0,157,0,0,0,107,97,106,107,105,111,122,0,0,0,9,0,0,0,98,90,163,127,0,0,98,0,0,93,101,0,0,0,0,118,0,129,132,96,94,99,125,145,0,0,164,106,122,109,0,0,117,109,105,120,81,164,134,0,0,137,0,117,101,121,119,80,0,140,52,0,109,134,130,0,0,0,0,134,184,156,202,0,88,13,4
0,0,0,0,0,0,0,0,0,0,0,0,0,2,0,0,185,36,0,0,0,192,190,204,0,219,201,143,0,0,0,0,253,0,207,196,229,232,7,0,0,244,0,2,181,0,0,245,2,3,0,0,177,2,172,212,172,207,0,0,0,154,201,186,4,0,203,186,199,193,168,232,200,198,148,214,43,190,173,174,208,223,208,201,210,219,216,211,47,0,0,45,69,46,139,0,0,0,0,0,9
0,0,0,0,0,0,0,0,0,0,0,6,0,0,158,0,151,0,0,0,163,0,0,0,0,143,0,0,0,0,0,0,0,0,196,87,0,0,0,0,0,0,0,132,179,0,0,0,0,0,0,0,221,0,95,195,0,0,0,0,0,95,0,0,0,0,0,106,0,0,0,0,0,0,0,235,0,237,48,248,112,0,0,0,0,0,37,255,200,0,0,0,0,253,0,204,0,0,188,0,3
0,0,0,0,0,0,0,42,222,0,0,244,0,226,216,0,212,0,0,0,217,218,217,22,205,213,169,0,0,0,105,0,0,0,139,86,221,238,0,0,96,0,0,188,203,0,0,0,0,200,0,201,207,210,208,206,199,213,0,0,239,209,229,120,0,0,210,207,223,134,210,211,222,0,0,209,0,209,211,208,203,165,0,209,160,23,208,209,209,0,0,219,19,223,230,184,216,0,0,0,2
0,0,0,0,0,0,0,0,0,0,0,0,0,0,0,0,0,0,0,0,0,0,0,0,0,0,0,0,0,0,0,0,0,0,208,90,0,0,167,0,32,86,187,153,189,0,36,186,174,180,196,191,224,181,238,238,175,133,71,35,82,85,4,16,38,74,29,29,82,89,65,52,52,42,0,0,0,0,0,0,0,0,0,0,0,0,0,0,0,0,0,0,0,0,0,0,0,0,0,0,7
0,0,0,0,0,0,0,198,179,0,0,221,0,225,173,0,182,0,0,7,220,207,167,194,178,211,205,0,0,212,171,0,0,0,146,155,175,161,0,0,173,184,0,181,182,0,174,211,0,180,0,182,156,217,171,182,181,216,0,0,213,194,195,126,0,0,172,169,227,195,175,187,170,206,125,161,0,169,190,180,184,180,0,183,177,170,164,161,148,0,0,194,196,173,175,201,227,0,5,1,4
0,0,0,0,0,0,0,52,154,0,0,185,0,131,167,0,83,0,0,0,94,0,29,0,0,167,0,0,0,0,0,0,0,0,193,0,14,0,0,0,138,0,0,159,84,0,0,0,0,154,0,102,168,0,59,228,63,0,0,0,0,10,0,0,0,0,0,119,0,0,0,67,0,0,0,182,0,168,72,67,175,0,0,26,0,0,175,114,4,0,0,0,0,63,4,246,35,0,130,0,1
0,0,0,0,0,0,0,1,1,199,210,208,0,0,149,0,200,224,0,0,177,163,217,193,0,201,188,0,0,0,0,0,215,0,202,200,201,198,217,0,0,218,134,23,215,0,0,153,221,0,220,64,188,4,183,196,186,150,215,0,0,168,202,248,240,4,170,173,201,196,124,201,224,235,141,202,94,203,196,210,5,0,196,224,1,168,178,173,1,129,0,201,193,216,0,0,0,0,0,0,9
0,0,0,0,0,0,0,215,227,0,0,226,0,231,232,0,226,0,0,0,229,233,253,0,74,253,0,0,0,0,0,0,0,0,255,230,253,0,0,0,226,0,0,237,0,0,0,0,0,221,0,222,39,0,241,0,227,119,0,0,123,246,254,0,0,0,240,244,0,0,255,233,142,0,0,243,0,224,224,239,219,236,0,247,152,0,230,244,0,0,0,0,0,239,250,217,253,0,213,243,1
0,0,0,0,0,0,0,84,158,0,0,175,0,156,168,0,157,0,0,0,163,182,0,1,0,168,0,0,0,0,0,0,0,0,185,163,0,1,0,0,189,0,0,171,160,0,0,0,0,162,0,159,198,0,171,152,175,0,0,0,146,170,168,0,0,0,163,168,0,0,163,168,135,0,0,200,0,194,166,168,166,163,0,163,187,154,165,160,168,0,0,114,157,158,160,189,190,0,166,53,3
0,0,0,0,0,0,0,0,0,0,0,0,0,0,0,0,0,1,0,0,0,0,201,0,0,0,73,164,0,0,0,0,239,0,0,255,230,247,222,0,0,239,4,0,0,0,1,237,74,0,255,0,231,0,239,224,240,247,238,0,150,226,236,242,255,136,231,226,244,244,236,239,240,233,230,237,1,241,241,240,179,123,0,185,124,0,0,0,0,0,0,0,0,0,0,0,0,0,0,0,9
0,0,0,0,0,0,0,0,0,0,0,0,0,0,0,0,0,0,0,0,0,0,0,0,1,86,0,0,0,0,0,0,177,0,154,186,95,36,152,0,188,177,151,152,226,175,186,219,226,118,113,171,181,170,161,109,42,27,76,0,26,20,183,125,186,0,137,142,242,231,221,0,29,141,0,53,0,0,0,0,0,0,0,0,0,0,0,0,0,0,0,0,0,0,0,0,0,0,0,0,5
0,0,0,0,0,0,0,0,188,0,0,176,0,205,197,0,176,0,0,0,167,160,164,45,186,181,126,0,0,0,0,0,0,0,162,156,203,186,0,0,219,0,0,189,203,0,0,0,0,205,0,245,179,192,172,208,227,194,0,0,174,175,60,147,0,0,100,162,202,149,135,192,154,0,0,185,0,175,177,174,168,222,0,187,53,39,197,185,169,0,0,2,9,163,164,214,174,0,109,120,4
0,1,1,0,0,0,0,126,100,0,1,99,0,112,109,0,101,138,0,187,107,123,94,114,132,107,115,0,0,147,195,0,103,0,112,109,92,139,0,0,118,0,0,121,121,0,3,3,0,119,0,121,133,2,127,136,119,142,0,0,185,127,95,0,0,0,160,128,35,0,162,118,133,2,0,145,0,151,128,154,133,120,0,153,135,178,133,154,141,0,0,0,186,148,115,194,158,0,41,31,0
0,0,0,0,0,0,0,230,192,0,0,223,0,219,235,0,241,209,0,215,222,0,234,188,246,233,188,0,0,223,197,0,0,0,214,212,221,200,0,0,6,153,0,58,28,0,0,0,0,198,0,228,217,0,214,213,216,32,0,0,196,214,219,6,0,0,221,217,0,6,219,214,55,0,0,223,0,222,219,221,218,230,0,221,79,208,222,222,221,0,0,0,210,220,212,231,226,0,192,192,0
0,0,0,0,0,0,0,175,173,0,0,162,0,144,157,0,153,0,0,0,188,200,232,0,222,206,0,0,0,0,0,0,0,0,224,101,245,0,0,0,210,0,0,198,190,0,0,0,0,192,0,190,219,0,214,198,160,1,0,0,57,193,0,0,0,0,208,206,1,0,198,218,0,0,0,207,0,195,196,211,200,74,0,203,0,182,206,212,219,0,0,0,184,213,207,232,206,0,133,26,3
0,0,0,0,0,0,0,240,222,1,0,217,0,223,220,0,218,41,0,103,220,219,224,247,234,219,248,0,0,216,245,0,0,0,226,222,248,232,0,0,226,6,0,230,228,0,242,99,0,225,0,228,229,95,230,229,237,48,0,0,214,230,249,239,0,0,243,230,240,253,233,222,0,199,0,230,0,230,230,232,229,255,0,226,57,255,242,243,243,0,0,218,66,61,44,0,0,0,4,3,2
0,0,0,0,0,0,0,181,170,0,0,142,0,155,161,0,235,0,0,0,162,231,184,0,221,156,34,0,0,0,112,0,0,0,146,168,96,45,0,0,186,0,0,165,141,0,0,0,0,190,0,181,150,0,179,155,173,0,0,0,0,183,126,0,0,0,175,184,0,0,183,190,0,0,0,175,0,198,196,209,186,146,0,210,0,0,197,209,185,0,0,0,0,196,192,219,207,0,90,95,3
0,0,0,0,0,0,0,0,0,0,0,0,0,0,0,0,0,0,0,0,0,0,0,0,0,0,0,0,0,0,0,0,76,0,173,175,0,0,71,0,0,191,0,204,181,6,0,179,8,140,185,129,171,109,188,167,179,174,197,116,166,179,200,213,188,161,225,236,210,213,173,110,114,143,0,0,0,0,0,0,0,0,0,0,0,0,0,0,0,0,0,0,0,0,0,0,0,0,0,0,7
0,0,0,0,0,0,0,0,0,0,0,0,0,0,0,0,63,248,36,0,0,190,211,233,0,0,236,190,0,0,0,0,183,0,216,200,224,237,209,0,0,190,47,0,204,0,0,190,56,4,216,0,136,0,127,223,222,218,206,1,0,136,213,232,132,0,103,4,184,187,87,88,153,218,97,103,0,197,241,238,157,205,204,215,212,235,232,235,191,255,0,50,108,118,0,0,0,0,0,0,9
0,0,0,0,0,0,0,59,206,0,0,185,0,190,205,0,215,0,0,0,215,197,131,0,0,222,0,0,0,0,0,0,0,0,223,211,0,0,0,0,221,0,0,190,192,0,0,0,0,218,0,218,208,0,208,4,190,0,0,0,0,210,6,0,0,0,21,207,0,0,0,198,0,0,0,221,0,215,215,212,223,0,0,0,0,0,107,224,202,0,0,0,0,214,165,226,168,0,221,143,1
0,0,0,0,0,0,0,141,217,0,0,206,0,210,216,0,217,0,0,0,218,204,178,0,0,236,0,0,0,0,0,0,0,0,224,211,85,0,0,0,255,0,0,214,187,0,0,0,0,237,0,232,233,0,221,66,222,0,0,0,0,219,18,0,0,0,31,219,0,0,40,232,0,0,0,232,0,231,216,227,225,116,0,241,0,0,220,233,223,0,0,0,0,227,224,73,229,0,6,189,1
0,0,0,0,0,0,0,0,0,0,0,0,0,0,0,0,0,0,0,0,0,0,0,0,0,0,0,0,0,0,0,0,223,0,255,202,202,245,251,0,0,236,97,0,217,0,0,241,221,255,239,214,209,203,206,204,202,199,223,134,209,204,213,199,255,190,187,202,255,255,238,70,48,1,16,0,0,17,0,0,0,0,0,0,0,0,0,0,0,0,0,0,0,0,0,0,0,0,0,0,7
0,0,0,0,0,0,0,0,0,0,0,0,0,0,0,0,0,0,0,0,0,0,0,0,0,0,0,0,0,0,0,0,240,35,0,0,0,37,236,0,2,0,176,0,79,0,0,18,241,97,212,0,66,168,0,5,65,8,213,0,65,0,71,113,221,0,0,109,10,122,0,168,211,217,93,143,0,0,0,0,0,0,0,0,0,0,0,0,0,0,0,0,0,0,0,0,0,0,0,0,5
0,0,0,0,0,0,0,143,115,0,0,116,0,169,142,0,108,0,0,0,148,78,92,0,94,155,0,0,0,0,0,0,0,0,159,93,103,0,0,0,73,0,0,109,188,0,0,0,0,72,0,124,163,0,58,229,118,0,0,0,113,91,104,0,0,0,234,116,0,0,248,122,0,0,0,198,0,210,62,219,65,43,0,180,0,0,165,164,171,0,0,0,0,158,34,0,30,0,0,14,1
0,0,0,0,0,0,0,163,176,0,0,195,0,159,185,0,174,0,0,0,203,179,181,85,190,185,137,0,0,0,210,0,0,0,167,182,206,211,0,0,169,0,0,188,175,0,56,0,0,175,0,182,173,155,190,169,129,197,0,0,215,187,177,84,0,0,167,200,213,96,189,184,213,0,0,188,0,175,199,175,167,173,0,192,0,184,192,179,181,0,0,4,133,194,197,172,28,0,44,0,4
0,0,0,0,0,0,0,154,180,1,0,156,0,171,187,0,172,160,0,161,207,146,205,176,187,193,162,0,0,197,214,0,0,0,195,138,186,152,0,0,144,193,0,159,166,0,178,183,0,140,0,123,185,91,142,164,156,206,0,0,148,199,55,161,0,0,221,179,217,165,215,211,70,193,119,215,0,211,202,221,138,180,0,94,30,169,173,208,131,0,0,106,211,222,194,131,150,87,0,0,6
0,0,0,0,0,0,0,213,205,0,0,206,0,206,207,0,198,196,0,211,196,196,204,185,191,194,206,0,0,207,251,0,111,0,179,189,180,84,0,0,201,0,0,200,204,0,3,3,0,199,0,199,201,126,200,205,190,178,0,0,207,201,195,0,0,0,192,201,0,0,191,196,171,0,0,204,0,206,206,206,205,192,0,204,191,208,205,204,209,0,0,0,206,206,206,209,212,0,199,172,0
0,0,0,0,0,0,0,218,208,0,0,225,0,166,230,0,179,218,0,253,81,232,225,219,222,215,222,0,0,229,209,0,103,0,0,254,224,0,0,0,210,2,0,255,164,0,1,0,0,211,0,213,206,0,224,229,99,158,0,0,192,162,206,0,0,0,215,216,0,0,212,213,177,0,0,214,0,213,214,213,212,221,0,212,195,195,213,213,213,0,0,0,193,213,212,214,210,0,210,205,0
0,0,0,0,0,0,0,177,186,0,0,152,0,162,154,0,145,66,0,0,115,115,122,177,143,156,83,0,0,0,117,0,0,0,186,184,175,0,0,0,175,0,0,60,38,0,0,0,0,111,0,98,102,126,122,90,77,111,0,0,113,130,120,120,0,0,105,137,111,117,92,57,117,64,0,51,0,49,139,42,87,68,0,135,109,105,128,36,126,0,0,147,87,2,98,171,113,0,147,83,3
0,0,0,0,0,0,0,2,224,0,0,192,0,182,174,0,164,68,0,194,180,173,164,168,201,177,172,0,0,202,194,0,33,0,4,10,0,188,0,0,20,0,0,17,0,0,1,2,0,25,0,28,20,0,10,14,16,3,0,0,41,18,16,0,0,0,33,20,0,0,27,6,2,0,0,16,0,13,28,25,19,16,0,29,11,33,24,20,16,0,0,8,33,22,17,17,16,0,13,11,0
0,0,0,0,0,0,0,0,202,0,0,134,0,154,166,0,157,0,0,0,158,148,114,0,0,178,0,0,0,0,0,0,0,0,185,152,113,0,0,0,230,0,0,160,216,0,0,0,0,245,0,248,189,0,173,85,176,0,0,0,0,171,32,0,0,0,77,172,0,0,79,185,0,0,0,170,0,167,177,167,187,0,0,191,0,0,191,158,169,0,0,0,0,120,112,0,107,0,0,9,1
0,0,0,0,0,0,0,32,227,0,0,232,0,194,191,0,180,0,0,0,206,174,184,138,184,180,199,0,1,120,209,1,0,0,179,178,174,182,0,0,176,114,3,178,180,1,174,223,1,178,0,178,182,178,180,180,184,185,37,0,182,181,186,190,0,0,184,182,190,188,185,185,188,182,181,185,0,186,187,186,187,190,180,184,186,194,187,186,184,212,0,230,176,194,188,210,226,0,24,49,6
0,0,0,0,0,0,0,2,0,0,0,27,0,143,122,0,93,0,0,0,42,113,7,0,4,0,0,0,0,0,0,0,0,0,4,206,0,0,0,0,203,0,0,184,0,0,231,6,0,186,0,227,175,198,162,173,212,197,0,0,199,176,181,204,0,0,211,190,221,218,213,195,227,205,255,220,0,218,215,217,218,223,0,214,222,216,217,219,218,0,0,206,208,206,206,252,249,0,127,120,8
0,0,0,0,0,0,0,2,0,188,0,234,0,0,0,0,141,103,0,0,69,217,0,0,0,16,48,84,0,0,0,0,227,0,218,197,85,241,224,0,0,233,236,166,0,0,0,222,253,77,239,170,188,2,0,0,131,121,255,0,0,84,102,6,50,0,0,255,0,3,0,2,7,0,2,255,0,138,72,0,0,0,0,246,0,13,235,206,0,0,50,101,104,198,0,0,0,3,0,0,5
0,0,0,0,0,0,0,221,102,0,0,120,0,253,157,0,214,216,0,228,201,60,114,213,218,210,212,0,0,228,205,0,0,0,255,233,8,211,0,0,255,223,0,15,237,0,212,232,0,121,0,209,197,191,123,66,210,158,0,0,169,12,146,220,0,0,226,220,235,217,186,230,111,229,108,213,0,219,225,223,225,235,0,203,62,0,0,0,0,0,0,68,0,0,0,1,1,17,0,0,2
0,0,0,0,0,0,1,169,133,3,0,103,0,252,171,0,16,25,0,37,157,252,97,175,154,26,109,0,1,79,130,0,0,0,105,159,14,127,6,0,10,86,0,221,135,0,132,153,0,0,0,127,162,49,242,104,217,16,110,0,21,83,18,240,0,0,165,203,169,135,177,135,182,206,118,0,0,0,3,2,3,0,172,0,67,0,0,0,0,56,0,55,0,0,10,0,6,0,0,2,6
0,0,0,0,0,0,0,127,206,0,0,217,0,217,226,0,221,0,0,0,229,213,117,0,0,250,0,0,0,0,0,0,0,0,219,214,14,0,0,0,255,0,0,214,255,0,0,0,0,254,0,248,255,0,217,245,169,0,0,0,0,218,0,0,0,0,0,220,0,0,0,113,0,0,0,255,0,255,227,255,236,0,0,229,0,0,228,255,230,0,0,0,0,226,58,19,80,0,0,31,1
0,0,0,0,0,0,0,101,68,1,0,77,0,118,101,0,81,84,0,146,136,112,132,91,208,145,84,0,0,122,112,0,14,0,86,109,138,143,0,0,109,0,0,89,111,0,0,0,0,129,0,141,112,69,121,134,99,40,0,0,120,117,113,3,0,0,130,109,0,3,119,92,51,1,0,71,0,82,126,89,60,103,0,104,178,89,154,113,83,0,0,72,106,107,78,152,98,0,53,65,6
0,0,1,0,0,0,0,127,216,0,0,205,0,216,250,0,174,142,0,157,186,198,201,215,199,211,215,0,0,220,190,0,0,0,177,176,242,179,0,0,180,74,0,175,190,0,212,118,0,177,0,159,186,159,184,204,233,112,0,0,106,177,167,177,0,0,200,182,238,184,186,192,181,177,0,192,0,197,188,192,190,195,0,191,218,244,193,200,191,0,0,213,0,78,18,0,0,0,1,2,4
0,0,0,0,0,0,0,85,167,0,0,172,0,183,188,0,206,0,0,0,173,175,181,0,0,216,0,0,0,0,0,0,0,0,194,193,75,0,0,0,227,0,0,197,224,0,0,0,0,240,0,246,229,0,212,79,229,0,0,0,0,219,0,0,0,0,0,228,0,0,0,205,0,0,0,215,0,216,201,219,215,0,0,0,0,0,165,221,211,0,0,0,0,218,170,226,189,0,43,54,1
0,0,0,0,0,0,0,84,55,0,0,130,0,164,114,0,0,0,0,0,177,68,2,0,0,136,0,0,0,0,0,0,0,0,174,103,0,0,0,0,214,0,0,148,137,0,0,0,0,160,0,147,154,0,148,141,159,0,0,0,98,156,12,0,0,0,186,157,0,0,181,179,0,0,0,150,0,151,160,153,140,169,0,164,10,210,167,154,161,0,0,0,209,154,143,164,170,0,111,108,3
0,0,0,0,0,0,0,0,0,10,3,248,0,0,0,0,225,245,6,0,0,225,237,237,0,219,239,0,0,0,0,0,255,0,235,235,236,238,167,0,0,234,0,31,233,0,0,232,237,0,228,63,224,0,236,226,228,229,225,0,0,229,230,234,255,0,227,222,238,238,255,227,255,236,43,225,0,230,231,234,0,0,231,226,0,245,248,242,0,249,0,13,66,70,2,0,0,0,0,0,9
0,0,0,0,0,0,0,0,0,0,0,238,0,186,162,0,0,0,0,0,0,0,219,0,0,0,0,0,0,0,0,0,0,0,11,0,121,0,0,0,211,0,0,226,200,0,198,228,0,202,20,224,206,194,189,209,224,215,183,0,191,199,193,249,0,0,206,205,187,200,205,196,189,172,235,210,0,220,206,213,208,203,0,215,195,212,222,220,220,123,0,183,214,220,202,252,254,0,188,164,8
0,0,0,0,0,0,0,193,186,0,0,170,0,186,180,0,173,174,0,223,177,180,160,177,185,173,187,0,0,194,214,0,160,0,183,175,163,231,0,0,196,0,0,199,180,0,0,0,0,201,0,202,190,0,204,180,170,136,0,0,174,203,167,0,0,0,216,200,0,0,216,170,162,1,0,207,0,208,202,204,212,183,0,212,190,174,210,211,210,0,0,4,26,204,213,234,211,0,120,0,0
0,0,0,0,0,0,0,0,222,0,0,207,0,216,220,0,216,0,0,0,216,209,193,0,0,223,0,0,0,0,0,0,0,0,216,204,108,0,0,0,235,0,0,196,255,0,0,0,0,255,0,255,255,0,212,175,227,0,0,0,0,212,0,0,0,0,73,211,0,0,46,165,0,0,0,255,0,255,221,223,236,0,0,236,0,0,232,228,238,0,0,0,0,231,53,59,24,0,0,0,1
0,0,0,0,0,0,0,17,124,0,0,170,0,106,117,0,80,0,0,0,147,74,0,0,0,140,0,0,0,0,0,0,0,0,76,104,0,0,0,0,76,0,0,80,141,0,0,0,0,51,0,64,179,0,86,176,0,0,0,0,0,70,0,0,0,0,0,97,0,0,0,0,0,0,0,185,0,186,178,185,82,0,0,96,0,0,183,206,190,0,0,0,0,208,0,6,0,0,0,0,1
0,0,0,0,0,0,0,199,188,0,0,206,0,206,204,0,207,192,0,216,202,201,206,204,215,194,207,0,0,240,203,0,0,0,203,207,0,219,0,0,204,61,0,200,204,0,213,134,0,190,0,190,199,0,205,202,230,33,0,0,191,206,207,214,0,0,204,208,238,228,201,203,67,110,0,204,0,214,224,190,193,226,0,0,0,0,0,57,0,0,0,149,0,32,1,3,0,0,0,0,2
0,0,0,0,0,0,0,0,0,59,1,0,0,0,0,0,0,156,0,0,0,0,92,217,0,0,9,54,0,0,0,0,197,8,0,0,0,0,180,0,0,233,166,0,0,1,0,233,16,0,1,0,1,0,0,0,88,174,13,0,1,0,133,37,27,0,0,0,0,27,54,0,1,32,0,0,3,37,54,55,0,1,125,67,1,148,32,46,0,27,0,194,238,208,0,0,0,0,0,0,5
0,0,0,0,0,0,0,59,200,0,0,164,0,168,167,0,158,0,0,0,161,159,167,72,168,169,105,0,0,0,66,0,0,0,159,194,54,131,0,0,226,0,0,177,170,0,4,0,0,217,0,208,169,176,162,149,184,168,0,0,0,174,22,65,0,0,228,178,235,83,225,191,126,0,0,172,0,185,53,58,57,0,0,0,144,0,2,3,2,0,0,172,0,0,0,0,0,0,0,0,2
3,5,0,0,0,0,0,131,107,76,0,98,0,78,69,0,147,92,0,198,216,143,153,100,189,200,98,0,78,214,65,0,103,0,102,107,123,92,63,0,255,81,0,233,142,0,63,76,0,105,94,109,80,109,112,87,65,63,103,0,107,116,78,132,1,38,91,109,112,145,100,72,71,72,69,92,0,94,98,98,74,76,123,125,85,129,116,125,87,54,0,151,142,151,178,140,154,18,38,0,2
0,0,0,0,0,0,0,93,223,0,0,211,0,224,228,0,226,0,0,0,226,216,143,0,2,225,0,0,0,0,0,0,0,0,222,225,0,0,0,0,220,0,0,223,255,0,0,0,0,214,0,214,49,0,255,254,182,0,0,0,133,254,0,0,0,0,255,222,0,0,255,150,0,0,0,59,0,78,240,77,235,0,0,226,0,0,239,77,231,0,0,0,0,76,102,0,107,0,0,54,1
0,0,0,0,0,0,0,83,178,0,0,93,0,192,141,0,57,0,0,0,91,59,46,238,179,86,223,1,1,19,199,2,5,0,155,34,229,215,2,0,195,33,1,188,199,0,128,0,0,87,50,0,180,250,166,163,200,0,0,0,73,115,132,207,34,36,196,219,227,207,120,207,35,0,0,1,50,53,129,203,197,27,0,123,170,217,128,217,177,0,5,201,195,187,193,251,243,87,34,59,8
0,0,0,0,0,0,0,115,121,0,0,117,0,111,119,0,117,105,0,119,117,111,119,121,115,119,111,0,0,109,107,0,0,0,115,109,127,121,0,0,111,97,0,113,115,0,119,115,0,117,0,117,117,0,117,115,113,2,0,0,129,119,139,133,0,0,117,121,80,137,115,119,0,121,50,125,0,129,129,129,123,147,0,131,93,129,133,131,131,0,0,0,145,141,133,111,93,68,0,0,2
0,0,0,0,0,0,0,9,83,0,0,63,0,121,76,0,80,0,0,0,97,44,17,0,0,120,0,0,0,0,0,0,0,0,67,54,0,0,0,0,100,0,0,195,204,0,0,0,0,175,0,181,175,0,105,166,175,0,0,0,40,120,36,0,0,0,173,129,0,0,165,140,0,0,0,188,0,190,122,187,157,99,0,133,38,181,118,184,56,0,0,0,155,187,140,157,145,0,33,15,3
0,0,0,0,0,0,0,114,216,0,0,235,0,221,227,0,227,0,0,0,226,222,242,0,237,228,0,0,0,0,79,0,0,0,229,228,238,0,0,0,228,0,0,228,226,0,0,0,0,225,0,223,226,229,233,232,251,255,0,0,246,235,228,0,0,0,221,235,82,0,224,237,255,0,0,232,0,229,226,225,220,1,0,241,0,0,242,231,204,0,0,0,0,214,0,183,1,0,0,0,4
0,0,0,0,0,0,0,161,241,0,0,248,0,212,204,0,170,84,0,0,174,188,176,174,169,185,171,0,0,0,200,0,0,0,152,154,218,157,0,0,150,48,0,146,175,0,83,86,0,188,0,188,163,209,157,171,186,141,0,0,143,190,133,166,0,0,168,195,185,175,157,173,188,110,0,168,0,171,199,190,158,158,0,171,113,158,188,190,194,0,0,173,122,194,174,195,237,0,124,13,4
0,0,0,0,0,0,0,191,211,0,0,179,0,251,173,0,110,0,0,0,198,146,231,0,172,217,0,0,0,0,0,0,0,0,255,0,212,0,0,0,6,0,0,214,172,0,0,0,0,246,0,157,254,0,185,210,96,0,0,0,0,169,0,0,0,0,153,242,2,0,169,175,0,0,0,229,0,156,180,249,223,98,0,190,0,79,155,187,255,0,0,0,111,224,212,202,239,0,244,0,3
0,0,0,0,0,0,0,0,0,0,0,0,0,0,0,0,32,0,5,0,0,0,0,0,0,180,97,0,0,0,0,0,189,0,205,221,213,216,0,0,0,197,0,1,192,0,0,185,0,0,215,0,151,0,115,220,204,200,216,0,205,159,217,210,177,49,89,184,227,224,199,216,225,229,195,166,14,225,183,190,118,121,0,3,15,0,0,0,0,0,0,0,0,0,0,0,0,0,0,0,9
0,0,0,0,0,0,0,177,218,0,1,180,0,182,165,0,178,181,0,178,182,177,176,182,165,161,176,0,0,184,177,2,187,1,186,190,173,181,109,0,182,186,0,182,194,0,176,176,9,181,195,187,184,186,187,176,189,178,195,0,186,170,177,174,155,144,180,193,184,190,177,189,176,214,189,194,0,189,187,182,177,191,185,187,173,186,186,186,190,191,23,190,177,181,181,208,199,1,147,43,2
0,0,2,0,0,0,0,227,191,0,0,139,0,205,202,0,186,0,0,6,216,227,219,113,213,200,199,0,0,160,237,0,0,0,225,221,226,237,0,0,142,0,0,157,235,0,209,0,0,216,0,229,224,153,227,164,248,247,0,0,76,242,43,220,0,0,251,213,219,216,235,255,146,0,0,226,0,226,223,223,126,192,0,237,48,255,239,182,144,0,0,0,247,108,229,251,229,0,211,209,3
0,0,0,0,0,0,0,135,208,0,0,62,0,73,81,0,69,0,0,0,99,63,161,0,0,159,0,0,0,0,0,0,0,0,122,54,103,0,0,0,216,0,0,83,187,0,0,0,0,255,0,255,85,0,106,153,198,0,0,0,0,125,0,0,0,0,1,130,0,0,0,197,0,0,0,96,0,96,142,86,111,0,0,216,0,0,191,124,153,0,0,0,0,96,110,0,26,0,0,35,1
0,0,0,0,0,0,0,6,169,0,0,174,0,134,141,0,175,0,0,0,174,159,99,0,0,155,0,0,0,0,0,0,0,0,179,105,75,0,0,0,75,0,0,169,84,0,0,0,0,89,0,108,0,0,173,0,89,0,0,0,42,163,43,0,0,0,91,144,0,0,77,101,0,0,0,170,0,158,174,182,216,136,0,133,0,1,183,177,144,0,0,0,1,196,190,195,192,0,40,210,1
0,0,4,0,0,0,0,213,184,0,0,173,0,163,218,0,201,0,0,0,208,195,162,19,171,191,76,0,0,0,0,0,0,0,206,206,227,213,0,0,243,0,0,153,167,0,0,0,0,217,0,206,168,214,184,143,228,217,0,0,180,104,135,0,0,0,97,109,180,5,183,217,198,0,0,164,0,117,178,211,214,232,0,203,0,0,69,123,71,0,0,0,0,220,214,206,227,0,150,148,3
0,0,0,0,0,0,0,210,193,0,0,196,0,197,195,0,195,198,0,42,192,194,188,207,219,193,204,0,0,138,225,0,0,0,205,205,202,213,0,0,202,207,0,210,204,0,247,244,0,210,0,214,206,229,214,209,207,196,0,0,195,209,210,220,0,0,207,198,220,223,210,209,196,248,0,209,0,219,215,206,210,208,0,208,203,211,211,209,214,0,0,0,233,218,217,228,201,0,0,0,4
0,0,0,0,0,0,0,20,237,1,0,220,0,169,242,0,193,232,0,147,215,205,196,191,181,184,203,0,0,239,183,0,44,0,190,181,173,216,0,0,184,246,0,194,194,0,224,226,0,196,0,193,187,236,189,186,191,220,0,0,236,193,201,177,0,0,220,184,239,175,233,201,229,180,0,189,0,197,196,201,195,218,0,199,116,0,193,201,204,0,0,210,0,0,0,0,0,0,2,0,4
0,0,0,0,0,0,0,83,70,4,0,75,0,78,75,0,78,100,0,107,67,74,81,148,124,71,137,0,0,113,42,0,58,0,75,67,71,146,0,0,70,88,0,78,71,0,73,73,0,73,0,78,80,83,78,80,75,8,17,0,27,80,117,134,0,0,121,81,55,154,123,77,50,71,55,87,0,88,85,84,77,106,0,108,126,161,108,111,108,0,0,104,210,118,110,50,20,70,0,0,2
0,0,0,0,0,0,0,168,197,188,114,172,0,167,155,0,162,156,61,146,153,165,168,190,149,155,200,0,0,167,179,0,155,0,147,150,167,212,3,0,147,96,0,146,147,0,0,0,0,149,0,150,150,175,149,149,161,187,0,0,170,150,165,0,0,0,156,150,79,0,158,155,190,0,0,153,0,155,155,155,155,152,0,158,176,156,156,155,159,0,0,135,155,150,159,165,181,0,141,122,0
0,0,0,0,0,0,0,0,0,0,0,0,0,0,0,0,0,0,0,0,0,0,0,0,0,0,0,0,0,0,0,0,119,0,169,153,0,0,191,2,0,188,143,149,185,4,53,159,209,89,162,130,161,171,191,184,207,193,179,3,191,188,202,191,218,0,241,248,227,222,90,8,70,59,0,0,0,0,0,0,0,0,0,0,0,0,0,0,0,0,0,0,0,0,0,0,0,0,0,0,5
0,0,0,0,0,0,0,28,214,0,0,234,0,200,204,0,216,43,0,119,206,215,218,234,224,211,237,0,0,215,234,0,0,0,216,220,239,232,0,0,216,0,0,213,216,0,255,0,0,211,0,216,220,255,216,215,216,255,0,0,223,216,226,255,0,0,218,210,228,255,220,217,236,132,0,223,0,224,219,226,215,231,0,200,19,214,218,216,215,0,0,250,218,220,232,197,180,0,0,0,4
0,1,0,0,0,0,2,202,229,0,2,204,0,205,200,0,205,228,0,209,204,204,204,202,207,204,204,0,0,204,215,0,0,0,207,202,175,217,0,0,208,216,0,209,207,0,207,225,0,210,0,210,207,112,208,208,202,24,15,0,231,209,228,232,0,0,204,209,92,239,210,203,196,166,16,212,0,211,212,211,209,204,1,212,219,207,214,215,211,0,0,116,205,197,196,254,255,1,103,107,6
0,0,0,0,0,0,0,169,170,155,0,113,0,21,26,0,188,51,0,232,92,119,209,165,146,79,220,0,0,116,75,0,211,0,3,5,85,199,9,0,91,50,0,231,217,0,154,138,0,100,111,179,190,60,121,131,202,220,130,0,76,6,108,178,0,0,60,129,30,48,250,230,118,49,37,75,0,163,174,174,169,167,0,80,173,108,115,116,120,0,0,49,0,0,0,0,0,0,0,0,2
0,0,0,0,0,0,0,2,103,6,4,4,0,0,6,1,0,0,0,0,67,54,56,79,67,117,111,0,1,134,71,0,159,3,0,0,141,181,43,0,200,231,0,226,238,113,0,164,42,216,246,201,221,216,197,223,221,231,238,3,188,204,217,238,200,1,108,182,211,217,130,194,170,123,7,190,0,203,124,2,207,193,0,0,0,0,159,0,0,0,0,46,0,11,2,0,0,0,0,1,8
0,0,0,0,0,0,0,0,0,0,0,0,0,0,75,0,194,0,0,0,161,208,92,176,0,183,203,0,0,0,0,0,190,0,178,180,190,198,187,0,0,195,160,173,182,0,0,186,187,57,188,127,145,1,147,191,198,203,168,0,0,147,193,182,166,0,163,152,153,131,147,255,19,158,131,182,30,181,171,183,0,0,0,183,44,44,79,55,1,0,0,0,0,0,0,0,0,0,0,0,9
0,0,0,0,0,0,0,0,0,0,0,0,0,114,150,0,116,0,0,3,0,205,0,4,0,0,0,0,0,0,0,0,0,0,151,202,207,175,0,0,224,207,8,216,217,0,213,201,0,216,12,229,232,222,228,226,214,214,138,0,226,227,208,199,199,255,226,227,216,200,226,221,216,213,172,225,24,226,211,213,211,210,0,220,212,247,175,182,187,0,0,173,186,0,0,0,0,0,0,0,8
0,0,0,0,0,0,0,220,206,0,0,203,0,201,209,0,200,0,0,0,216,227,0,0,0,215,0,0,0,0,0,0,0,0,213,225,0,0,0,0,237,0,0,217,216,0,0,0,0,233,0,228,220,0,216,221,224,0,0,0,0,218,90,0,0,0,224,219,1,0,232,221,0,0,0,221,0,222,223,222,217,228,0,216,182,255,220,220,230,0,0,0,232,222,216,250,234,0,105,79,3
0,0,1,0,0,0,0,206,206,1,0,201,0,202,198,0,199,172,0,0,203,165,193,194,196,205,197,0,0,52,235,0,0,0,186,172,214,192,0,0,193,126,0,177,192,0,221,196,0,179,0,170,211,215,190,202,171,198,0,0,188,194,210,185,0,0,193,188,129,88,180,179,213,0,0,224,0,229,171,230,161,184,0,199,192,219,174,229,203,0,0,0,216,219,176,255,196,0,179,149,0
0,0,0,0,0,0,0,0,37,0,0,184,0,180,184,0,186,0,0,0,196,198,206,15,216,235,107,0,0,0,0,0,0,0,226,232,194,203,0,0,255,0,0,217,218,0,115,76,0,207,0,209,221,81,222,219,216,220,0,0,238,221,220,144,0,0,221,221,191,0,221,218,224,0,0,222,0,222,223,223,221,219,0,219,214,233,222,225,224,0,0,0,232,223,214,226,248,0,211,130,6
0,0,0,0,0,0,0,208,210,0,0,208,0,206,206,0,204,0,0,0,204,209,230,0,214,203,0,0,0,0,94,0,0,0,213,219,226,0,0,0,251,0,0,193,205,0,0,0,0,212,0,208,205,0,200,204,221,0,0,0,37,209,0,0,0,0,217,209,2,0,219,207,0,0,0,209,0,210,210,211,207,27,0,206,0,127,212,212,211,0,0,0,142,206,223,240,237,0,140,82,3
0,0,0,0,0,0,0,0,0,0,0,0,0,4,0,0,162,201,0,0,0,207,235,222,0,156,201,0,0,0,0,0,182,0,189,242,237,181,192,0,0,177,200,44,172,0,0,172,213,5,178,84,154,3,160,174,158,193,201,0,0,164,189,197,225,2,187,170,236,239,145,245,169,221,171,179,0,183,185,187,0,0,234,185,140,199,192,209,0,154,7,86,230,219,7,0,3,0,0,0,9
0,0,0,0,0,0,0,0,0,0,0,0,0,0,5,0,0,255,0,0,85,50,109,223,0,204,216,194,0,0,0,0,215,133,200,198,215,204,212,0,45,220,205,206,195,0,0,198,208,213,172,190,191,0,189,210,212,251,186,1,198,191,219,0,77,0,184,194,0,0,189,0,4,166,177,209,79,214,201,195,0,0,28,243,1,66,107,86,1,0,0,0,0,0,0,0,0,0,0,0,9
0,0,0,0,0,0,0,0,0,0,0,0,0,0,0,0,0,0,0,0,0,0,0,0,0,0,0,0,0,0,0,0,0,0,0,0,157,150,80,1,0,134,133,0,108,0,1,89,0,0,0,0,141,76,0,144,105,0,0,17,118,32,220,116,72,92,137,128,33,13,0,0,0,0,0,0,0,0,0,0,0,0,0,0,0,0,0,0,0,0,0,0,0,0,0,0,0,0,0,0,5
0,1,0,0,0,0,0,0,153,0,0,216,0,167,175,0,165,181,0,178,172,169,168,160,177,168,165,0,0,202,195,0,0,0,177,177,168,185,0,0,189,145,0,187,172,0,201,141,0,176,0,180,186,0,192,175,206,0,0,0,108,193,54,194,0,0,233,193,139,200,227,207,0,172,25,197,0,200,201,199,186,123,0,198,0,129,200,199,196,0,0,0,74,198,171,2,0,52,0,0,2
0,0,0,0,0,0,0,0,218,0,0,0,0,0,0,0,172,0,0,1,7,255,0,0,255,0,4,0,0,0,0,0,0,0,211,200,226,195,0,0,207,217,0,215,189,250,227,199,0,212,161,164,162,238,185,173,153,179,238,35,163,154,187,255,195,255,251,255,214,209,229,227,218,209,252,232,106,252,242,241,238,238,249,255,246,255,255,255,255,0,0,26,3,0,0,0,0,0,0,0,8
0,0,0,0,0,0,0,163,91,0,0,120,0,123,77,0,110,0,0,0,103,119,0,0,0,85,0,0,0,0,0,0,0,0,105,105,0,0,0,0,120,0,0,102,103,0,0,0,0,110,0,109,119,0,97,117,123,0,0,0,40,94,59,0,0,0,112,103,0,0,108,99,0,0,0,173,0,178,139,173,116,115,0,74,38,99,177,185,105,0,0,0,130,176,113,69,130,0,87,34,3
0,0,0,0,0,0,0,50,186,0,0,31,0,41,16,0,28,20,0,87,50,36,28,30,88,46,57,0,0,107,38,0,0,0,25,18,1,20,0,0,52,13,0,31,60,0,0,0,0,20,0,15,58,0,38,18,10,0,0,0,167,48,28,0,0,0,77,52,0,0,78,20,1,0,0,35,0,35,28,41,26,23,0,16,13,132,13,36,23,0,0,0,124,11,21,132,26,0,63,0,6
0,0,0,0,0,0,0,136,129,0,0,126,0,132,133,0,124,146,0,158,126,132,131,140,122,125,164,0,0,145,182,0,118,0,137,131,126,97,0,0,130,0,0,133,131,0,2,0,0,134,0,134,133,35,132,140,141,0,0,0,130,131,143,1,0,0,131,130,0,1,130,130,0,0,0,133,0,132,131,129,123,143,0,126,0,121,131,126,130,0,0,0,120,123,126,153,137,0,76,66,0
0,0,0,0,0,0,0,0,0,0,0,0,0,0,0,0,0,72,0,0,0,114,102,208,0,5,201,78,0,0,0,0,175,64,190,78,65,0,98,0,6,0,0,1,157,0,0,0,126,206,0,105,0,46,164,107,145,170,150,0,81,117,154,183,58,67,124,130,100,98,128,104,112,104,90,133,55,111,116,140,131,138,6,102,95,0,0,0,0,0,0,0,0,0,0,0,0,0,0,0,5
0,0,1,0,0,0,0,157,205,0,1,148,0,155,143,0,145,135,0,153,146,134,139,134,140,142,107,0,0,147,149,0,106,0,136,127,95,175,0,0,139,129,0,140,126,0,146,153,0,133,7,131,124,45,147,134,110,8,15,0,71,152,105,196,0,0,182,152,0,174,181,134,41,172,98,130,0,129,150,136,116,107,0,154,52,114,150,148,190,0,0,44,104,143,117,235,126,0,167,121,6
0,0,0,0,0,0,0,0,205,0,0,158,0,205,136,0,147,0,0,0,121,119,172,0,0,236,0,0,0,0,0,0,0,0,253,165,79,0,0,0,124,0,0,240,155,0,0,0,0,0,0,0,219,0,193,176,78,0,0,0,0,147,0,0,0,0,0,175,0,0,0,83,0,0,0,231,0,236,159,242,223,0,0,0,0,0,97,238,246,0,0,0,0,235,0,255,0,0,101,0,1
0,0,0,0,0,0,0,0,0,0,0,0,0,0,0,0,0,0,0,0,0,0,0,0,0,0,0,0,0,0,0,0,2,2,85,147,0,0,0,0,0,0,182,127,117,0,0,55,142,75,157,112,5,112,60,112,207,142,152,60,100,180,147,117,65,62,32,50,10,25,52,57,50,47,0,0,0,0,0,0,0,0,0,0,0,0,0,0,0,0,0,0,0,0,0,0,0,0,0,0,7
0,0,0,0,0,0,0,119,220,0,0,235,0,221,229,0,207,231,0,225,218,213,210,212,209,212,218,0,0,223,219,0,12,0,212,213,203,235,0,0,214,225,0,213,213,0,124,49,0,212,0,215,214,99,219,221,219,0,0,0,232,219,223,5,0,0,208,219,0,6,207,216,65,0,0,214,0,215,220,216,223,224,0,221,111,222,219,215,218,0,0,0,220,218,214,216,213,0,217,203,0
0,0,0,0,0,0,0,0,0,0,0,0,0,0,0,0,154,156,5,184,187,187,186,184,187,194,197,237,0,173,184,0,205,68,200,202,204,203,192,0,197,202,255,202,206,212,163,208,255,224,194,238,240,231,221,220,219,219,198,50,219,223,219,223,255,166,225,217,219,216,233,218,219,220,229,229,0,236,61,31,0,0,0,0,0,0,0,0,0,0,0,0,0,0,0,0,0,0,0,0,8
0,0,1,0,0,0,0,227,216,0,1,223,0,220,218,0,220,225,0,248,213,218,221,227,215,220,243,0,0,231,222,0,24,0,217,217,243,208,0,0,218,228,0,222,220,0,211,222,0,213,0,223,220,189,211,218,244,0,0,0,0,213,133,229,0,0,238,208,196,230,237,215,0,227,0,209,0,211,210,213,211,218,0,229,255,93,185,192,195,0,0,202,0,0,0,0,4,0,0,1,2
0,0,0,0,0,0,0,0,0,0,0,0,0,0,0,0,0,0,0,0,0,0,0,0,0,0,0,0,0,0,0,0,0,0,115,145,0,1,71,0,0,0,13,63,13,0,0,203,155,162,135,160,138,116,129,158,0,234,133,32,157,153,37,233,181,37,136,167,137,117,136,159,142,99,0,61,0,0,0,0,0,0,0,0,0,0,0,0,0,0,0,0,0,0,0,0,0,0,0,0,7
0,0,0,0,0,0,0,207,203,1,0,203,0,203,204,0,203,137,0,254,203,207,207,217,199,205,204,0,0,239,225,0,0,0,205,204,31,0,0,0,199,0,0,206,206,0,0,0,0,204,0,204,208,0,214,208,214,0,0,0,113,216,1,0,0,0,217,214,3,0,216,222,0,0,0,209,0,208,211,208,204,141,0,207,0,212,216,213,212,0,0,0,241,207,233,255,235,0,27,9,0
0,1,0,0,0,0,0,193,180,0,0,219,0,142,143,0,131,147,0,212,131,129,124,131,131,130,129,0,0,235,207,0,64,0,131,138,141,216,0,0,145,223,0,141,133,0,220,219,0,139,0,127,143,114,145,139,107,91,0,0,144,148,156,255,0,0,188,145,0,255,186,135,68,210,86,148,0,149,153,148,131,164,0,140,26,114,157,153,163,0,0,158,110,152,128,152,143,0,187,156,2
0,0,0,0,0,0,0,0,0,0,0,0,0,0,3,0,225,0,0,0,7,241,19,0,0,241,152,80,0,0,0,0,213,0,225,226,230,227,226,0,0,228,255,0,221,0,0,219,223,1,220,0,215,0,30,230,231,234,203,1,0,199,230,216,231,5,35,240,218,206,255,221,209,219,189,218,43,213,220,221,255,12,0,253,255,83,229,234,0,0,0,0,0,0,0,0,0,0,0,0,9
0,1,0,0,1,0,0,209,202,177,0,202,0,208,194,0,202,198,0,208,210,212,202,198,188,208,204,0,0,201,209,0,160,0,213,215,211,241,0,0,200,0,0,211,214,0,0,1,0,204,0,202,215,0,215,218,209,218,0,0,202,211,207,0,0,0,204,213,197,0,207,208,211,0,0,211,0,208,211,213,221,209,0,218,201,211,204,175,208,0,0,0,204,177,224,212,221,0,218,212,0
0,0,0,0,0,0,0,0,0,0,0,0,0,0,0,0,0,0,0,0,0,0,0,0,0,0,0,0,0,0,0,0,0,0,155,189,7,0,230,0,10,17,67,159,133,0,88,82,246,120,97,153,165,201,193,195,207,141,164,0,199,183,0,0,0,2,0,0,7,6,0,26,31,31,0,0,0,0,0,0,0,0,0,0,0,0,0,0,0,0,0,0,0,0,0,0,0,0,0,0,7
0,0,0,0,0,0,0,0,0,0,0,0,0,0,0,0,0,0,0,0,0,0,0,0,20,0,0,6,20,164,112,16,100,0,142,134,112,126,0,0,134,148,0,130,126,100,140,166,130,144,140,148,144,158,154,126,98,124,122,128,164,156,140,132,148,224,216,166,128,132,180,126,164,160,160,58,0,0,0,0,0,0,0,0,0,0,0,0,0,0,0,0,0,0,0,0,0,0,0,0,8
0,0,0,0,0,0,0,145,174,0,0,124,0,163,85,0,174,0,0,0,153,148,117,0,88,153,0,0,0,0,0,0,0,0,143,143,117,0,0,0,161,0,0,150,140,0,0,0,0,179,0,200,140,44,145,148,98,2,0,0,210,140,143,0,0,0,202,140,0,0,215,93,59,0,0,153,0,156,156,156,189,122,0,182,140,236,161,161,223,0,0,0,163,153,158,197,192,0,124,18,0
0,0,0,0,0,0,0,0,0,0,0,0,0,0,0,0,0,0,0,0,0,0,0,62,0,71,143,0,0,0,0,0,0,0,6,0,0,158,2,0,0,0,0,0,0,0,0,71,176,2,143,0,0,24,0,0,225,6,140,2,44,105,0,167,145,0,98,205,123,167,196,0,0,143,165,181,0,85,0,0,0,0,0,0,0,0,0,0,0,0,0,0,0,0,0,0,0,0,0,0,5
0,0,0,0,0,0,0,0,0,0,0,0,0,0,0,0,0,0,0,0,0,159,38,1,2,85,0,0,0,0,0,0,138,0,143,213,205,205,171,0,0,182,0,168,228,0,0,189,0,148,200,109,203,172,213,217,215,204,198,0,180,192,210,198,184,185,191,198,204,203,214,232,238,225,0,118,33,1,62,59,68,65,0,67,57,0,0,0,0,0,0,0,0,0,0,0,0,0,0,0,7
0,0,0,0,0,0,0,223,191,0,0,199,0,200,183,0,190,1,0,0,191,190,203,0,183,184,0,0,0,0,128,0,0,0,182,177,188,100,0,0,186,0,0,171,182,0,17,0,0,179,0,178,177,167,169,178,174,173,0,0,186,173,207,88,0,0,192,174,187,151,190,177,207,0,0,186,0,188,173,186,188,186,0,186,188,181,177,186,188,0,0,150,186,190,191,39,227,0,0,3,4
0,0,0,0,0,0,0,0,0,0,0,0,0,0,0,0,0,0,0,0,0,0,0,0,0,0,0,0,0,0,0,0,0,1,3,39,135,26,0,0,3,0,30,0,0,0,1,106,76,47,78,0,0,79,98,49,70,79,83,0,0,159,81,87,49,17,19,11,95,78,85,70,74,74,104,66,0,104,0,0,0,0,0,0,0,0,0,0,0,0,0,0,0,0,0,0,0,0,0,0,5
0,0,0,0,0,0,0,0,0,0,0,0,0,0,0,0,0,0,0,0,0,0,0,0,0,0,0,0,0,0,0,0,0,0,99,148,54,31,0,0,0,137,22,99,0,0,31,0,0,205,0,69,4,0,51,22,90,36,22,69,121,166,187,250,248,54,94,45,126,121,0,0,0,0,0,0,0,0,0,0,0,0,0,0,0,0,0,0,0,0,0,0,0,0,0,0,0,0,0,0,5
0,0,0,0,0,0,0,231,213,0,0,209,0,212,210,0,208,0,0,0,209,207,221,143,236,214,185,0,0,0,0,0,0,0,216,228,1,224,0,0,190,0,0,223,216,0,0,0,0,227,0,230,220,244,228,221,228,229,0,0,78,239,229,35,0,0,242,232,0,0,228,218,34,0,0,220,0,220,229,220,221,234,0,216,153,183,225,218,224,0,0,0,88,218,224,242,219,0,123,0,3
0,0,0,0,0,0,0,199,253,0,0,216,0,210,230,0,211,234,0,238,217,216,215,218,216,228,228,0,0,238,223,0,0,0,209,215,218,231,0,0,218,235,0,219,229,0,213,241,0,219,0,220,221,243,218,231,220,250,0,0,209,219,215,213,0,0,226,217,254,214,225,215,178,230,112,221,0,220,217,222,214,253,0,211,160,255,223,234,226,0,0,204,251,223,204,0,0,9,0,0,4
0,0,0,0,0,0,0,56,215,0,0,220,0,200,204,0,225,189,0,218,205,204,202,201,201,193,193,0,0,233,221,0,0,0,186,188,213,212,0,0,238,219,0,202,182,0,211,215,0,245,0,233,205,176,192,191,241,220,0,0,175,187,164,194,0,0,206,194,232,194,196,235,150,207,149,196,0,196,179,190,183,183,0,190,0,197,214,208,198,0,0,199,0,147,37,0,0,89,0,0,4
0,0,0,0,0,0,0,0,125,0,0,155,0,140,110,0,110,0,0,0,162,166,0,0,0,188,0,0,0,0,0,0,0,0,170,181,0,0,0,0,85,0,0,184,177,0,0,0,0,206,0,225,188,0,192,192,173,0,0,0,0,188,155,0,0,0,181,192,0,0,184,158,0,0,0,195,0,192,184,188,170,118,0,240,0,0,184,199,192,0,0,0,0,206,214,210,221,0,181,170,3
0,0,0,0,0,0,0,160,136,0,0,158,0,138,136,0,148,164,0,183,191,224,241,174,218,160,194,0,0,152,191,0,122,0,155,156,133,204,0,0,163,0,0,162,154,0,0,0,0,163,0,159,160,23,166,150,154,107,0,0,163,167,158,0,0,0,162,169,0,2,163,151,93,0,0,166,0,164,175,166,171,154,0,162,128,174,179,176,162,0,0,0,173,176,163,181,170,0,114,106,0
0,0,0,0,0,0,0,206,196,0,0,186,0,176,188,0,225,200,0,204,203,221,185,192,171,159,194,0,0,180,186,0,186,0,49,67,238,193,0,0,209,192,0,212,173,0,188,197,0,182,31,187,243,20,183,197,184,207,51,0,232,189,181,237,0,0,178,194,9,213,179,193,225,205,162,192,0,195,199,203,196,186,0,195,238,211,195,194,192,0,0,0,228,199,205,220,176,0,0,0,2
0,0,0,0,0,0,0,236,231,0,0,232,0,230,232,0,235,79,0,0,240,235,244,155,96,237,0,0,0,0,2,0,0,0,235,246,0,1,0,0,247,0,0,234,239,0,0,0,0,249,0,246,250,0,238,240,245,0,0,0,0,238,216,0,0,0,210,238,0,0,216,245,0,0,0,244,0,243,239,242,238,234,0,243,0,0,239,242,240,0,0,2,0,241,244,247,255,0,229,188,3
0,0,0,0,0,0,0,0,0,0,0,0,0,0,0,0,0,0,0,0,0,33,0,0,0,1,0,1,0,0,0,0,0,0,113,129,31,0,0,0,5,193,3,0,223,3,3,211,0,230,94,150,181,169,185,193,206,225,181,120,165,199,216,216,5,64,230,220,29,17,34,0,0,0,167,47,1,178,0,0,0,0,0,0,0,0,0,0,0,0,0,0,0,0,0,0,0,0,0,0,7
0,0,0,0,0,0,0,179,180,0,0,176,0,253,153,0,160,0,0,0,180,177,177,0,155,211,0,0,0,0,0,0,0,0,198,187,188,0,0,0,160,0,0,160,167,0,0,0,0,149,0,153,142,0,187,195,179,37,0,0,0,190,202,0,0,0,201,182,0,0,207,177,133,0,0,176,0,154,185,112,197,97,0,185,235,174,169,107,148,0,0,0,188,172,181,213,188,0,188,124,6
0,0,0,0,0,0,0,0,0,0,0,0,0,0,0,0,0,0,0,10,24,18,18,24,86,102,133,173,163,130,138,0,171,63,147,152,151,165,161,0,188,161,171,187,186,95,76,107,176,196,28,188,179,197,136,172,97,175,21,57,178,0,232,207,164,40,205,228,190,188,219,179,182,182,181,213,0,66,0,0,0,0,0,0,0,0,0,0,0,0,0,0,0,0,0,0,0,0,0,0,8
1,0,0,0,0,0,2,226,237,0,0,203,0,212,212,0,220,205,0,216,171,181,193,213,141,126,215,0,167,218,233,0,226,0,181,180,207,217,222,0,123,227,188,178,192,0,234,252,0,222,0,209,220,230,216,218,221,232,0,0,215,215,213,0,0,0,209,215,204,0,207,222,217,0,3,220,0,218,214,219,217,220,0,216,214,209,215,220,222,0,0,220,206,208,212,255,254,4,104,77,0
0,0,0,0,0,0,0,192,157,0,0,141,0,171,178,0,153,1,0,141,153,153,194,192,139,143,189,0,1,202,242,1,0,0,147,149,222,163,0,1,186,144,0,124,122,0,239,144,0,183,97,169,127,130,127,116,113,172,152,0,155,129,160,150,31,0,220,132,169,150,214,127,183,152,163,129,0,127,146,146,141,155,169,178,163,185,54,54,51,155,104,236,178,185,153,160,209,82,0,0,2
0,0,0,0,0,0,0,223,242,0,0,214,0,226,216,0,138,170,0,145,134,138,132,152,163,149,246,0,0,35,153,0,0,0,157,162,194,0,0,0,147,0,0,148,154,0,0,0,0,146,0,145,147,0,159,152,156,0,0,0,89,151,192,2,0,0,161,147,0,0,153,148,172,2,0,149,0,148,152,152,159,148,0,157,166,157,149,155,161,0,0,0,158,145,150,180,172,0,93,105,0
0,0,1,0,0,0,0,19,202,0,0,158,0,209,208,0,212,4,0,0,211,208,221,0,208,215,0,0,0,0,122,0,0,0,190,199,198,20,0,0,201,0,0,191,192,0,0,0,0,205,0,208,196,209,195,197,228,203,0,0,237,197,222,0,0,0,210,210,238,6,211,199,198,0,0,208,0,213,211,203,202,234,0,206,207,221,208,214,210,0,0,209,228,204,213,214,255,0,135,30,4
0,0,0,0,0,0,0,214,211,0,0,211,0,209,217,0,209,229,0,90,207,209,215,219,232,222,222,0,0,181,246,0,0,0,215,217,219,236,0,0,223,255,0,218,225,0,255,255,0,220,0,220,228,238,219,220,219,195,0,0,227,219,225,235,0,0,227,221,222,239,229,218,214,240,0,238,0,238,225,243,240,222,0,213,222,233,241,244,232,0,0,239,154,158,235,0,0,0,0,0,6
0,0,0,0,0,0,0,0,0,0,0,0,0,0,0,0,0,0,0,0,106,110,113,62,176,189,192,0,0,0,116,0,179,0,204,192,184,189,208,0,154,174,167,151,159,0,164,177,200,148,189,164,172,154,166,167,161,172,179,0,156,172,180,180,208,0,176,177,172,179,176,177,169,167,0,215,1,189,125,125,23,23,0,0,0,0,0,0,0,0,0,0,0,0,0,0,0,0,0,0,8
0,0,0,0,0,0,0,168,128,0,1,167,0,147,157,0,159,131,0,69,134,144,157,136,216,126,0,0,0,0,0,0,0,0,105,144,160,0,0,0,165,0,0,139,116,0,0,3,0,152,0,151,154,157,126,92,149,139,0,0,172,157,139,48,0,0,136,151,147,139,164,108,136,6,0,141,0,151,99,133,115,126,0,144,168,151,160,149,128,0,0,151,136,129,131,165,160,0,82,76,3
0,0,0,0,0,0,0,24,2,0,0,24,0,29,31,0,31,41,0,63,26,26,29,36,58,31,36,0,0,77,38,0,4,0,36,46,94,36,0,0,17,41,0,43,38,0,60,34,0,31,0,46,46,77,48,43,41,14,0,0,24,50,48,80,0,0,53,53,75,99,55,48,24,43,0,58,0,55,55,55,48,50,0,75,46,0,46,46,43,0,0,157,0,0,0,0,0,0,0,0,2
0,0,1,0,0,0,0,157,100,1,0,139,0,194,196,0,140,50,0,85,125,140,130,152,137,130,145,0,0,150,139,0,0,0,150,145,143,156,0,0,134,4,0,149,149,0,149,37,0,131,0,139,126,188,132,152,164,184,0,0,105,162,108,145,0,0,150,145,180,140,139,155,171,94,0,144,0,152,142,146,147,133,0,131,100,108,147,153,153,0,0,179,0,95,0,0,0,0,1,3,6
0,0,0,0,0,0,0,0,0,0,0,0,0,0,0,0,51,0,0,0,37,195,238,0,222,224,0,0,0,0,70,0,0,0,169,172,212,61,0,0,202,0,0,196,234,0,0,0,0,243,0,213,230,255,219,228,217,252,0,0,227,206,232,0,0,0,229,227,184,0,225,224,244,0,0,232,0,232,228,233,227,215,0,229,239,224,229,228,230,0,0,185,216,240,213,155,147,0,110,0,0
0,0,0,0,0,0,0,0,0,0,0,170,0,179,143,0,0,2,0,0,0,0,175,0,0,0,0,0,0,3,4,0,0,0,58,57,149,43,0,0,68,77,0,49,63,47,91,142,184,119,145,130,109,116,108,124,118,138,169,36,124,112,139,177,42,155,144,122,153,171,158,139,153,159,143,137,0,157,164,166,171,166,0,162,146,109,150,202,156,22,0,129,123,254,200,0,0,0,0,0,8
0,0,0,0,0,0,0,0,0,0,0,0,0,0,0,0,0,0,0,0,0,0,0,0,54,72,80,0,0,0,94,0,106,0,103,105,101,116,17,0,94,92,75,124,99,0,136,89,174,144,65,145,101,101,114,139,101,96,108,22,118,116,100,105,20,148,155,139,104,105,198,131,131,114,128,120,0,0,0,0,0,0,0,0,0,0,0,0,0,0,0,0,0,0,0,0,0,0,0,0,8
0,0,0,0,0,0,0,0,0,0,0,0,0,0,0,0,0,0,0,0,0,0,0,0,0,0,0,0,0,0,0,0,0,0,136,233,0,3,70,0,0,10,2,150,168,2,0,1,162,208,236,178,182,208,187,170,210,214,226,74,205,194,225,231,231,115,253,251,244,239,133,152,160,119,0,0,0,0,0,0,0,0,0,0,0,0,0,0,0,0,0,0,0,0,0,0,0,0,0,0,7
0,0,0,0,0,0,0,0,222,1,1,193,0,197,222,0,171,174,0,208,189,176,173,162,197,187,162,0,0,216,210,0,160,0,187,180,162,210,31,0,199,167,0,202,179,0,0,0,0,211,3,214,188,1,191,156,183,159,0,0,236,192,179,0,0,0,211,194,0,0,209,166,164,1,0,190,0,192,198,194,187,168,0,222,188,218,199,205,164,0,0,0,219,205,183,247,210,0,146,113,0
0,0,0,0,0,0,0,125,93,0,0,79,0,83,99,0,77,0,0,0,90,79,95,0,97,95,0,0,0,0,0,0,0,0,95,111,83,10,0,0,88,0,0,100,99,0,0,0,0,129,0,155,120,65,70,88,93,123,0,0,47,63,88,0,0,0,180,60,17,0,178,93,111,0,0,129,0,123,61,136,164,93,0,208,97,40,77,129,253,0,0,0,46,67,86,221,157,0,154,1,6
0,0,0,0,0,0,0,0,136,0,0,109,0,145,118,0,91,0,0,0,103,63,0,0,0,118,0,0,0,0,0,0,0,0,100,54,0,0,0,0,200,0,0,145,97,0,0,0,0,160,0,157,109,0,163,103,63,0,0,0,15,182,3,0,0,0,197,197,0,0,209,78,0,0,0,88,0,85,209,94,72,36,0,206,0,255,185,115,75,0,0,0,227,139,75,176,106,0,151,15,3
0,0,0,0,0,0,0,148,124,0,0,145,0,124,130,0,127,0,0,0,153,119,189,96,140,148,109,0,0,0,0,0,0,0,148,187,15,26,0,0,158,0,0,148,143,0,0,0,0,169,0,171,150,5,145,148,192,0,0,0,0,148,96,0,0,0,85,148,2,0,101,192,0,0,0,169,0,169,150,166,169,148,0,163,0,0,153,171,158,0,0,0,0,163,195,200,208,0,57,127,3
0,0,39,0,0,0,0,0,0,139,0,176,0,0,1,0,185,207,0,0,1,189,194,180,0,168,181,0,0,0,0,0,0,0,126,134,166,171,0,0,0,176,0,0,139,0,0,146,0,0,146,0,86,1,73,125,109,102,137,0,0,76,139,136,26,1,68,56,147,156,53,121,173,177,74,125,0,131,123,133,140,164,109,131,175,149,144,142,146,0,0,104,128,141,171,172,255,0,168,2,9
0,0,0,0,0,0,0,0,0,0,0,0,0,0,0,0,0,0,0,0,0,22,0,0,0,66,0,125,0,0,0,0,206,0,192,134,215,222,208,0,3,221,191,0,187,0,1,223,255,126,195,47,108,120,107,180,200,237,170,12,179,171,212,171,205,29,186,188,242,234,86,96,88,63,62,50,0,66,0,0,0,0,0,0,0,0,0,0,0,0,0,0,0,0,0,0,0,0,0,0,7
0,0,0,0,0,0,0,0,0,0,0,0,0,0,0,0,0,0,0,0,0,0,0,0,0,0,3,0,0,0,0,0,197,2,134,155,197,203,108,0,0,151,0,199,9,0,46,251,0,179,0,214,104,234,203,229,174,203,75,94,140,175,181,196,219,192,202,193,169,209,216,25,226,194,0,98,0,0,0,0,0,0,0,0,0,0,0,0,0,0,0,0,0,0,0,0,0,0,0,0,5
0,0,0,0,0,0,0,106,170,0,0,187,0,214,200,0,166,0,0,4,172,173,180,200,209,214,185,0,0,145,185,0,0,0,166,182,204,188,0,0,161,0,0,202,172,0,227,0,0,190,0,186,177,211,175,187,192,202,0,0,199,167,177,210,0,0,206,177,162,214,175,182,199,104,0,211,0,0,0,0,0,0,0,2,223,0,0,0,0,0,0,191,0,0,0,0,0,0,0,0,4
0,0,0,0,0,0,0,0,0,0,0,0,0,0,0,0,0,0,0,0,0,0,0,0,0,0,0,0,0,0,0,0,1,0,178,167,162,0,144,0,39,0,22,158,2,1,0,173,211,120,65,177,90,121,177,180,198,200,186,21,191,207,178,211,138,51,0,2,0,0,97,28,133,139,0,42,0,0,0,0,0,0,0,0,0,0,0,0,0,0,0,0,0,0,0,0,0,0,0,0,7
0,0,0,0,0,0,0,195,193,0,0,194,0,200,194,0,191,0,0,0,205,203,212,0,230,204,0,0,0,0,0,0,0,0,214,219,177,66,0,0,242,0,0,196,200,0,0,0,0,235,0,214,208,0,206,208,226,0,0,0,0,202,0,0,0,0,204,204,2,0,200,191,0,0,0,207,0,207,205,206,225,0,0,221,2,0,206,209,207,0,0,0,0,205,50,244,87,0,120,18,3
0,0,0,0,0,0,0,0,0,46,30,153,3,0,5,0,0,219,2,0,188,198,210,35,0,208,0,0,0,1,0,0,157,0,128,228,183,0,156,1,204,158,141,145,240,0,0,200,187,57,187,111,0,2,147,0,0,255,171,0,26,148,193,170,154,0,0,105,0,182,0,79,0,179,0,0,1,0,0,0,0,0,1,0,0,18,78,143,0,125,28,151,166,147,0,0,0,0,0,0,5
0,0,0,0,0,0,0,227,251,88,0,216,0,229,228,0,226,229,0,242,228,227,229,231,228,226,237,0,0,229,239,0,247,0,232,233,231,222,241,0,235,230,40,232,232,0,68,107,0,232,0,231,232,0,233,232,234,255,0,0,251,233,231,0,0,0,234,233,45,0,227,236,252,3,0,231,0,233,233,234,233,234,0,232,230,231,234,233,236,0,0,91,226,232,232,244,244,0,203,196,0
0,0,0,0,0,0,0,40,197,0,0,196,0,181,186,0,181,27,0,69,176,181,183,209,180,173,213,0,0,144,211,0,0,0,180,182,189,208,0,0,187,0,0,187,183,0,202,0,0,189,0,188,180,227,191,185,193,207,0,0,181,188,193,236,0,0,175,189,195,234,182,190,202,87,0,182,0,183,183,182,189,198,0,193,150,198,186,188,188,0,0,159,221,206,206,137,76,0,0,0,2
0,0,0,0,0,0,0,0,0,0,0,0,0,0,0,0,0,55,0,0,0,0,0,0,0,58,0,0,0,0,0,0,0,1,73,47,88,78,0,0,3,0,6,0,7,1,0,177,94,232,125,48,4,88,0,176,136,168,130,17,234,0,111,176,163,121,4,69,155,155,81,0,0,157,102,136,0,118,154,149,3,0,0,40,0,0,0,0,0,0,0,0,0,0,0,0,0,0,0,0,5
0,0,0,0,0,0,0,204,202,0,0,197,0,195,178,0,170,195,0,192,168,218,176,192,174,181,189,0,0,182,187,0,0,0,170,165,177,181,0,0,167,177,0,165,165,0,160,184,0,167,0,163,163,187,172,163,171,177,0,0,151,163,168,194,0,0,194,177,213,193,177,163,168,205,110,167,0,166,172,168,161,206,0,173,133,231,176,174,182,0,0,155,202,171,179,188,186,38,22,0,2
0,0,0,0,0,0,0,177,170,187,192,215,102,222,219,46,227,228,110,0,228,226,224,226,217,226,232,255,38,0,208,0,229,118,223,223,232,223,217,1,227,225,254,222,219,1,36,242,250,143,143,0,0,4,2,7,79,7,2,0,0,0,0,0,0,0,1,0,0,0,0,140,0,0,0,0,0,0,0,0,149,55,0,0,0,0,0,0,152,0,0,0,0,0,148,3,17,0,0,0,8
0,0,0,0,0,0,137,33,27,68,72,136,108,123,129,112,102,162,192,104,97,103,108,128,109,103,126,227,204,110,109,130,124,152,110,109,112,117,125,182,104,117,179,114,126,24,126,118,224,129,128,136,137,117,140,141,139,134,137,139,137,145,139,140,252,2,141,146,147,147,137,142,141,144,194,147,102,153,155,150,151,153,121,162,160,165,168,173,162,213,0,163,160,146,158,214,184,77,94,174,8
0,0,0,0,0,0,0,9,141,0,0,89,0,101,122,0,137,0,0,0,72,48,0,0,0,139,0,0,0,0,0,0,0,0,64,48,0,0,0,0,141,0,0,52,235,0,0,0,0,163,0,158,129,0,84,194,60,0,0,0,0,122,0,0,0,0,0,163,0,0,0,36,0,0,0,134,0,122,161,127,146,0,0,185,0,0,168,115,202,0,0,0,0,122,0,0,0,0,0,0,1
0,0,0,0,0,0,0,35,26,0,0,25,0,28,26,0,25,26,0,48,29,26,63,80,128,57,75,0,0,87,102,0,0,0,66,50,73,46,0,0,68,16,0,68,64,0,106,28,0,71,0,72,72,138,71,66,49,160,0,0,49,72,41,87,0,0,87,71,141,83,83,80,73,51,0,70,0,71,64,61,59,79,0,83,126,0,49,55,25,0,0,150,0,0,0,65,2,0,19,2,2
0,0,0,0,0,0,0,0,0,0,0,0,0,0,0,0,0,10,0,0,0,168,181,224,0,0,190,26,0,0,0,0,171,0,117,217,175,178,216,0,1,189,70,5,156,0,0,182,130,0,205,49,144,27,147,160,193,190,197,0,136,114,202,205,229,133,156,175,208,215,184,214,220,218,209,192,0,222,239,212,0,153,1,0,0,0,0,0,0,0,0,0,0,0,0,0,0,0,0,0,9
0,0,0,0,0,0,0,0,0,194,0,197,0,0,113,0,215,239,0,0,0,255,241,229,0,0,244,0,0,0,0,0,3,1,225,222,225,163,8,0,0,3,0,0,200,0,0,69,214,0,186,0,0,2,190,220,220,238,192,0,0,138,238,0,128,0,218,130,0,0,35,213,0,0,0,228,1,236,220,229,0,0,97,212,0,206,218,218,0,0,0,235,255,236,0,6,0,0,0,0,5
0,0,0,0,0,0,0,131,88,0,0,108,0,91,101,0,100,118,0,49,95,90,146,84,98,97,153,0,0,80,119,0,0,0,98,108,90,173,0,0,98,118,0,104,101,0,112,108,0,108,0,105,97,226,101,101,105,100,0,0,73,105,63,133,0,0,87,104,198,139,107,102,0,115,0,98,0,101,100,101,98,107,0,98,19,8,98,100,98,0,0,211,33,125,119,21,14,0,0,0,2
0,0,0,0,0,0,0,61,53,71,0,56,0,58,53,0,51,71,0,40,51,45,45,73,71,45,76,0,0,68,17,0,109,0,48,53,63,211,2,0,79,0,0,68,71,0,2,0,0,81,0,81,66,5,63,91,66,89,0,0,150,61,58,0,0,0,66,63,0,0,89,56,79,0,0,73,0,73,71,76,45,61,0,89,94,132,66,71,122,0,0,0,122,81,66,91,71,0,84,40,0
0,0,0,0,0,0,0,0,224,0,0,0,0,134,0,0,0,0,0,0,0,0,181,0,0,0,0,0,1,0,0,0,0,0,196,198,200,201,238,0,223,203,160,200,219,0,212,213,101,218,255,227,213,211,208,209,219,226,246,0,212,210,223,220,32,215,211,212,226,224,212,223,233,218,81,214,0,215,217,217,221,226,0,220,224,221,225,225,226,0,0,231,234,231,212,236,255,137,216,60,8
0,0,0,0,0,0,0,0,0,0,0,0,0,0,0,0,0,0,0,0,0,0,0,0,0,0,0,0,0,0,0,0,0,0,0,0,0,0,23,0,40,27,36,0,27,0,52,27,45,189,4,83,91,0,0,0,200,200,197,26,51,52,199,217,255,0,25,32,140,130,0,0,0,0,0,0,0,0,0,0,0,0,0,0,0,0,0,0,0,0,0,0,0,0,0,0,0,0,0,0,7
0,0,0,0,0,0,0,15,172,0,0,0,0,0,15,0,33,30,0,0,103,180,149,139,115,0,180,0,0,0,72,0,0,0,46,41,103,92,0,0,74,7,0,100,43,0,30,54,0,66,0,54,103,72,51,108,82,221,0,0,203,66,51,61,0,0,12,92,185,92,118,72,242,95,0,74,0,105,69,79,85,123,0,97,97,61,118,144,170,0,0,59,206,59,72,0,0,0,0,2,4
0,0,0,0,0,0,0,0,0,0,0,0,0,0,0,0,0,0,0,0,3,0,3,0,0,8,143,0,0,0,0,0,255,1,132,97,241,43,0,0,0,0,41,62,0,0,0,181,171,0,164,0,103,82,0,195,143,130,157,90,178,0,176,183,139,165,169,155,153,158,125,136,162,153,178,190,0,146,155,150,150,162,0,0,0,0,0,0,0,0,0,0,0,0,0,0,0,0,0,0,5
0,0,0,0,0,0,0,0,0,0,0,0,0,0,0,0,0,0,0,0,0,0,0,0,0,0,0,0,0,0,0,0,66,0,161,181,0,0,184,0,76,183,84,173,162,0,35,224,191,161,171,184,184,179,150,202,223,195,138,42,179,162,128,144,165,15,140,144,184,177,55,38,33,27,0,0,0,0,0,0,0,0,0,0,0,0,0,0,0,0,0,0,0,0,0,0,0,0,0,0,7
0,0,0,0,0,0,0,132,203,0,0,123,0,131,116,0,138,148,0,73,128,125,128,129,157,141,141,0,0,173,129,0,0,0,130,131,110,160,0,0,136,158,0,128,139,0,157,163,0,124,0,122,133,88,133,139,115,157,0,0,186,138,125,168,0,0,133,141,100,169,139,155,148,151,0,138,0,129,190,174,198,197,0,215,221,228,217,184,163,0,0,186,224,198,182,0,0,0,0,0,4
0,0,0,0,0,0,0,8,35,0,0,58,0,13,0,0,7,151,0,0,8,11,0,209,7,0,246,0,0,0,214,0,0,0,0,0,244,225,0,0,231,86,0,252,232,0,147,134,0,219,0,229,223,240,212,221,237,235,0,0,177,165,178,243,0,0,255,232,254,234,232,171,155,254,0,219,0,221,224,225,223,242,0,213,23,120,230,230,230,0,0,249,55,229,221,0,0,0,0,0,4
0,0,0,0,0,0,0,0,0,0,0,0,0,0,0,0,0,0,0,0,0,0,0,0,0,0,0,0,0,0,0,0,0,0,0,0,0,0,0,0,18,0,0,141,163,0,193,0,0,0,0,26,49,106,153,162,112,111,111,0,32,28,42,30,27,0,0,0,0,0,0,0,0,0,0,0,0,0,0,0,0,0,0,0,0,0,0,0,0,0,0,0,0,0,0,0,0,0,0,0,5
0,0,0,0,0,0,0,0,0,0,0,0,0,0,0,0,0,0,0,0,0,0,0,0,0,0,0,1,0,0,0,0,2,0,94,151,88,46,0,0,0,0,1,47,0,2,25,8,0,6,150,34,44,108,148,99,47,96,200,36,84,67,255,255,216,255,120,177,229,229,255,255,255,255,0,156,0,0,0,0,0,0,0,0,0,0,0,0,0,0,0,0,0,0,0,0,0,0,0,0,5
0,0,0,0,0,0,0,0,199,0,0,187,0,179,196,0,144,0,0,0,180,163,0,0,0,177,0,0,0,0,0,0,0,0,111,147,0,0,0,0,181,0,0,120,245,0,0,0,0,94,0,36,190,0,150,214,0,0,0,0,0,150,0,0,0,0,0,156,0,0,0,0,0,0,0,190,0,196,199,200,166,0,0,0,0,0,165,214,225,0,0,0,0,216,0,36,0,0,12,0,1
0,0,0,0,0,0,0,0,0,0,0,0,0,0,0,0,0,0,0,0,1,17,0,0,0,248,0,0,0,0,0,0,215,0,220,246,159,198,198,0,0,212,9,0,224,0,0,187,24,4,250,0,148,0,170,198,188,215,213,0,168,46,216,210,247,106,67,154,255,255,95,179,178,177,229,239,0,216,194,190,0,0,0,0,0,0,0,0,0,0,0,0,0,0,0,0,0,0,0,0,9
0,0,0,0,0,0,0,0,0,0,0,0,0,0,0,0,0,0,0,0,0,0,0,0,0,0,0,0,0,0,0,0,9,0,72,77,0,0,39,0,39,53,2,65,67,0,9,98,72,65,86,58,189,53,79,86,86,81,88,7,65,79,86,79,95,4,93,95,93,102,23,25,25,16,0,0,0,0,0,0,0,0,0,0,0,0,0,0,0,0,0,0,0,0,0,0,0,0,0,0,7
0,0,0,0,0,0,0,0,0,0,0,0,0,0,0,0,115,0,0,0,0,236,195,38,0,196,245,202,0,0,0,0,214,0,172,167,181,176,169,0,0,203,253,0,201,0,0,200,225,121,185,228,195,210,199,194,205,162,203,0,190,198,220,242,196,152,193,199,133,106,197,232,0,208,212,209,0,191,181,203,0,0,0,0,0,0,0,0,0,0,0,0,0,0,0,0,0,0,0,0,9
0,0,0,0,0,0,0,0,0,26,0,0,0,0,0,0,2,212,0,0,0,0,0,246,0,0,194,0,0,0,0,0,27,128,0,0,240,255,236,0,0,247,244,0,0,0,0,255,255,0,225,3,0,0,0,79,7,0,224,2,81,37,0,191,255,10,248,194,0,186,218,0,0,236,199,217,110,217,227,228,0,0,224,226,0,215,205,230,2,252,0,255,241,255,0,0,0,0,0,0,5
0,0,0,0,0,0,0,141,230,1,0,232,0,245,241,0,238,170,0,13,233,235,230,227,226,240,218,0,0,107,238,0,0,0,224,221,232,215,0,0,221,183,0,224,229,0,253,252,0,223,0,233,221,242,226,230,218,193,0,0,213,223,215,210,0,0,224,221,245,220,234,228,235,249,0,201,0,0,0,0,0,0,0,1,0,0,0,0,0,0,0,215,0,0,0,0,0,0,0,0,4
0,0,0,0,0,0,0,0,0,0,0,0,0,0,0,0,0,0,0,0,0,0,0,0,0,0,0,0,0,0,0,0,0,0,0,0,0,0,0,0,30,0,0,40,91,5,78,2,2,0,0,68,74,221,221,224,204,216,207,6,148,127,150,178,190,0,0,0,0,0,0,0,0,0,0,0,0,0,0,0,0,0,0,0,0,0,0,0,0,0,0,0,0,0,0,0,0,0,0,0,5
0,0,0,0,0,0,0,0,0,0,0,0,0,0,0,0,0,0,0,0,0,0,0,0,0,0,0,0,0,0,0,0,49,0,23,0,0,16,164,0,1,149,128,0,119,0,0,0,180,64,210,0,255,82,60,7,0,0,140,71,183,135,187,219,226,42,108,105,121,94,0,0,0,0,0,0,0,0,0,0,0,0,0,0,0,0,0,0,0,0,0,0,0,0,0,0,0,0,0,0,5
0,0,0,0,0,0,0,175,232,0,0,229,0,224,235,0,223,0,0,0,226,216,217,248,219,229,255,0,0,68,255,0,0,0,215,218,225,206,0,0,218,0,0,216,230,0,255,49,0,227,0,231,233,249,218,233,210,248,0,0,215,220,204,247,0,0,231,221,229,242,248,223,250,192,0,239,0,220,0,0,0,0,0,0,179,0,0,0,1,0,0,255,0,0,4,0,5,0,0,0,4
0,0,0,0,0,0,0,192,157,0,0,117,0,121,84,0,124,0,0,23,104,113,141,148,104,89,135,0,0,95,111,0,0,0,67,62,126,126,0,0,82,0,0,58,66,0,0,0,0,86,0,89,66,0,60,71,102,31,0,0,119,64,126,1,0,0,132,67,0,1,135,117,99,0,0,84,0,89,77,89,108,130,0,166,122,132,86,97,93,0,0,0,119,102,165,104,130,0,110,0,6
0,0,0,0,0,0,0,78,172,0,0,161,0,148,172,0,163,0,0,0,137,147,106,0,0,233,0,0,0,0,0,0,0,0,149,144,11,0,0,0,187,0,0,156,238,0,0,0,0,84,0,63,155,0,168,168,64,0,0,0,0,180,0,0,0,0,0,189,0,0,0,100,0,0,0,196,0,198,189,201,176,0,0,0,0,0,130,211,226,0,0,0,0,215,0,187,0,0,58,0,1
0,0,0,0,0,0,0,0,152,0,0,142,0,166,175,0,139,2,0,0,170,107,128,0,144,117,5,0,0,0,0,0,0,0,111,102,152,105,0,0,140,0,0,121,111,0,0,0,0,153,0,166,119,140,103,118,170,132,0,0,82,106,87,37,0,0,142,105,142,140,154,128,119,0,0,103,0,107,102,124,115,145,0,144,66,47,114,110,101,0,0,0,0,105,133,149,227,0,83,139,4
0,0,0,0,0,0,0,1,2,0,0,2,0,0,0,0,154,0,0,0,153,8,4,0,1,0,1,9,1,0,0,0,0,0,141,211,170,225,194,7,217,196,9,161,152,13,207,224,0,202,8,214,203,232,232,225,222,214,0,144,174,237,211,230,0,104,207,187,158,173,210,205,226,166,4,187,0,189,196,188,180,250,111,199,188,248,205,194,185,0,0,195,205,185,170,0,0,0,0,0,8
0,0,0,0,0,0,0,0,255,0,0,67,0,235,197,0,226,0,0,0,177,222,217,0,165,228,0,0,0,0,0,0,0,0,217,220,0,0,0,0,236,0,0,218,219,0,0,0,0,231,0,233,222,4,218,222,27,2,0,0,0,220,0,0,0,0,203,220,0,0,226,204,0,0,0,228,0,227,227,228,221,0,0,221,0,68,226,228,222,0,0,0,9,223,203,246,222,0,170,131,3
0,0,0,0,0,0,0,0,0,0,0,0,0,0,0,0,0,0,0,0,0,0,0,0,0,0,0,0,0,0,0,0,0,0,64,0,0,5,1,0,0,0,137,61,174,0,0,187,233,189,185,190,187,184,177,184,198,206,202,6,233,230,228,201,128,14,115,116,0,0,0,0,0,0,0,0,0,0,0,0,0,0,0,0,0,0,0,0,0,0,0,0,0,0,0,0,0,0,0,0,7
0,0,0,0,0,0,0,0,0,0,0,204,1,0,4,0,171,180,4,0,1,224,213,170,1,134,157,0,0,0,0,0,181,0,116,200,187,140,167,0,2,158,25,0,140,0,0,69,181,0,156,0,197,2,154,232,201,188,161,0,0,98,163,57,173,0,159,152,38,203,45,124,175,136,88,202,0,168,208,194,0,2,160,228,0,195,178,181,0,217,0,0,0,19,0,0,0,0,0,0,9
0,0,0,0,0,0,0,83,132,0,0,150,0,130,122,0,169,0,0,0,142,124,149,0,0,207,0,0,0,0,0,0,0,0,155,107,124,0,0,0,146,0,0,122,96,0,0,0,0,182,0,182,200,0,116,17,181,0,0,0,0,136,120,0,0,0,97,137,0,0,89,157,0,0,0,190,0,187,134,175,146,109,0,198,0,0,145,155,151,0,0,0,0,147,158,0,165,0,0,145,1
0,0,136,0,0,0,0,0,0,213,88,226,0,0,31,0,225,215,0,0,59,237,215,224,0,199,233,0,0,0,0,0,0,0,233,233,227,226,0,0,3,223,0,0,230,0,0,201,0,0,236,0,225,0,190,204,219,215,243,0,1,239,224,200,78,0,0,234,169,206,9,199,235,212,4,199,0,219,221,224,244,0,163,213,0,203,203,214,81,9,0,220,221,220,0,252,0,0,11,0,9
0,0,0,0,0,0,0,0,0,0,0,0,0,0,0,0,0,0,0,0,0,163,0,0,0,0,83,0,0,0,0,0,197,0,222,203,224,226,220,0,0,232,40,1,226,0,0,214,131,0,217,80,176,80,161,214,215,225,192,0,161,197,218,234,161,148,161,168,255,230,185,220,165,147,77,209,2,125,0,0,0,0,0,0,0,0,0,0,0,0,0,0,0,0,0,0,0,0,0,0,9
0,0,18,0,44,0,11,43,33,74,12,47,0,38,88,0,44,59,0,15,86,55,46,35,95,51,107,0,53,194,143,0,2,0,83,107,0,103,0,0,44,73,0,30,14,0,188,73,0,187,0,18,20,55,53,155,49,18,0,0,52,62,51,120,0,0,56,73,81,137,58,61,56,3,0,40,0,39,95,29,32,66,0,53,50,59,80,63,242,0,0,84,59,60,32,80,80,0,66,19,6
0,0,0,0,0,0,0,0,0,0,0,0,0,0,0,0,0,0,0,0,0,0,0,0,0,0,0,0,0,0,0,0,3,0,223,103,0,0,0,0,49,0,107,216,226,0,0,235,231,219,220,215,222,222,255,255,247,231,219,0,56,75,13,7,19,0,27,23,32,34,0,0,0,0,0,0,0,0,0,0,0,0,0,0,0,0,0,0,0,0,0,0,0,0,0,0,0,0,0,0,7
0,0,0,0,0,0,0,0,0,0,0,0,0,0,0,0,0,0,0,0,0,0,0,0,0,0,0,0,0,0,0,0,0,0,16,0,0,0,53,0,91,113,7,0,0,0,0,0,0,1,1,3,0,0,0,0,40,0,0,20,99,174,185,214,255,67,111,86,121,119,0,0,0,0,0,0,0,0,0,0,0,0,0,0,0,0,0,0,0,0,0,0,0,0,0,0,0,0,0,0,5
0,0,0,0,0,0,0,4,41,0,0,0,0,138,0,0,4,6,0,0,12,0,204,0,0,0,0,0,4,0,1,0,1,0,0,0,232,66,0,0,191,184,0,163,174,0,198,152,0,175,206,204,194,208,200,204,207,219,224,0,208,210,211,219,97,0,210,208,221,218,213,218,218,222,110,212,0,217,218,219,187,219,0,216,219,235,230,231,221,53,0,226,230,227,238,255,134,0,17,0,8
0,0,0,0,0,0,0,122,98,0,0,128,0,124,119,0,118,111,0,0,128,132,204,149,197,131,153,0,0,25,167,0,0,0,135,130,17,213,0,0,167,71,0,125,130,0,101,112,0,143,0,134,150,226,147,132,140,0,0,0,0,153,161,178,0,0,161,158,197,181,164,140,13,100,0,148,0,146,170,148,131,164,0,136,83,95,167,142,123,0,0,2,106,147,137,143,126,0,131,95,3
0,0,0,0,0,0,0,154,212,0,3,180,0,132,155,0,125,157,0,194,141,130,143,147,167,141,155,0,0,179,202,0,67,0,152,150,156,173,0,0,163,148,0,165,161,0,159,139,0,162,85,162,163,104,166,162,146,145,129,0,205,165,145,229,24,101,163,166,178,218,167,154,146,193,207,165,0,166,167,171,159,142,0,167,148,141,163,151,171,1,0,179,148,150,128,212,175,0,45,28,6
0,0,0,0,0,1,0,0,0,0,0,145,0,0,0,0,130,211,0,0,0,207,197,209,0,0,204,84,0,0,0,0,195,0,215,176,213,206,224,0,0,183,0,1,167,0,0,194,0,0,159,0,0,0,16,198,213,207,207,0,0,147,208,201,3,0,110,146,209,211,159,207,203,205,0,196,0,181,230,226,201,209,170,198,191,171,198,202,196,216,25,222,199,196,198,199,196,0,0,0,9
0,0,0,0,0,0,0,80,150,0,0,160,0,115,120,0,70,0,0,0,75,140,0,0,0,100,0,0,0,0,0,0,0,0,95,155,0,0,0,0,130,0,0,65,70,0,0,0,0,150,0,105,75,0,85,80,90,0,0,0,60,85,115,0,0,0,110,85,0,0,80,50,10,0,0,85,0,90,95,90,115,100,0,75,95,130,105,95,85,0,0,0,115,90,95,75,110,0,95,80,3
0,0,0,0,0,0,0,170,161,0,0,186,0,250,155,0,223,0,0,0,199,234,229,153,211,246,241,0,0,75,235,0,0,0,216,218,216,229,0,0,219,0,0,219,220,0,254,0,0,218,0,219,218,226,218,219,219,229,0,0,223,218,221,255,0,0,216,218,208,255,218,219,228,104,0,220,0,220,216,222,218,232,0,228,226,157,218,213,218,0,0,202,97,240,158,59,10,0,0,0,4
0,0,0,0,0,0,0,86,214,0,0,195,0,194,194,0,194,208,0,217,198,203,195,190,187,200,190,0,0,206,194,0,0,0,182,181,178,232,0,0,196,0,0,191,193,0,0,0,0,238,0,207,193,0,188,192,202,0,0,0,0,183,195,0,0,0,204,188,0,2,190,189,54,2,0,192,0,196,199,197,200,201,0,196,182,177,196,200,201,0,0,0,174,190,196,239,207,0,90,51,0
0,0,0,0,0,0,0,0,0,237,247,157,0,0,0,0,0,142,0,0,0,10,254,159,0,0,255,0,0,0,0,0,0,0,227,226,0,0,0,0,0,163,0,0,0,0,0,0,0,0,238,0,0,0,0,0,0,0,233,0,0,0,0,227,113,0,3,0,242,232,0,0,227,71,1,0,0,1,233,184,52,90,0,196,85,212,236,241,90,0,0,252,248,187,89,113,141,51,31,5,5
0,0,0,0,0,0,0,0,0,0,0,0,0,0,0,0,2,0,0,0,0,0,85,0,0,0,0,0,0,0,0,0,0,12,198,204,199,0,201,0,0,0,213,0,220,0,0,217,174,165,235,194,158,173,177,203,209,218,202,70,142,184,198,198,224,189,184,185,196,202,193,244,253,251,48,236,1,49,6,14,21,81,0,0,0,0,0,0,0,0,0,0,0,0,0,0,0,0,0,0,7
0,0,0,0,1,0,1,163,177,73,2,106,0,153,131,0,61,91,1,157,31,0,91,75,181,120,71,0,0,127,233,0,80,0,108,53,83,54,67,0,156,153,41,68,103,0,184,187,63,17,73,143,27,131,8,12,22,48,75,0,184,94,25,0,68,30,173,128,83,4,181,53,51,0,116,123,0,113,117,117,87,64,163,130,51,184,118,108,87,104,0,48,189,120,88,134,107,27,11,10,2
0,0,0,0,0,0,0,0,0,0,0,0,0,0,0,0,82,119,0,211,234,227,222,215,170,169,176,229,184,189,187,0,167,0,182,188,182,178,190,20,210,173,0,200,185,254,211,164,0,209,186,190,177,189,192,207,185,183,157,118,200,199,194,189,0,209,185,185,187,185,200,194,191,186,179,208,0,255,109,109,128,139,0,0,0,0,0,0,0,0,0,0,0,0,0,0,0,0,0,0,8
0,0,0,0,0,0,0,0,1,4,0,187,77,4,0,0,191,198,85,0,0,199,211,217,1,181,201,0,0,0,0,0,145,0,193,199,203,197,154,0,0,203,2,17,181,0,0,177,0,0,130,51,145,1,125,212,182,188,158,0,0,158,192,189,0,1,161,163,203,203,136,228,209,183,61,149,26,180,181,178,0,0,204,149,72,216,198,220,6,0,0,13,90,35,6,0,0,0,0,0,9
0,0,0,0,0,0,0,0,67,0,0,17,0,17,27,0,0,0,0,0,166,25,36,0,0,123,0,0,0,0,0,0,0,0,225,229,0,0,0,0,182,0,0,46,50,0,0,0,0,58,0,26,10,0,1,0,15,0,0,0,5,37,0,0,0,0,191,163,0,0,146,164,0,0,0,206,0,238,245,246,237,37,0,125,0,12,15,15,10,0,0,0,30,68,53,28,18,0,14,7,3
0,0,0,0,0,0,0,239,49,0,0,176,0,104,68,0,122,187,0,27,51,42,135,75,130,86,66,0,0,53,166,0,0,0,126,89,129,100,0,0,67,0,0,79,57,0,114,117,0,184,0,121,135,115,175,0,155,221,0,0,118,102,93,121,0,0,0,161,165,15,192,107,104,102,0,0,0,20,132,37,168,137,0,114,59,124,118,16,20,0,0,130,150,71,133,0,164,0,0,103,1
0,0,0,0,0,0,0,182,138,0,0,130,0,117,139,0,131,150,0,178,153,128,131,147,139,145,167,0,0,143,184,0,0,0,132,129,121,206,0,0,145,122,0,129,136,0,152,144,0,146,0,137,175,173,147,181,151,133,0,0,129,150,114,161,0,0,133,143,239,155,139,155,10,152,56,169,0,173,143,164,138,154,0,137,0,21,18,21,28,0,0,126,0,0,0,3,1,53,0,0,4
0,0,0,0,0,0,0,0,0,0,0,0,0,0,0,0,0,0,0,0,0,0,0,0,0,0,0,0,0,0,0,0,38,0,196,224,0,2,255,0,0,42,187,255,198,2,0,218,237,205,204,202,208,200,254,255,254,233,108,21,5,16,1,0,0,26,16,15,61,55,29,29,23,11,0,0,0,0,0,0,0,0,0,0,0,0,0,0,0,0,0,0,0,0,0,0,0,0,0,0,7
0,0,124,0,0,0,0,0,0,191,191,171,0,0,0,0,80,197,2,0,0,165,170,191,0,0,195,0,0,0,0,0,90,0,141,163,171,194,0,0,0,187,1,0,3,0,0,192,0,0,16,0,1,0,4,157,163,191,205,0,0,0,191,192,213,0,0,0,192,188,0,184,186,178,4,137,0,162,165,164,187,183,151,169,207,170,173,176,212,219,0,171,156,170,0,255,0,0,29,0,9
0,0,0,0,0,0,0,34,206,0,0,224,0,212,205,0,181,29,0,128,211,195,196,218,216,215,210,0,0,193,212,0,0,0,207,200,208,204,0,0,190,0,0,181,195,0,210,30,0,197,0,182,192,211,176,191,213,225,0,0,83,203,57,209,0,0,251,193,212,205,247,248,153,116,0,194,0,214,201,214,195,156,0,170,0,197,207,218,210,0,0,194,192,209,212,217,251,0,159,33,6
0,0,0,0,0,0,0,92,108,99,97,225,0,208,198,139,202,255,0,221,205,205,210,208,203,201,198,73,0,219,205,127,0,0,202,201,200,199,102,54,218,27,72,240,200,163,217,34,53,198,110,0,75,223,112,185,147,213,120,55,79,106,207,255,34,152,133,146,208,224,234,227,222,16,0,203,112,205,201,199,208,212,0,212,206,195,200,209,203,0,0,225,248,255,255,44,55,0,0,0,8
0,0,0,0,0,0,0,6,124,0,0,116,0,136,0,0,0,0,0,0,0,109,0,0,0,7,0,0,0,0,0,0,0,0,0,54,0,0,0,0,39,0,0,0,0,0,0,0,0,203,0,194,161,201,207,216,236,218,0,0,202,209,216,206,0,0,230,213,222,232,225,236,232,5,0,232,0,223,223,222,225,151,0,229,240,227,228,227,231,0,0,213,227,224,244,226,229,0,203,191,8
0,0,0,0,0,0,0,0,0,0,0,0,0,0,0,0,0,0,0,0,0,0,0,0,0,0,0,0,0,0,0,0,0,0,255,106,0,0,198,0,181,211,106,175,188,72,161,168,205,174,219,151,148,15,32,41,46,43,38,1,25,18,21,18,35,0,41,39,36,39,0,0,0,0,0,0,0,0,0,0,0,0,0,0,0,0,0,0,0,0,0,0,0,0,0,0,0,0,0,0,7
0,0,0,0,0,0,0,0,0,0,0,0,0,0,0,0,0,0,0,0,0,0,0,0,0,0,0,0,0,0,0,0,65,0,170,150,93,78,127,0,0,121,97,0,97,0,0,129,119,93,112,61,82,65,80,99,146,116,127,14,82,95,70,61,57,14,51,48,25,27,0,6,12,21,144,116,0,93,0,0,0,0,0,0,0,0,0,0,0,0,0,0,0,0,0,0,0,0,0,0,7
0,0,0,0,0,0,0,255,185,1,0,253,0,225,224,0,225,231,0,39,224,226,224,217,222,222,221,0,0,106,202,0,0,0,221,221,222,231,0,0,218,199,0,218,219,0,201,222,0,216,0,217,219,242,216,223,223,219,0,0,216,221,223,180,0,0,207,219,246,184,255,255,255,239,0,76,0,0,4,4,3,0,0,3,0,79,0,0,0,0,0,213,55,0,0,0,0,0,0,0,2
0,0,0,0,1,0,0,218,223,1,0,223,0,227,246,0,223,212,0,245,237,225,229,229,226,238,231,0,0,240,236,0,0,0,231,229,224,238,0,0,231,255,0,231,241,0,230,255,0,234,0,233,241,184,230,236,237,159,0,0,254,232,251,224,0,0,229,234,252,224,230,227,124,255,148,247,0,244,232,238,231,248,0,236,90,178,211,226,248,0,0,255,0,0,0,0,0,3,2,1,4
0,0,0,0,0,0,0,226,234,0,1,226,0,229,229,0,229,213,0,73,226,231,244,231,249,230,230,0,0,194,252,0,0,0,232,228,227,239,0,0,232,253,0,233,231,0,244,242,0,234,0,202,233,156,253,232,255,139,0,0,165,147,201,253,0,0,191,220,83,254,254,237,144,244,0,229,0,245,163,133,132,156,0,0,0,0,2,2,3,0,0,224,0,0,0,0,0,0,0,0,2
0,0,0,0,0,0,0,0,0,0,0,0,0,0,0,0,0,0,0,0,0,0,0,0,0,82,0,139,0,0,0,0,109,24,161,157,132,128,137,0,0,130,169,146,160,0,0,177,185,123,176,121,122,0,109,164,163,158,204,0,120,118,64,240,179,0,77,115,38,255,130,0,0,193,152,156,27,189,83,93,0,0,0,0,0,0,0,0,0,0,0,0,0,0,0,0,0,0,0,0,9
0,0,0,0,0,0,0,244,223,0,0,229,0,225,221,0,219,0,0,0,226,227,223,97,232,227,211,0,0,0,222,0,0,0,239,255,104,243,0,0,255,0,0,227,235,0,199,88,0,234,0,229,239,0,245,225,247,0,0,0,177,247,114,4,0,0,243,249,0,0,241,247,0,0,0,236,0,238,249,237,240,255,0,240,0,236,247,239,234,0,0,0,240,235,228,255,242,0,167,52,3
0,0,0,0,0,0,0,0,0,0,0,0,0,0,0,0,40,0,0,0,0,0,1,0,0,101,0,0,0,0,0,0,0,0,183,50,0,0,0,0,0,17,1,0,104,0,0,53,0,53,0,126,95,75,134,189,134,125,46,0,129,130,122,117,0,175,112,130,140,131,192,101,68,56,62,64,0,50,79,82,73,65,0,0,0,0,0,0,0,0,0,0,0,0,0,0,0,0,0,0,7
0,0,0,0,0,0,0,0,0,0,0,0,0,0,0,0,0,0,0,0,0,0,78,3,0,0,0,0,0,0,0,0,0,0,155,196,160,0,0,0,4,0,113,0,206,2,3,255,254,121,202,173,220,194,189,210,209,203,205,0,204,211,253,254,230,0,179,222,115,120,0,0,0,0,28,25,0,29,0,0,0,0,0,0,0,0,0,0,0,0,0,0,0,0,0,0,0,0,0,0,7
0,0,0,0,1,0,0,143,173,0,0,144,0,152,149,0,146,157,0,189,154,146,142,167,158,153,179,0,0,165,204,0,0,0,166,172,138,195,0,0,171,138,0,170,166,0,181,168,0,174,0,175,173,0,169,154,161,0,0,0,215,170,172,184,0,0,180,173,199,189,183,174,0,165,86,181,0,186,181,188,177,182,0,181,0,148,196,195,181,0,0,0,0,108,0,0,0,11,1,0,2
0,0,0,0,0,0,0,113,195,0,0,218,0,213,217,0,220,0,0,0,212,208,152,0,0,255,0,0,0,0,0,0,0,0,213,192,38,0,0,0,228,0,0,186,235,0,0,0,0,174,0,160,204,0,210,255,17,0,0,0,0,221,0,0,0,0,0,230,0,0,0,38,0,0,0,234,0,235,237,230,200,0,0,76,0,0,237,233,250,0,0,0,0,238,0,104,0,0,9,0,1
0,0,0,0,0,0,0,2,192,0,0,165,0,217,205,0,23,0,0,0,201,226,212,190,203,120,200,0,0,0,0,0,0,0,202,203,220,144,0,0,204,10,0,203,205,0,0,85,0,202,0,201,205,200,205,204,255,199,0,0,243,205,0,137,0,0,193,204,252,136,198,243,100,194,0,209,0,207,207,203,212,21,0,217,8,0,74,85,0,0,0,167,0,0,0,4,5,0,0,2,4
0,0,0,0,0,0,0,0,194,0,0,124,0,133,64,0,117,0,0,0,51,77,4,0,0,25,0,0,0,0,0,0,0,0,101,64,4,0,0,0,167,0,0,126,41,0,0,0,0,77,0,121,148,0,21,48,183,0,0,0,5,87,12,0,0,0,130,138,0,0,134,77,0,0,0,240,0,124,197,127,127,88,0,74,0,34,87,181,164,0,0,0,103,255,181,67,166,0,103,34,3
0,0,0,0,0,0,0,0,0,0,0,0,0,0,0,0,73,0,5,0,0,124,56,0,0,59,24,0,0,0,0,0,168,0,143,162,173,246,160,0,0,200,0,0,149,0,2,189,8,59,181,116,143,70,132,149,187,181,165,0,67,86,187,179,119,75,119,132,222,222,162,206,206,181,78,62,0,103,81,81,84,86,0,0,0,0,0,0,0,0,0,0,0,0,0,0,0,0,0,0,7
0,0,0,0,0,0,0,0,6,0,0,0,0,0,75,0,206,0,0,0,188,11,4,0,0,0,0,0,0,0,0,0,0,0,119,232,66,8,0,0,0,0,0,210,33,0,0,0,0,0,0,64,73,35,95,135,230,24,0,0,97,55,53,0,0,0,13,39,13,0,70,37,19,0,0,93,0,232,121,121,44,161,0,159,108,88,255,121,168,0,0,0,241,141,75,97,115,0,64,137,8
0,0,0,0,0,0,0,0,0,0,0,0,0,0,0,0,0,0,0,0,0,65,0,0,0,189,0,0,0,0,0,0,192,1,179,164,95,145,112,0,0,67,0,214,109,6,0,149,64,136,191,171,74,144,184,164,183,112,175,154,197,181,121,173,160,167,172,189,203,207,167,0,160,149,58,38,0,112,0,0,0,0,0,0,0,0,0,0,0,0,0,0,0,0,0,0,0,0,0,0,7
0,0,0,0,0,0,0,0,0,0,0,0,0,0,0,0,3,7,2,0,9,0,0,128,0,254,255,0,0,0,0,0,0,142,206,182,27,255,224,0,49,228,235,192,253,0,0,109,176,0,255,3,4,219,0,253,69,0,255,4,213,0,0,2,0,0,129,254,0,3,100,2,0,0,197,155,0,234,227,230,0,0,0,255,0,45,115,96,0,0,0,0,0,0,0,0,0,0,0,0,5
0,0,0,0,0,0,0,0,0,0,0,0,0,0,0,0,1,0,0,0,0,0,0,0,0,0,0,148,0,0,0,0,66,0,0,0,48,206,0,0,0,0,86,1,0,0,0,63,28,80,62,111,33,85,121,194,54,58,58,0,144,148,60,65,60,70,182,159,62,64,171,58,63,60,26,51,7,59,49,47,69,66,15,85,48,0,0,0,0,0,0,0,0,0,0,0,0,0,0,0,5
0,0,0,0,0,0,0,0,0,0,0,0,0,0,0,0,0,0,0,0,0,0,0,0,0,0,0,0,0,0,0,0,149,0,66,74,103,0,193,2,218,207,208,192,156,183,184,165,228,200,179,203,148,201,216,230,125,134,73,0,234,223,0,0,0,0,1,0,1,0,140,109,153,146,0,0,0,0,0,0,0,0,0,0,0,0,0,0,0,0,0,0,0,0,0,0,0,0,0,0,7
0,0,0,0,0,0,0,0,0,0,0,0,0,0,0,0,0,0,0,0,0,0,0,0,0,0,0,46,0,0,0,0,202,0,0,0,0,0,186,0,0,11,33,0,142,0,0,110,162,0,186,0,177,0,0,0,3,0,137,0,97,0,0,169,177,25,179,0,181,119,156,196,202,177,73,119,0,0,0,0,0,0,0,0,0,0,0,0,0,0,0,0,0,0,0,0,0,0,0,0,5
0,0,0,0,0,0,0,0,0,1,0,245,0,0,0,0,211,230,0,0,0,215,222,207,0,37,223,233,0,0,0,0,236,13,229,208,218,237,233,0,0,229,245,4,220,0,0,238,206,0,198,0,0,1,0,235,254,236,193,0,0,255,222,233,255,0,192,237,230,217,252,227,224,222,255,234,0,181,156,172,233,230,247,186,255,232,206,211,242,147,1,126,215,255,3,107,0,0,0,0,9
0,0,0,0,0,0,0,0,190,0,0,148,0,139,140,0,167,0,0,0,150,140,108,0,0,204,0,0,0,0,0,0,0,0,255,136,100,0,0,0,136,0,0,163,0,0,0,0,0,150,0,166,152,0,177,0,156,0,0,0,0,168,90,0,0,0,0,178,0,0,0,186,0,0,0,189,0,187,178,195,215,59,0,0,0,0,119,210,79,0,0,0,0,209,172,192,164,0,106,103,1
0,0,0,0,0,0,0,0,160,0,0,4,0,0,0,0,0,0,0,0,0,1,0,0,0,3,0,0,1,0,0,0,183,0,202,200,200,216,27,0,124,198,0,156,193,0,163,203,0,133,98,156,206,189,207,192,200,200,140,0,194,188,160,187,0,0,197,193,214,193,199,161,50,198,0,195,0,198,198,198,194,221,173,198,200,196,200,202,207,0,0,207,228,229,198,249,252,60,85,58,8
0,0,0,0,0,0,0,0,0,0,0,0,0,0,0,1,114,137,0,142,141,140,132,153,120,126,131,2,0,137,155,0,124,0,147,143,129,201,5,4,156,164,0,153,145,65,127,152,75,159,142,147,145,224,137,184,229,179,127,54,143,166,114,189,165,0,193,143,34,0,181,236,179,0,0,114,0,122,175,121,163,137,0,49,14,0,0,0,0,0,0,0,0,0,0,0,0,0,0,0,6
0,0,0,0,0,0,0,158,163,0,0,125,0,161,134,0,171,0,0,0,123,140,198,103,194,180,158,0,0,0,212,0,0,0,179,192,213,204,0,0,174,0,0,182,163,0,84,0,0,196,0,151,148,201,184,184,113,198,0,0,175,180,198,55,0,0,117,136,197,90,201,185,189,0,0,135,0,181,147,171,175,187,0,179,0,184,175,150,171,0,0,0,174,149,130,217,200,0,189,88,4
0,0,0,0,0,0,0,0,0,0,0,0,0,0,0,0,0,0,0,0,0,0,0,0,3,0,0,0,0,0,0,0,140,0,195,179,0,0,192,0,150,212,77,142,188,0,3,188,23,202,189,223,194,159,186,158,0,222,202,59,219,230,208,223,158,77,200,207,167,150,145,156,87,63,0,35,0,0,0,0,0,0,0,0,0,0,0,0,0,0,0,0,0,0,0,0,0,0,0,0,7
0,0,1,0,0,0,0,190,177,0,0,202,0,172,185,0,170,184,0,182,186,181,176,204,195,196,216,0,0,175,197,0,176,0,165,172,190,237,189,0,176,233,0,169,185,0,0,0,0,192,0,197,191,181,164,187,174,186,0,0,186,169,210,36,0,0,194,174,197,39,197,171,195,0,0,181,0,176,196,182,189,184,0,184,204,191,190,175,171,0,0,0,223,233,236,143,156,0,109,113,4
0,0,0,0,0,0,1,145,220,2,0,135,0,149,139,0,150,158,0,173,126,146,144,157,163,133,180,0,96,171,216,0,101,0,164,155,144,175,0,0,167,0,0,164,166,0,1,1,0,163,0,168,163,46,170,168,157,92,0,0,173,163,162,0,0,0,168,158,0,0,172,162,141,1,1,175,0,182,166,173,166,154,0,167,168,188,167,177,175,0,0,0,182,170,166,190,172,0,128,64,0
0,0,0,0,0,0,0,0,0,0,0,0,1,1,1,0,125,180,0,0,0,180,202,187,1,140,214,164,0,0,0,0,233,11,0,0,0,0,183,0,27,199,216,170,0,0,0,205,239,173,190,181,173,1,214,221,179,108,193,1,0,209,51,180,223,0,0,51,0,163,6,0,2,208,10,0,2,0,0,41,0,0,132,73,5,180,197,140,1,199,0,55,64,0,0,0,0,0,0,0,5
0,0,2,0,0,0,0,109,220,0,0,220,0,204,217,0,198,154,0,202,184,197,203,209,179,189,205,0,0,208,199,0,0,0,176,192,191,191,0,0,211,173,0,174,209,0,183,233,0,210,0,203,204,208,193,191,206,179,0,0,207,192,221,201,0,0,183,195,214,194,186,210,68,237,121,210,0,203,200,202,213,213,0,219,0,172,218,210,214,0,0,142,0,30,0,0,0,0,0,0,4
0,0,0,0,0,0,0,0,0,0,0,0,0,0,0,0,0,0,0,0,0,0,0,0,0,0,0,0,0,0,0,0,87,0,247,160,76,132,29,0,0,165,94,0,103,0,51,173,0,120,0,105,83,72,156,0,163,131,51,63,92,147,132,183,114,29,138,140,63,103,47,81,83,60,0,32,0,0,0,0,0,0,0,0,0,0,0,0,0,0,0,0,0,0,0,0,0,0,0,0,5
0,0,0,0,0,0,0,83,107,0,0,167,0,86,94,0,109,134,0,168,91,90,136,122,119,108,159,0,0,112,119,0,17,0,92,161,68,115,0,0,105,152,0,118,116,0,125,93,0,100,0,193,173,252,93,185,124,103,7,0,62,94,98,86,0,0,123,120,134,179,113,120,93,174,46,78,0,112,171,118,125,124,0,95,57,154,149,123,125,0,0,191,87,71,112,0,0,69,1,2,6
0,0,0,0,0,0,0,0,0,0,0,0,0,0,0,0,7,0,0,0,212,207,0,0,0,217,5,0,0,0,0,0,0,0,197,185,162,101,1,0,181,0,0,243,255,0,229,0,0,241,1,238,255,255,238,255,235,238,0,1,227,237,239,0,0,0,234,238,255,0,245,233,237,0,0,247,128,233,255,235,166,179,5,106,0,0,0,0,0,0,0,0,0,0,0,0,0,0,0,0,8
0,0,0,0,0,0,0,53,196,0,0,194,0,194,175,0,27,0,0,3,197,211,194,8,209,165,63,0,0,0,0,0,0,0,191,202,190,178,0,0,230,0,0,68,170,0,0,0,0,219,0,222,190,192,172,27,190,197,0,0,80,190,212,216,0,0,152,208,189,123,184,201,202,0,0,210,0,196,222,203,213,196,0,204,193,210,220,209,159,0,0,0,147,214,185,0,190,0,0,51,6
0,0,0,0,1,0,0,161,203,0,0,116,0,164,165,0,120,73,0,179,171,126,145,125,125,142,139,0,0,176,210,0,0,0,130,123,99,133,0,0,133,114,0,166,116,0,178,85,0,156,0,142,140,0,137,116,136,24,0,0,160,128,134,4,0,0,156,118,0,4,155,146,53,0,0,169,0,185,113,168,86,137,0,125,107,211,146,200,161,0,0,0,201,195,114,161,153,0,149,77,6
0,0,0,0,0,0,0,80,224,0,0,219,0,199,202,0,203,110,0,0,201,204,210,221,217,201,229,0,0,51,222,0,0,0,208,215,213,215,0,0,210,14,0,209,210,0,239,60,0,217,0,213,205,246,211,209,231,242,0,0,65,210,122,243,0,0,251,210,238,220,251,239,144,143,0,203,0,203,205,201,202,219,0,203,114,247,202,200,204,0,0,245,175,199,222,216,174,0,42,0,6
0,0,0,0,0,0,0,159,150,0,0,89,0,201,206,0,190,54,0,0,164,142,160,182,164,160,202,0,0,9,191,0,0,0,186,174,181,194,0,0,191,80,0,181,185,0,115,106,0,186,0,187,184,198,189,176,164,200,0,0,241,189,183,201,0,0,200,187,205,197,204,185,149,158,0,190,0,193,191,193,181,172,0,194,98,80,214,212,207,0,0,214,120,209,207,0,1,0,0,0,2
0,0,0,0,0,0,0,0,0,0,0,0,0,0,0,0,3,0,31,0,0,125,0,0,0,55,55,83,0,0,0,0,192,0,179,126,76,66,146,0,0,194,0,3,158,0,0,179,90,5,189,0,171,0,162,99,38,67,181,1,71,138,173,155,228,30,109,110,205,226,113,125,134,151,174,190,35,162,237,243,0,255,0,87,111,0,0,0,0,0,0,0,0,0,0,0,0,0,0,0,9
0,0,0,0,0,0,0,0,189,0,0,169,0,173,199,0,175,0,0,0,148,149,105,0,0,187,0,0,0,0,0,0,0,0,205,170,51,0,0,0,147,0,0,141,154,0,0,0,0,150,0,164,188,0,146,0,138,0,0,0,0,158,24,0,0,0,0,187,0,0,0,194,0,0,0,208,0,202,221,206,210,3,0,0,0,0,192,212,251,0,0,0,0,210,210,227,205,0,173,187,1
0,0,0,0,0,0,0,109,138,0,0,39,0,0,15,0,137,46,0,58,42,24,51,80,147,28,178,0,0,18,226,0,9,0,0,162,0,48,0,0,192,174,0,201,4,0,130,65,0,39,0,66,89,151,133,2,199,41,0,0,79,175,75,39,0,0,97,96,73,1,0,160,128,106,79,5,0,94,151,113,73,87,0,2,63,68,75,255,28,0,0,0,94,110,133,63,45,0,24,25,2
0,0,0,0,0,0,0,0,0,0,0,0,0,0,0,0,0,0,0,0,0,0,0,0,0,0,0,0,0,0,0,0,119,0,147,152,0,0,110,0,47,97,15,203,187,166,78,230,159,118,227,168,116,86,120,180,157,165,148,0,118,115,160,147,205,0,185,195,186,197,119,111,169,141,0,0,0,0,0,0,0,0,0,0,0,0,0,0,0,0,0,0,0,0,0,0,0,0,0,0,5
0,0,0,0,0,0,0,0,0,0,0,0,0,0,0,0,0,0,0,0,0,0,0,0,0,0,0,0,0,0,0,0,80,0,183,201,229,230,246,0,0,219,60,229,230,2,0,240,193,187,241,242,225,210,218,209,187,185,197,41,189,197,246,215,227,149,241,255,121,122,95,22,6,9,3,56,0,0,0,0,0,0,0,0,0,0,0,0,0,0,0,0,0,0,0,0,0,0,0,0,7
0,0,0,0,0,0,0,0,0,0,0,0,0,64,109,0,100,0,0,0,0,0,1,0,5,0,0,0,0,0,0,0,0,0,0,88,0,0,0,0,105,0,0,113,125,0,88,0,0,78,0,119,90,127,123,105,90,156,0,0,147,131,166,70,0,0,121,129,149,98,141,174,172,0,0,162,0,158,166,160,172,168,0,174,182,178,151,151,133,0,0,113,164,141,143,119,123,0,113,111,8
0,0,0,0,0,0,0,0,0,0,0,0,0,69,68,0,146,0,0,0,0,15,1,0,3,0,0,0,0,0,0,0,0,0,0,133,0,0,0,0,75,0,0,0,0,0,0,0,0,0,0,0,6,79,0,0,0,158,0,0,100,60,65,0,0,0,186,196,31,0,199,167,212,0,0,182,0,191,216,210,212,208,0,211,225,212,219,219,218,0,0,187,212,221,221,226,240,0,195,175,8
0,0,0,0,0,0,0,0,0,0,0,0,0,0,0,0,14,4,0,0,0,0,0,0,0,173,145,0,0,0,0,0,229,0,220,217,215,220,242,0,0,235,1,1,209,0,0,170,137,0,225,0,183,1,109,222,197,202,85,0,0,255,210,156,255,6,81,233,236,247,205,216,210,204,195,221,13,246,238,227,153,77,147,255,255,100,130,93,0,3,0,0,0,0,0,0,0,0,0,0,9
0,1,0,0,8,0,0,134,215,37,0,179,0,128,73,0,113,174,0,214,161,178,167,217,168,131,210,0,0,171,189,0,149,0,157,199,205,241,179,0,212,255,0,182,157,0,0,0,0,169,0,175,172,223,188,187,176,219,0,0,193,202,149,0,0,0,149,144,197,0,172,172,206,0,0,174,0,161,222,173,207,167,0,184,141,199,173,147,143,0,0,194,211,160,164,238,202,4,115,128,6
0,0,0,0,0,0,0,92,161,0,0,90,0,83,96,0,96,151,0,156,107,97,116,98,116,117,118,0,0,120,151,0,0,0,118,121,140,56,0,0,126,0,0,108,120,0,1,0,0,118,0,121,165,18,116,121,110,42,0,0,145,121,135,3,0,0,118,126,0,1,120,112,97,0,0,185,0,177,166,167,151,113,0,126,147,121,180,165,178,0,0,0,131,122,87,236,211,0,255,118,0
0,0,75,0,0,0,0,0,2,79,0,79,0,0,0,0,95,146,0,0,6,135,190,188,0,108,186,0,0,0,0,0,0,0,150,157,188,208,0,0,0,0,0,0,164,0,0,0,0,0,0,0,48,0,79,157,168,133,0,0,0,6,108,146,0,0,0,153,146,139,0,102,141,139,0,121,0,133,99,137,108,0,0,55,119,13,95,172,73,0,0,0,0,186,0,113,0,0,93,2,5
0,0,0,0,0,0,0,246,228,0,0,227,0,230,224,0,196,202,0,0,216,213,198,215,206,241,217,0,0,0,255,0,0,0,191,182,254,233,0,0,206,76,0,206,221,0,140,105,0,223,0,216,176,246,179,223,215,179,0,0,234,184,222,228,0,0,216,156,237,230,244,189,242,182,0,222,0,156,0,0,0,0,0,5,0,55,0,0,0,0,0,158,44,0,2,0,0,0,0,0,4
0,0,0,0,0,0,0,0,75,0,0,94,0,124,89,0,91,0,0,0,96,81,0,0,0,135,0,0,0,0,0,0,0,0,91,106,0,0,0,0,135,0,0,136,158,0,0,0,0,150,0,151,101,0,141,160,74,0,0,0,0,145,59,0,0,0,86,143,0,0,106,81,0,0,0,114,0,118,165,121,167,81,0,184,0,0,182,126,145,0,0,0,0,124,89,255,103,0,114,89,3
0,0,0,0,0,0,0,0,0,0,0,0,0,0,0,0,0,0,0,0,0,0,0,0,1,0,0,0,0,0,0,0,157,0,150,153,47,92,205,0,141,173,136,60,183,0,0,123,201,153,203,200,213,153,125,147,180,156,178,58,146,181,200,193,223,163,171,167,172,172,185,180,187,198,61,176,0,0,0,0,0,0,0,0,0,0,0,0,0,0,0,0,0,0,0,0,0,0,0,0,7
0,0,0,0,0,0,0,0,183,1,0,189,0,171,168,0,177,200,0,90,184,176,188,187,175,189,207,0,0,200,179,0,94,0,185,184,166,224,0,0,185,26,0,180,184,0,0,1,0,166,0,168,180,0,180,183,177,156,0,0,138,181,189,0,0,0,175,179,0,0,179,183,158,1,0,179,0,179,180,187,193,197,0,173,196,177,183,187,197,0,0,0,171,181,187,200,197,0,187,164,0
0,0,0,0,0,0,0,0,0,0,0,0,0,0,0,0,0,0,0,0,0,0,0,0,1,0,0,0,0,0,0,0,180,0,202,168,0,0,152,0,47,112,0,239,206,0,0,237,203,85,210,205,151,185,165,125,223,204,188,46,169,213,237,211,188,15,205,234,185,168,3,7,2,0,26,59,0,0,0,0,0,0,0,0,0,0,0,0,0,0,0,0,0,0,0,0,0,0,0,0,7
0,0,0,0,0,0,0,0,0,0,0,0,0,0,0,0,0,0,0,0,0,0,0,0,0,0,0,0,0,0,0,0,0,0,0,77,0,0,113,0,110,177,142,51,211,0,223,112,0,197,7,199,240,222,233,0,240,255,68,32,223,153,0,127,118,52,8,59,209,209,169,98,119,120,0,16,0,0,0,0,0,0,0,0,0,0,0,0,0,0,0,0,0,0,0,0,0,0,0,0,5
0,0,0,0,0,0,0,0,0,0,0,125,0,111,95,0,0,0,0,0,17,28,2,86,7,23,0,0,0,0,57,1,0,0,201,198,221,206,1,1,233,187,0,215,213,0,192,202,0,196,233,197,207,189,204,223,198,207,191,191,210,230,223,204,209,215,219,209,210,205,202,200,192,227,91,196,0,201,190,187,194,201,1,217,221,78,83,102,85,0,0,0,0,0,0,0,0,0,0,0,4
0,0,0,0,0,0,0,0,224,0,0,228,0,235,212,0,212,0,0,0,180,207,0,0,0,230,0,0,0,0,0,0,0,0,195,198,0,0,0,0,48,0,0,242,255,0,0,0,0,0,0,0,205,0,186,217,0,0,0,0,0,179,0,0,0,0,0,175,0,0,0,0,0,0,0,227,0,236,88,240,94,0,0,0,0,0,78,244,236,0,0,0,0,243,0,228,0,0,202,0,1
0,0,0,0,0,0,0,107,152,0,0,85,0,94,97,0,92,100,0,130,80,63,113,128,101,113,137,0,0,114,166,0,80,0,176,219,70,136,0,0,225,126,0,80,92,0,0,0,0,118,1,124,127,83,122,122,102,42,0,0,130,122,150,2,0,0,119,123,0,2,122,114,107,0,0,128,0,126,126,127,117,120,0,123,76,115,126,130,127,0,0,0,119,128,119,134,124,0,106,107,0
0,0,0,0,0,0,0,238,225,0,0,193,0,225,221,0,212,0,0,0,219,208,228,0,232,220,0,0,0,0,209,0,0,0,250,150,35,0,0,0,239,0,0,226,228,0,0,0,0,223,0,224,226,0,232,235,214,0,0,0,141,232,3,0,0,0,244,231,3,0,242,222,0,0,0,225,0,225,230,226,217,154,0,231,0,238,230,227,241,0,0,0,245,219,211,255,226,0,114,78,3
0,0,0,0,0,0,0,0,0,0,0,0,0,0,0,0,170,0,0,0,0,204,184,82,0,182,235,0,0,0,0,0,215,3,206,193,203,207,95,0,0,209,0,0,146,0,0,209,0,0,145,99,117,0,182,194,198,195,210,0,119,189,196,199,33,149,176,193,200,225,196,235,211,18,221,225,16,178,2,1,59,59,0,30,73,161,145,164,116,0,0,0,0,0,0,0,0,0,0,0,7
0,0,0,0,0,0,0,0,0,0,0,0,0,0,0,0,0,0,0,0,0,0,0,0,0,0,0,0,0,0,0,0,166,0,185,205,0,67,180,0,153,74,1,185,111,18,128,57,212,129,157,228,166,205,218,200,134,171,174,0,238,200,154,161,24,0,110,111,42,36,37,217,31,74,0,0,0,0,0,0,0,0,0,0,0,0,0,0,0,0,0,0,0,0,0,0,0,0,0,0,7
0,0,0,0,0,0,0,0,0,0,0,0,0,157,159,0,144,189,134,209,216,214,217,220,211,217,218,163,196,236,214,0,226,169,223,224,225,226,217,0,223,223,119,223,223,16,228,224,173,223,127,223,223,224,223,223,226,225,212,0,226,223,223,227,125,14,223,223,223,225,221,221,223,213,149,221,136,218,223,153,160,56,135,116,185,27,35,25,0,0,0,0,0,0,0,0,0,0,0,0,8
0,0,0,0,0,0,0,44,38,0,0,56,0,52,56,0,52,73,0,85,48,50,79,97,54,66,83,0,0,58,122,0,0,0,93,101,31,138,0,0,75,87,0,83,83,0,200,122,0,81,0,83,91,0,91,87,79,0,0,0,97,93,95,194,0,0,85,97,210,208,81,81,0,109,75,97,0,101,109,105,97,120,0,136,118,13,5,1,7,0,0,0,0,0,0,1,1,7,0,0,2
0,0,0,0,0,0,0,156,142,0,0,57,0,98,96,0,94,114,0,78,80,94,87,94,96,126,140,0,0,149,170,0,153,0,124,124,128,195,110,0,117,160,0,126,119,0,140,135,0,124,149,126,124,137,130,133,137,107,158,0,107,124,137,179,25,0,137,147,165,186,142,137,156,167,165,149,0,133,130,133,149,124,89,153,199,163,163,163,156,124,0,36,163,158,165,204,199,160,41,27,2
0,0,0,0,0,0,0,0,0,0,0,0,0,0,0,0,0,0,0,0,0,0,0,0,0,0,0,0,0,0,0,0,0,0,184,216,0,0,36,0,112,71,229,201,233,0,7,211,221,224,209,191,195,228,237,240,242,238,240,25,28,51,32,11,0,47,0,0,3,3,35,35,29,28,4,35,0,0,0,0,0,0,0,0,0,0,0,0,0,0,0,0,0,0,0,0,0,0,0,0,7
0,0,0,0,0,0,0,0,0,0,0,0,0,0,0,0,0,0,0,0,0,0,0,25,0,162,208,248,0,0,0,0,201,0,221,218,229,214,220,0,0,214,244,210,213,0,1,221,227,246,210,199,210,242,203,225,214,218,207,0,195,213,222,228,238,197,213,219,241,215,200,145,47,195,234,215,0,252,50,16,2,0,0,0,0,0,0,0,0,0,0,0,0,0,0,0,0,0,0,0,9
0,0,0,0,0,0,0,1,18,0,0,0,0,144,27,0,6,0,0,0,24,0,154,7,1,0,0,0,0,0,0,0,0,0,1,0,197,0,0,0,21,0,0,189,133,0,194,177,0,189,100,183,182,170,221,168,170,189,80,0,180,185,192,174,0,0,173,170,176,174,182,194,206,157,0,179,0,180,183,180,185,192,1,188,182,186,191,191,192,0,0,195,182,183,183,214,229,0,166,139,8
0,0,0,0,0,0,0,102,226,0,0,215,0,223,228,0,224,0,0,0,224,212,98,0,0,223,0,0,0,0,0,0,0,0,223,220,0,0,0,0,219,0,0,225,255,0,0,0,0,214,0,213,21,0,246,206,169,0,0,0,122,203,0,0,0,0,234,230,0,0,236,157,0,0,0,0,0,0,214,0,227,0,0,226,0,149,198,0,227,0,0,0,161,0,95,0,86,0,0,37,1
0,0,0,0,0,0,0,0,0,0,0,0,0,0,0,0,0,0,0,0,0,0,0,0,0,0,0,0,0,0,0,0,0,0,227,187,188,197,7,0,0,210,0,0,238,1,4,214,41,201,208,194,184,198,176,193,190,204,199,65,182,177,193,192,211,194,184,193,195,197,197,222,215,227,0,174,0,0,0,0,0,0,0,0,0,0,0,0,0,0,0,0,0,0,0,0,0,0,0,0,7
0,0,0,0,0,0,0,238,231,0,0,233,0,236,236,0,231,0,0,0,234,230,4,0,126,235,0,0,0,0,0,0,0,0,230,229,41,0,0,0,230,0,0,228,255,0,0,0,0,240,0,244,255,0,231,255,154,0,0,0,0,231,0,0,0,0,107,231,0,0,100,92,0,0,0,155,0,101,250,107,240,0,0,244,0,0,251,106,242,0,0,0,0,104,255,0,241,0,0,220,1
0,0,0,0,0,0,0,0,0,1,0,68,0,88,101,0,75,103,0,0,81,160,41,77,0,115,0,0,0,0,0,0,57,1,139,122,155,238,0,0,1,0,0,0,128,0,0,0,0,0,5,1,19,0,0,0,179,106,0,0,0,0,0,50,0,0,0,0,146,39,0,0,0,0,0,110,0,7,0,7,0,0,0,0,0,0,21,160,1,0,66,34,65,148,1,0,0,0,0,0,5
0,0,0,0,0,0,0,35,120,0,0,103,0,66,36,0,31,32,0,92,39,43,41,72,52,35,51,0,0,76,29,0,0,0,28,36,69,39,0,0,43,0,0,39,32,0,68,7,0,45,0,45,38,1,38,32,66,18,0,0,43,38,7,56,0,0,83,39,48,53,83,65,0,26,0,39,0,42,42,45,42,31,0,45,0,65,48,43,41,0,0,45,70,45,90,72,75,0,25,0,6
0,0,0,0,0,0,0,54,167,1,0,178,0,169,199,0,163,177,0,127,164,164,170,169,150,161,191,0,0,167,171,0,0,0,168,161,173,188,0,0,169,190,0,168,166,0,188,213,0,171,0,173,170,217,169,175,179,168,0,0,147,168,177,235,0,0,181,167,214,239,196,166,107,196,0,169,0,168,169,176,174,198,0,168,112,160,170,186,181,0,0,189,119,198,186,59,45,0,0,0,6
0,0,0,0,0,0,0,1,0,0,0,150,2,0,57,0,52,59,1,0,123,219,211,196,0,215,228,0,0,0,0,0,199,0,210,203,205,214,210,0,0,200,220,165,204,0,0,182,218,129,200,252,207,0,190,204,211,212,197,0,17,195,209,196,228,2,183,208,220,214,185,207,76,212,174,204,0,211,196,199,0,3,123,238,0,135,140,149,0,104,0,185,201,175,0,0,0,0,0,0,9
0,0,0,0,0,0,0,91,58,0,0,156,0,174,132,0,98,139,0,45,115,117,115,130,100,111,148,0,0,128,124,0,50,0,111,111,89,198,0,0,111,150,0,111,111,0,0,0,0,106,0,104,115,0,113,106,106,67,0,0,13,111,126,0,0,0,117,113,0,0,122,108,124,2,0,104,0,104,115,106,106,106,0,106,117,102,111,106,108,0,0,0,111,111,111,113,124,0,95,93,0
0,0,0,0,0,0,0,3,0,0,0,0,0,136,19,0,0,0,0,5,0,3,3,125,0,0,146,0,2,139,84,0,198,21,141,135,131,95,162,1,126,29,205,189,123,3,220,245,168,248,222,237,236,224,234,238,238,237,255,0,226,235,240,233,137,157,228,236,238,238,232,240,240,238,0,240,0,249,233,228,213,216,0,224,220,244,247,247,137,124,0,102,139,138,0,0,1,0,0,0,8
0,0,0,0,0,0,0,179,228,1,0,200,0,197,194,0,206,186,0,168,200,204,198,210,201,199,217,0,0,204,214,0,0,0,187,178,175,225,0,0,207,241,0,201,201,0,235,249,0,205,0,204,211,241,213,206,219,241,0,0,230,197,204,211,0,0,199,200,243,211,192,208,219,230,0,210,0,221,141,204,154,115,0,207,85,3,100,98,100,0,0,202,0,0,0,8,8,0,0,0,4
0,0,1,0,1,0,0,195,183,3,1,170,0,183,183,0,188,88,0,147,183,196,191,214,195,185,215,0,2,198,216,0,0,0,203,196,190,218,0,0,189,136,0,199,182,0,203,198,0,187,0,188,192,164,199,185,194,177,0,0,209,197,194,191,0,0,191,195,139,180,191,197,206,173,240,203,0,203,196,205,227,182,1,191,189,205,198,207,201,0,0,210,201,207,196,192,204,0,183,201,6
0,0,0,0,0,0,0,109,85,0,0,87,0,95,102,0,142,94,0,96,130,52,85,93,80,175,110,0,0,77,158,0,10,0,81,73,62,119,0,0,218,79,0,149,237,0,48,79,0,98,0,195,168,61,89,182,72,56,0,0,99,94,47,82,0,0,86,62,159,87,114,86,38,67,76,91,0,93,100,103,117,59,0,65,42,109,95,100,91,0,0,112,82,98,94,103,107,0,54,61,2
0,0,0,0,0,0,0,0,0,0,0,0,0,0,0,0,0,0,0,0,0,0,0,0,166,0,0,0,0,35,0,0,108,0,60,57,53,62,65,51,98,102,117,97,110,12,27,76,93,88,88,75,90,88,67,81,60,121,125,0,98,66,72,103,92,38,85,73,98,121,117,91,118,108,51,121,0,102,0,0,0,0,0,0,0,0,0,0,0,0,0,0,0,0,0,0,0,0,0,0,8
0,0,0,0,0,0,0,0,0,0,0,173,0,18,0,99,64,108,0,175,177,169,157,166,205,199,197,217,208,209,209,201,216,80,215,215,215,215,209,204,219,220,234,221,220,219,215,220,234,207,214,218,212,212,228,241,214,215,216,210,211,212,216,217,225,218,211,211,215,215,209,211,213,216,209,207,206,207,207,208,209,207,203,202,199,244,244,245,248,219,48,96,92,92,111,0,0,0,0,0,8
0,0,0,0,0,0,0,54,193,0,0,204,0,202,209,0,211,0,0,0,212,204,115,0,0,215,0,0,0,0,0,0,0,0,213,212,60,0,0,0,229,0,0,202,192,0,0,0,0,239,0,241,224,0,227,1,209,0,0,0,0,229,0,0,0,0,105,229,0,0,142,236,0,0,0,104,0,60,227,34,241,0,0,228,0,0,224,24,147,0,0,0,0,41,139,0,168,0,0,13,1
0,0,0,0,0,0,0,0,0,0,0,0,0,0,0,0,152,0,0,0,0,219,216,215,0,103,217,147,0,0,0,0,207,0,208,215,211,208,201,0,0,211,0,0,227,0,0,235,49,0,142,242,206,21,199,197,201,205,102,0,216,211,220,217,254,220,215,215,225,251,227,242,244,248,168,238,137,137,203,205,214,215,0,77,59,0,0,0,0,0,0,0,0,0,0,0,0,0,0,0,9
0,0,0,0,0,0,0,209,152,0,0,162,0,108,89,0,155,0,0,0,153,159,224,0,230,188,0,0,0,0,0,0,0,0,224,208,218,0,0,0,190,0,0,175,196,0,0,0,0,167,0,163,209,151,173,182,173,195,0,0,212,176,233,0,0,0,155,167,143,0,9,220,0,0,0,241,0,230,199,219,207,55,0,228,0,0,212,232,212,0,0,0,0,224,220,255,223,0,83,72,3
0,0,0,0,0,0,0,0,0,0,0,0,0,0,0,0,57,37,0,130,100,101,112,114,174,106,46,50,149,142,113,0,150,0,168,177,148,140,133,125,29,172,157,121,121,0,164,152,137,90,158,74,164,146,2,176,153,118,173,0,162,96,109,209,148,0,102,130,184,174,232,188,230,114,0,182,0,154,214,201,180,182,0,138,29,0,0,0,0,0,0,0,0,0,0,0,0,0,0,0,8
0,0,1,0,1,0,0,58,216,0,0,97,0,45,182,0,38,102,0,125,65,73,77,104,112,73,105,0,0,174,182,0,0,0,87,73,68,87,0,0,88,0,0,90,100,0,1,0,0,88,0,87,90,0,92,105,63,15,0,0,142,92,83,1,0,0,110,90,0,1,112,68,65,0,0,104,0,105,90,110,105,67,0,93,95,73,53,80,88,0,0,88,149,182,152,231,214,0,216,60,6
0,2,6,0,0,0,2,18,32,43,0,18,0,20,20,0,20,36,0,22,25,27,39,52,25,20,52,0,0,16,64,0,62,0,29,32,18,110,0,0,27,50,0,27,27,0,34,29,0,29,20,29,29,0,29,29,34,39,36,0,36,32,45,160,0,0,25,32,80,137,34,36,18,27,16,29,0,62,85,82,89,62,0,110,55,50,18,39,45,0,0,68,16,66,20,96,68,0,149,45,6
0,0,0,0,0,0,0,0,0,0,0,0,0,0,0,0,0,0,0,0,0,0,0,0,0,0,0,0,0,0,0,0,1,0,72,0,0,16,101,0,0,173,112,0,103,1,11,18,0,30,0,141,0,185,0,85,78,30,141,19,119,37,171,174,148,1,0,52,15,18,33,9,6,16,0,0,0,0,0,0,0,0,0,0,0,0,0,0,0,0,0,0,0,0,0,0,0,0,0,0,5
0,0,0,0,0,0,0,0,0,0,0,0,0,0,0,0,0,24,0,94,5,35,75,103,85,100,90,177,0,75,77,68,173,158,86,88,103,94,139,81,88,77,0,73,98,0,69,79,1,81,130,69,85,64,83,120,130,100,0,41,73,92,109,98,181,75,85,100,103,170,122,183,179,149,119,136,0,128,0,0,69,111,0,0,0,0,0,0,0,0,0,0,0,0,0,0,0,0,0,0,8
0,0,0,0,0,0,0,58,89,0,0,253,0,229,208,0,192,147,0,201,198,223,200,208,199,211,211,0,0,214,212,0,0,0,188,209,224,221,0,0,221,204,0,213,211,0,233,231,0,221,0,216,212,234,206,213,215,245,0,0,199,200,207,225,0,0,209,223,254,225,205,215,232,217,0,206,0,213,212,199,200,219,0,191,92,96,156,228,123,0,0,228,134,186,155,0,0,0,0,0,4
0,0,0,0,0,0,0,3,208,0,0,207,0,211,215,0,237,0,0,0,213,215,171,0,0,249,0,0,0,0,0,0,0,0,253,209,129,0,0,0,255,0,0,189,73,0,0,0,0,255,0,240,209,0,186,0,170,0,0,0,0,210,27,0,0,0,0,227,0,0,0,224,0,0,0,231,0,233,229,237,241,0,0,0,0,0,176,250,236,0,0,0,0,246,173,254,145,0,181,63,1
0,0,0,0,0,0,0,254,251,0,0,220,0,225,224,0,228,0,0,0,222,222,231,0,236,224,0,0,0,0,0,0,0,0,232,198,229,100,0,0,222,0,0,224,223,0,0,0,0,230,0,228,229,255,229,227,250,241,0,0,227,229,234,0,0,0,227,230,142,0,226,247,255,0,0,231,0,230,224,228,245,227,0,227,235,220,230,241,232,0,0,46,223,166,0,60,0,0,0,2,2
0,0,0,0,0,0,0,1,0,0,0,0,0,139,90,0,0,0,0,2,0,0,157,0,0,0,0,0,2,8,61,0,199,0,173,185,182,199,205,0,197,209,54,193,197,0,224,215,63,193,242,212,213,214,224,208,219,57,252,0,207,206,229,219,77,0,207,214,243,223,206,214,208,214,96,219,0,221,227,225,222,218,0,224,214,228,207,211,206,123,0,151,193,212,173,198,1,1,53,0,8
0,0,0,0,0,0,0,0,0,0,0,112,0,2,0,0,86,148,0,0,0,130,109,150,0,163,172,0,0,0,0,0,215,0,126,147,125,234,97,0,0,170,0,0,151,0,1,219,162,0,169,13,165,0,146,85,167,153,159,0,0,132,126,156,217,0,145,151,143,145,126,158,161,185,93,142,0,119,81,85,168,236,208,122,61,207,231,213,235,6,0,239,251,244,0,63,0,0,0,0,9
0,0,0,0,0,0,0,60,54,0,0,56,0,61,60,0,50,81,0,55,48,55,52,49,51,55,60,0,0,77,83,0,0,0,72,60,73,98,0,0,56,103,0,80,59,0,59,103,0,62,0,73,45,0,110,56,65,61,0,0,40,128,77,0,0,0,48,153,30,0,39,66,81,1,0,38,0,34,209,38,68,89,0,78,96,12,230,40,226,0,0,0,7,8,48,202,75,0,57,46,0
0,0,0,0,0,0,0,0,0,0,0,0,0,1,0,0,189,0,0,0,0,151,60,2,0,203,0,0,0,0,0,0,217,0,197,195,190,248,204,0,186,202,255,196,190,2,0,228,245,161,210,204,185,225,200,228,229,228,228,66,169,193,227,224,238,196,189,202,231,240,214,240,234,177,234,223,0,231,86,73,0,2,0,0,0,0,0,0,0,0,0,0,0,0,0,0,0,0,0,0,7
0,0,0,0,0,0,0,201,137,0,0,130,0,177,177,0,175,0,0,0,181,146,219,132,63,223,10,0,0,0,0,0,0,0,186,255,0,0,0,0,88,0,0,244,229,0,0,0,0,253,0,239,230,3,228,232,246,0,0,0,0,229,229,0,0,0,244,231,0,0,236,231,35,0,0,237,0,239,239,238,244,245,0,228,255,218,242,238,242,0,0,0,252,238,243,255,255,0,5,89,3
0,0,0,0,0,0,0,0,0,0,0,0,0,0,0,0,97,81,0,178,168,166,170,181,228,219,222,213,166,215,214,0,222,0,230,238,212,215,227,97,231,219,207,21,68,239,215,220,170,151,236,255,58,220,242,163,218,221,230,0,213,220,219,229,29,187,222,216,221,219,235,223,225,221,213,217,0,255,173,115,86,85,0,0,0,0,0,0,0,0,0,0,0,0,0,0,0,0,0,0,8
0,0,0,0,0,0,0,0,0,0,0,0,0,0,0,0,127,99,0,0,0,184,148,221,0,121,187,0,0,0,0,0,0,31,0,4,2,0,165,0,0,0,138,0,0,0,0,159,172,0,182,0,0,0,2,0,25,238,129,0,0,0,182,93,157,0,0,0,0,121,0,0,4,176,0,0,0,0,0,144,0,0,161,199,2,104,40,0,0,0,0,0,0,0,0,0,0,0,0,0,5
0,0,0,0,0,0,0,190,213,0,0,215,0,225,222,0,221,0,0,0,224,222,255,0,138,216,0,0,0,0,0,0,0,0,220,221,231,0,0,0,213,0,0,218,255,0,0,0,0,210,0,210,236,0,221,252,213,136,0,0,99,221,255,0,0,0,255,220,0,0,255,213,98,0,0,234,0,233,220,237,224,255,0,225,0,0,218,239,247,0,0,0,0,238,231,123,249,0,0,157,1
0,0,0,0,0,0,0,31,178,0,0,149,0,213,167,0,225,41,0,0,79,212,193,133,167,196,168,0,0,0,84,0,0,0,148,207,105,0,0,0,223,0,0,196,237,0,0,0,0,234,0,206,194,0,176,211,160,0,0,0,0,187,187,1,0,0,128,241,0,2,128,186,40,0,0,216,0,102,181,79,192,214,0,236,62,0,223,214,255,0,0,1,0,223,176,247,182,0,116,76,3
0,0,0,0,0,0,0,0,0,0,0,0,0,0,0,0,0,0,0,0,0,0,0,0,0,0,0,0,0,0,0,0,37,0,27,38,80,169,0,0,0,129,3,0,136,0,2,0,0,250,2,196,216,155,210,226,204,0,0,40,254,190,159,143,178,0,54,8,91,76,0,0,0,0,0,0,0,0,0,0,0,0,0,0,0,0,0,0,0,0,0,0,0,0,0,0,0,0,0,0,5
0,5,0,0,1,0,0,101,153,0,0,110,0,86,94,0,92,95,0,128,95,96,99,101,96,92,99,0,0,74,166,0,119,0,100,100,115,190,56,0,99,126,0,99,101,0,0,0,0,88,3,103,112,15,109,97,95,114,0,0,133,110,109,0,0,0,86,112,7,0,91,91,114,2,0,103,0,103,127,106,123,85,0,112,117,105,126,106,91,0,0,0,108,105,113,95,117,0,60,88,0
0,0,0,0,0,0,0,0,0,0,0,0,0,0,0,0,65,255,0,166,68,85,91,134,91,74,42,108,169,197,103,0,120,2,91,97,100,108,103,0,91,108,126,85,91,174,74,114,160,94,166,91,80,226,212,234,246,203,114,126,146,180,126,123,146,163,123,126,108,114,114,128,117,120,94,131,71,126,154,154,103,103,177,206,197,42,63,63,37,0,0,0,0,0,0,0,0,0,0,0,8
0,0,0,0,0,0,0,109,203,0,0,175,0,165,216,0,163,76,0,99,158,163,161,201,166,153,192,0,0,176,189,0,0,0,157,146,237,181,0,0,150,5,0,157,148,0,185,148,0,168,0,165,162,0,161,161,240,0,0,0,0,163,74,2,0,0,196,157,0,0,192,178,0,0,0,159,0,161,157,157,170,194,0,173,170,195,161,164,163,0,0,0,196,170,164,176,177,0,138,82,6
0,0,0,0,0,0,0,0,173,0,0,206,0,179,207,0,184,0,0,0,178,187,190,188,173,193,206,0,0,0,61,0,0,0,181,190,196,213,0,0,170,0,0,186,204,0,0,0,0,174,0,172,192,221,217,209,231,133,0,0,175,206,194,178,0,0,148,187,211,189,171,208,96,0,0,199,0,177,196,167,190,203,0,191,65,0,181,168,199,0,0,3,0,166,198,223,203,0,189,178,4
0,0,0,0,0,0,0,80,224,0,0,215,0,213,203,0,209,200,0,231,214,117,221,195,202,211,200,0,0,221,234,0,0,0,201,213,195,216,0,0,209,217,0,210,209,0,211,227,0,207,0,213,218,0,217,208,224,0,0,0,255,216,192,222,0,0,215,212,185,238,209,218,0,216,139,219,0,224,216,229,195,237,0,218,0,236,215,254,199,0,0,0,230,253,207,140,255,0,227,48,6
0,0,0,0,0,0,0,59,0,0,0,0,0,0,0,0,0,0,0,0,144,140,171,12,152,189,255,0,0,212,219,0,0,0,203,204,218,243,0,0,170,0,0,220,213,0,254,0,0,209,0,214,213,215,213,212,213,207,0,0,215,214,213,187,0,0,218,214,227,188,214,218,205,0,0,214,0,206,205,204,212,208,0,206,195,199,195,194,198,0,0,182,176,179,174,243,245,0,124,112,8
0,0,0,0,0,0,0,0,0,0,0,0,0,0,0,1,4,1,0,0,0,0,0,0,163,52,44,0,121,183,183,1,174,0,175,171,159,172,147,0,194,248,255,188,191,185,172,215,164,187,0,188,187,189,187,195,199,194,0,144,181,187,204,196,149,0,191,193,202,195,196,203,201,226,188,192,0,219,40,39,208,238,0,0,56,0,0,0,0,0,0,0,0,0,0,0,0,0,0,0,8
0,0,0,0,0,0,0,0,0,0,0,42,0,1,0,0,110,165,39,0,0,120,129,124,0,142,147,159,0,0,0,0,136,0,126,136,169,153,133,0,0,158,128,1,96,0,0,157,128,1,137,0,122,0,89,95,208,219,146,1,0,100,79,154,158,0,68,72,118,103,96,167,112,126,130,97,58,113,101,107,214,202,153,183,255,146,161,134,0,122,0,0,0,0,0,0,0,0,0,0,9
0,0,0,0,0,0,0,32,156,0,0,65,0,52,0,0,33,24,0,44,31,30,34,95,28,32,69,0,0,46,47,0,0,0,36,46,55,24,0,0,30,0,0,32,33,0,66,10,0,26,0,28,33,121,32,34,42,93,0,0,18,34,71,61,0,0,39,36,21,65,35,49,97,41,0,39,0,39,34,41,47,60,0,34,0,46,33,42,40,0,0,107,57,39,60,49,75,0,32,0,6
0,0,0,0,0,0,0,0,0,0,0,0,0,0,0,0,0,0,0,0,0,0,0,0,0,0,0,0,0,0,0,0,0,0,191,199,78,0,191,0,0,148,114,206,226,0,0,220,240,205,223,203,195,193,205,206,214,220,222,78,204,203,234,212,234,32,255,255,193,193,19,0,51,32,0,67,0,0,0,0,0,0,0,0,0,0,0,0,0,0,0,0,0,0,0,0,0,0,0,0,7
0,0,0,0,0,0,0,18,205,0,0,192,0,134,167,0,138,0,0,0,143,186,146,189,164,114,181,0,0,40,194,0,0,0,148,114,245,167,0,0,160,0,0,144,140,0,157,15,0,170,0,141,163,232,151,164,232,209,0,0,195,134,168,172,0,0,209,161,210,179,211,189,234,79,0,169,0,53,0,0,0,0,0,0,93,0,0,0,0,0,0,197,0,0,2,0,3,0,0,1,4
0,0,0,0,0,0,0,0,0,181,22,214,0,1,143,0,172,177,0,0,172,181,186,151,0,192,155,0,0,0,1,0,0,0,219,213,193,213,0,0,20,177,0,159,170,0,0,224,0,0,0,0,227,0,137,204,215,204,59,0,0,255,217,213,0,0,0,199,241,210,43,250,187,69,0,208,0,210,196,214,74,97,77,204,99,224,232,205,102,0,0,102,116,83,94,107,111,0,57,38,9
0,0,0,0,0,0,0,0,0,0,0,0,0,0,0,0,0,0,0,0,0,188,0,0,0,99,2,66,0,0,0,0,186,0,145,155,176,181,197,0,1,175,135,0,155,0,0,179,182,38,184,119,112,66,101,144,160,166,184,0,117,142,149,173,212,123,137,150,173,173,132,189,163,208,189,131,0,222,128,83,0,61,0,0,0,0,0,0,0,0,0,0,0,0,0,0,0,0,0,0,9
0,0,1,0,0,0,0,123,151,0,1,130,0,119,112,0,124,119,0,137,115,119,120,122,115,121,132,0,0,126,152,0,146,0,126,126,134,192,66,0,129,134,0,123,124,0,0,0,0,125,0,125,124,0,123,126,135,147,0,0,133,123,129,0,0,0,119,123,47,0,119,129,130,4,0,125,0,125,122,124,125,123,0,124,129,135,122,125,131,0,0,0,114,119,119,148,149,0,59,57,0
0,0,0,0,0,0,0,0,214,0,0,159,0,220,226,0,222,0,0,0,223,157,145,0,0,221,0,0,0,0,0,0,0,0,231,219,136,0,0,0,254,0,0,212,120,0,0,0,0,217,0,197,232,0,220,0,244,0,0,0,0,226,77,0,0,0,0,220,0,0,0,219,0,0,0,212,0,208,227,192,234,99,0,189,0,0,244,140,0,0,0,0,0,89,231,0,226,0,0,163,1
0,0,0,0,0,0,0,146,96,0,0,162,0,224,226,0,213,0,0,0,105,1,161,0,215,198,0,0,0,0,0,0,0,0,131,0,188,0,0,0,116,0,0,226,218,0,0,0,0,128,0,188,204,2,217,220,20,3,0,0,0,156,0,0,0,0,0,121,0,0,0,7,2,0,0,202,0,111,184,146,120,0,0,55,0,1,193,173,201,0,0,0,0,93,0,213,0,0,191,0,3
0,2,0,0,4,0,0,65,177,37,0,114,0,71,58,0,78,33,0,98,91,70,56,99,103,144,119,0,0,112,128,0,74,1,75,93,68,116,39,0,116,140,0,98,71,0,207,117,0,107,123,112,128,112,107,67,95,53,102,0,103,109,100,154,71,0,79,110,106,124,75,86,54,64,107,135,0,124,163,144,123,133,166,130,117,60,113,114,103,163,0,131,63,121,110,35,16,36,0,0,6
0,0,0,0,0,0,0,0,0,0,0,0,0,0,0,0,15,0,0,0,0,121,3,0,0,46,0,0,0,0,0,0,193,0,100,79,179,192,110,0,0,183,100,65,174,1,0,96,14,50,128,105,83,62,79,153,116,103,108,0,54,75,116,133,101,39,75,88,123,126,96,107,103,111,109,101,8,143,139,132,101,105,0,53,47,0,0,0,0,0,0,0,0,0,0,0,0,0,0,0,9
0,0,0,0,0,0,0,106,82,0,0,154,0,121,37,0,88,244,0,86,67,90,113,117,69,76,102,0,0,88,69,0,0,0,74,90,183,51,0,0,59,113,0,63,76,0,78,135,0,63,0,59,63,2,67,78,168,0,0,0,10,67,61,98,0,0,92,65,92,88,90,158,0,187,0,69,0,67,71,67,88,133,0,59,0,76,78,76,84,0,0,59,76,76,146,113,187,0,39,12,6
0,0,0,0,0,0,0,218,215,0,0,216,0,215,213,0,210,0,0,0,223,198,255,0,0,221,0,0,0,0,0,0,0,0,236,190,0,0,0,0,233,0,0,216,223,0,0,0,0,230,0,222,224,0,224,226,204,0,0,0,35,227,0,0,0,0,235,226,0,0,235,199,0,0,0,225,0,225,227,226,225,0,0,223,0,0,225,226,228,0,0,0,0,227,180,229,168,0,222,143,3
0,0,0,0,0,0,0,38,107,0,0,117,0,201,154,0,61,32,0,90,70,77,91,137,79,73,118,0,0,102,77,0,0,0,100,103,132,72,0,0,100,92,0,87,85,0,0,0,0,100,0,100,92,0,96,98,130,0,0,0,53,100,45,0,0,0,150,100,1,0,155,143,0,0,0,98,0,100,115,102,115,50,0,126,0,0,122,114,126,0,0,0,0,121,169,141,177,0,135,34,6
0,0,0,0,0,0,0,252,242,0,0,246,0,241,233,0,242,250,0,253,106,238,234,239,239,51,254,0,0,196,144,0,50,0,242,242,251,240,0,0,254,255,0,164,234,0,246,78,0,252,0,243,243,62,49,89,246,122,0,0,241,233,255,255,0,0,240,251,117,117,248,254,147,237,36,238,0,237,231,230,250,255,0,253,224,182,154,153,169,0,0,210,0,0,0,0,0,30,0,0,2
0,0,0,0,0,0,0,0,56,0,8,211,0,100,0,0,0,226,0,0,196,134,255,109,4,203,135,0,0,0,0,0,229,0,0,0,8,237,240,0,73,239,161,77,236,0,0,233,0,236,23,158,167,0,92,0,233,0,0,0,39,0,0,110,5,2,77,0,0,101,140,0,5,229,0,94,0,230,229,238,5,0,210,255,9,239,231,230,0,1,0,239,238,230,0,212,0,0,0,0,5
0,0,0,0,0,0,0,0,179,0,0,187,0,165,161,0,231,0,0,0,192,200,201,0,189,175,32,0,0,0,59,0,0,0,186,182,207,123,0,0,208,0,0,190,191,0,0,0,0,255,0,251,229,229,189,177,134,209,0,0,8,203,23,63,0,0,239,214,200,80,249,223,170,0,0,186,0,195,206,199,190,187,0,203,0,217,203,187,207,0,0,0,221,187,182,214,177,0,161,0,4
0,0,0,0,0,0,0,224,210,0,0,217,0,218,216,0,217,219,0,224,217,218,219,224,220,217,226,0,0,234,218,0,202,0,215,215,216,237,0,0,221,218,0,219,217,0,247,224,0,221,0,219,218,136,219,219,218,233,0,0,216,220,207,228,0,0,230,220,116,225,231,215,232,225,0,222,0,222,223,223,219,213,0,220,233,174,213,213,213,0,0,223,194,226,224,177,170,0,0,0,2
0,0,0,0,0,0,0,0,0,0,0,0,0,0,0,0,75,0,0,0,0,225,73,56,0,149,255,0,0,0,0,0,219,0,218,221,208,212,234,0,0,219,90,0,215,0,0,217,248,0,218,105,211,1,209,221,218,212,210,0,255,220,217,219,244,207,205,218,217,215,210,222,220,223,215,212,0,241,120,106,0,0,0,0,0,0,0,0,0,0,0,0,0,0,0,0,0,0,0,0,9
0,0,0,0,0,0,22,68,113,50,77,27,0,50,0,0,50,50,0,81,36,36,22,63,45,45,63,91,27,109,63,72,27,68,40,63,77,40,40,104,31,209,68,72,50,72,186,159,86,50,132,31,27,50,72,68,77,40,0,0,36,68,50,0,0,0,13,77,36,0,45,63,68,0,0,18,0,72,68,45,40,40,0,104,54,40,100,63,122,0,0,68,63,50,54,45,54,0,0,0,6
0,0,0,0,0,0,0,89,132,0,0,69,0,80,94,0,83,65,0,153,89,82,62,126,118,49,173,0,0,0,43,0,0,0,60,58,33,3,0,0,73,0,0,86,65,0,0,1,0,85,0,98,74,0,64,56,43,5,0,0,124,82,53,0,0,0,104,70,0,0,101,47,31,0,0,75,0,87,91,83,54,50,0,79,44,136,110,87,81,0,0,0,125,69,43,100,91,0,71,46,0
0,0,0,0,0,0,0,164,138,0,0,132,0,148,156,0,144,0,0,0,175,137,92,0,113,150,0,0,0,0,0,0,0,0,120,116,36,0,0,0,104,0,0,164,203,0,0,0,0,124,0,128,80,0,158,107,141,0,0,0,0,148,0,0,0,0,112,139,0,0,79,136,0,0,0,161,0,163,167,164,164,0,0,149,0,3,185,167,182,0,0,0,1,170,92,163,30,0,59,0,1
0,0,0,0,0,0,0,0,0,203,70,207,0,0,145,0,186,167,0,0,147,192,207,194,0,170,199,0,0,0,0,0,176,0,165,167,176,199,2,0,0,124,0,118,170,0,0,140,0,18,170,74,138,4,178,134,151,184,87,0,0,165,176,12,0,0,39,120,0,0,97,250,0,203,0,130,0,134,132,155,0,2,0,118,0,66,128,176,0,2,0,99,126,167,0,170,0,0,0,0,9
0,0,0,0,0,0,0,106,241,0,0,216,0,222,228,0,157,0,0,0,202,189,29,0,0,163,0,0,0,0,0,0,0,0,162,190,0,0,0,0,170,0,0,182,171,0,0,0,0,159,0,150,222,0,195,94,214,0,0,0,0,194,10,0,0,0,0,183,0,0,0,196,0,0,0,204,0,206,219,205,211,105,0,125,0,0,226,201,0,0,0,0,0,196,209,0,208,0,0,197,1
0,0,0,0,0,0,0,0,0,0,0,195,0,0,0,0,184,214,0,0,3,196,226,197,0,213,169,23,0,0,0,0,176,0,174,227,241,242,185,0,4,211,241,32,237,0,0,208,190,0,204,0,247,0,22,221,186,212,231,0,0,148,214,189,222,0,0,223,219,190,121,192,224,204,4,195,3,199,202,196,249,155,100,204,8,188,196,210,0,149,27,237,231,206,1,0,0,0,0,0,9
0,0,0,0,0,0,0,0,0,0,0,0,0,0,0,0,0,0,0,0,0,0,0,0,0,0,0,0,0,0,0,0,252,0,59,192,10,175,0,0,6,0,3,0,0,0,71,0,0,2,0,0,0,1,2,7,2,17,23,19,20,24,18,30,35,18,25,25,23,23,20,25,25,26,0,0,0,0,0,0,0,0,0,0,0,0,0,0,0,0,0,0,0,0,0,0,0,0,0,0,5
0,0,0,0,0,0,0,27,34,0,0,31,0,80,49,0,19,89,0,68,29,13,32,33,31,31,48,0,0,50,47,0,8,0,39,25,24,66,0,0,43,74,0,42,51,0,32,63,0,42,0,41,43,116,42,44,42,39,0,0,12,41,36,59,0,0,44,41,161,68,43,47,19,152,0,41,0,45,48,48,48,42,0,37,0,55,64,62,67,0,0,103,58,65,68,34,24,0,0,0,2
0,0,0,0,0,0,0,0,0,0,0,0,0,0,0,0,0,0,0,0,0,0,0,0,0,0,0,0,0,0,0,0,0,0,210,228,87,0,236,0,30,246,216,204,229,1,0,245,255,207,219,169,183,218,230,246,233,226,198,0,230,230,196,196,255,54,255,255,255,255,117,28,6,0,0,0,0,0,0,0,0,0,0,0,0,0,0,0,0,0,0,0,0,0,0,0,0,0,0,0,7
0,0,0,0,0,0,0,74,147,0,0,94,0,115,109,0,96,132,0,125,101,107,87,107,101,104,97,0,0,162,99,0,0,0,84,94,76,129,0,0,117,117,0,91,109,0,168,119,0,134,0,127,89,187,86,115,82,18,0,0,109,79,101,165,0,0,147,81,69,187,149,74,9,82,0,79,0,94,82,87,112,115,0,97,46,137,94,66,135,0,0,0,66,102,109,248,175,0,110,26,6
0,0,0,0,0,0,0,2,71,0,0,39,0,89,7,0,44,0,0,0,7,79,4,0,0,0,2,0,0,0,0,0,0,0,116,188,123,121,0,0,138,0,0,212,133,0,0,0,0,133,0,168,96,128,175,133,170,108,0,0,141,108,123,103,0,0,146,123,96,101,178,126,136,0,0,165,0,175,173,163,168,151,0,188,158,168,188,180,195,0,0,49,175,210,195,198,205,0,222,220,8
0,0,0,0,0,0,0,0,0,0,0,0,0,0,0,0,123,145,11,0,1,154,170,192,0,154,184,14,0,0,0,0,144,0,152,158,154,163,161,0,0,197,0,0,131,0,0,180,49,0,188,26,162,0,114,168,173,176,178,1,110,123,184,171,185,27,126,149,161,163,141,202,234,237,142,164,81,189,224,227,0,208,64,226,225,189,173,56,3,83,0,0,0,0,0,0,0,0,0,0,9
0,0,0,0,0,0,0,0,0,0,0,0,0,0,0,0,0,0,0,0,0,0,0,0,0,0,0,0,0,0,0,0,0,0,0,0,0,0,0,0,133,0,0,157,169,4,135,2,5,0,0,39,25,200,250,208,194,203,209,0,130,135,134,160,124,0,0,0,0,0,0,0,0,0,0,0,0,0,0,0,0,0,0,0,0,0,0,0,0,0,0,0,0,0,0,0,0,0,0,0,5
0,0,0,0,0,0,0,93,239,0,0,231,0,192,183,0,228,5,0,0,192,210,221,228,217,221,235,0,0,0,194,0,0,0,215,218,212,226,0,0,233,0,0,234,218,0,56,40,0,222,0,224,225,211,223,227,220,176,0,0,235,222,214,250,0,0,223,223,233,244,230,222,215,166,0,230,0,221,227,227,224,223,0,227,212,236,229,228,229,0,0,236,167,220,244,0,0,0,0,0,4
0,0,0,0,0,0,0,0,0,0,0,0,0,0,0,0,0,0,0,0,0,0,0,0,0,0,0,0,0,0,0,0,180,0,215,219,0,26,144,0,79,198,94,211,238,0,16,212,91,204,232,191,202,178,191,228,235,228,220,71,216,238,255,205,193,60,242,220,231,114,235,251,234,230,0,229,0,0,0,0,0,0,0,0,0,0,0,0,0,0,0,0,0,0,0,0,0,0,0,0,7
0,0,0,0,0,0,0,110,192,0,0,179,0,196,194,0,181,0,0,0,199,188,140,0,30,196,0,0,0,0,0,0,0,0,209,197,113,0,0,0,175,0,0,204,111,0,0,0,0,176,0,175,25,0,202,31,204,0,0,0,109,188,0,0,0,0,238,223,0,0,234,194,0,0,0,64,0,100,198,125,202,0,0,204,0,0,200,183,213,0,0,0,0,184,192,0,197,0,0,104,1
0,0,0,0,0,0,0,0,0,0,0,0,0,0,0,0,0,0,0,0,0,0,0,1,0,211,0,67,0,0,0,0,216,0,225,191,196,205,215,0,1,215,79,0,223,0,0,194,216,185,210,193,208,246,186,198,228,227,206,0,97,196,211,218,230,163,193,192,219,215,235,203,197,189,196,190,0,241,73,59,0,107,0,0,0,0,0,0,0,0,0,0,0,0,0,0,0,0,0,0,9
0,0,0,0,0,0,0,240,207,0,0,207,0,207,202,0,202,0,0,0,200,214,230,0,26,215,0,0,0,0,0,0,0,0,215,206,230,0,0,0,206,0,0,204,174,0,0,0,0,207,0,207,207,0,203,52,205,62,0,0,0,203,250,0,0,0,225,203,0,0,222,206,25,0,0,220,0,220,205,218,215,213,0,215,13,0,210,206,195,0,0,0,0,197,209,0,207,0,0,208,1
0,0,0,0,2,0,0,207,216,0,3,194,0,210,181,0,196,229,0,149,211,204,218,217,227,217,216,0,0,218,222,0,15,0,219,220,220,242,0,0,219,238,0,225,226,0,221,224,0,222,0,223,228,246,228,222,226,235,0,0,231,228,215,215,0,0,206,228,27,139,211,228,255,61,0,229,0,226,227,225,226,220,0,216,231,226,219,217,219,0,0,0,253,237,227,255,235,0,154,39,6
0,0,0,0,0,0,0,214,203,0,0,219,0,219,248,0,239,0,0,99,212,223,210,211,170,206,209,0,0,209,201,0,0,0,192,226,40,203,0,0,179,0,0,179,184,0,218,51,0,180,0,180,192,230,183,190,191,219,0,0,195,183,207,223,0,0,203,191,190,215,205,211,201,156,0,202,0,197,209,214,194,198,0,205,55,114,221,222,224,0,0,221,0,139,127,0,0,0,1,5,4
0,1,0,0,0,0,0,84,82,31,0,84,0,54,68,0,93,91,0,57,208,191,193,76,113,161,67,0,0,61,102,0,58,0,153,178,207,58,0,0,183,0,0,169,142,0,0,0,0,190,0,133,120,89,125,94,107,89,0,0,101,80,50,0,0,0,101,107,65,0,99,81,90,0,0,85,0,85,111,87,78,85,0,100,95,120,110,89,92,0,0,0,126,92,83,75,91,0,89,88,0
0,0,0,0,0,0,0,0,0,0,0,0,0,0,0,0,0,229,0,0,0,197,220,248,0,0,248,22,0,0,0,0,191,0,205,228,253,246,199,0,0,196,21,0,209,0,0,185,121,0,206,67,231,34,240,213,233,212,205,0,164,210,245,210,221,105,222,234,181,177,233,200,232,205,166,202,90,183,244,215,0,255,0,175,161,0,0,0,0,0,0,0,0,0,0,0,0,0,0,0,9
0,0,0,0,0,0,0,165,229,0,0,121,0,230,184,0,219,0,0,2,209,213,220,0,236,216,0,0,0,2,0,0,0,0,222,221,229,0,0,0,227,0,0,224,216,0,3,0,0,226,0,225,215,200,226,218,223,220,0,0,232,225,217,0,0,0,229,226,108,0,230,230,235,0,0,219,0,218,223,216,224,225,0,229,221,220,239,231,226,0,0,115,206,0,0,116,62,0,96,28,6
0,0,0,0,0,0,0,82,105,0,0,58,0,65,22,0,58,0,0,42,33,56,28,65,33,45,35,0,0,75,68,0,0,0,56,47,15,31,1,0,56,42,0,51,35,0,65,68,0,58,0,56,45,65,52,42,58,98,5,0,51,51,35,42,0,0,54,49,82,40,56,59,68,54,59,54,0,58,54,59,56,54,73,52,82,56,54,54,47,70,0,0,66,51,45,54,96,0,54,17,6
0,0,0,0,0,0,0,0,0,0,0,0,0,0,0,0,87,254,0,0,0,226,241,236,0,182,153,55,0,0,0,0,216,0,0,0,0,0,192,0,0,113,216,0,0,0,0,255,213,0,167,0,0,3,0,0,72,185,198,0,0,1,165,0,40,2,114,0,0,0,126,0,6,0,0,0,99,26,155,137,0,0,18,208,0,29,50,35,3,0,0,0,0,0,0,0,0,0,0,0,5
0,0,0,0,0,0,0,0,0,0,0,0,0,0,0,0,0,176,0,0,0,0,27,185,0,98,137,107,0,0,0,0,132,78,162,156,162,155,161,0,56,180,186,148,158,0,1,195,141,8,172,152,88,3,121,36,156,25,188,0,0,98,42,1,43,0,101,110,0,3,52,0,1,0,0,140,0,91,128,16,0,0,131,171,0,142,128,115,11,0,0,0,0,0,0,0,0,0,0,0,9
0,0,1,0,0,0,0,144,109,0,0,150,0,99,85,0,119,110,0,129,98,108,114,109,100,94,111,0,0,129,128,0,138,0,125,126,131,123,58,0,146,104,0,130,143,0,164,164,0,181,0,142,153,0,191,170,123,134,1,0,151,225,243,0,0,0,136,80,0,0,255,255,227,3,0,162,0,118,255,255,255,240,0,212,254,37,67,71,66,0,0,4,121,249,244,244,245,0,89,79,0
0,0,0,0,0,0,0,113,220,0,3,93,0,105,113,0,124,161,0,151,118,122,118,146,130,122,146,0,0,155,144,0,153,0,144,153,136,223,0,0,113,156,0,149,137,0,203,189,0,120,0,191,167,167,134,146,130,168,0,0,136,158,168,0,0,0,151,165,56,0,143,151,167,1,0,158,0,153,177,174,175,132,0,155,160,160,161,163,189,0,0,134,149,167,144,175,210,3,79,18,0
0,0,0,0,0,0,0,0,158,0,0,223,0,183,183,0,213,0,0,0,204,168,173,172,158,177,175,0,0,0,7,0,0,0,154,154,171,31,0,0,147,0,0,158,161,0,0,0,0,152,0,157,159,0,159,158,150,3,0,0,89,159,150,3,0,0,165,161,0,3,163,150,21,0,0,164,0,163,166,165,171,168,0,165,6,124,166,167,174,0,0,1,112,165,168,196,177,0,120,17,0
0,0,0,0,0,0,0,133,220,0,0,220,0,217,218,0,223,0,0,0,204,214,78,0,0,212,0,0,0,0,0,0,0,0,191,201,81,0,0,0,234,0,0,180,255,0,0,0,0,238,0,242,254,0,207,248,254,0,0,0,0,214,73,0,0,0,191,219,0,0,194,255,0,0,0,255,0,254,230,254,226,77,0,241,0,0,231,253,243,0,0,0,0,216,238,0,251,0,0,119,1
0,0,0,0,0,0,0,0,0,0,0,0,0,0,0,0,0,0,0,0,0,0,0,0,0,0,0,0,0,0,0,0,95,0,29,0,122,194,0,2,0,227,0,1,189,58,66,218,216,194,214,178,211,206,209,225,199,216,224,0,232,215,220,149,0,0,197,184,0,0,255,0,0,1,0,41,0,0,0,0,0,0,0,0,0,0,0,0,0,0,0,0,0,0,0,0,0,0,0,0,5
0,0,0,0,0,0,0,138,144,0,0,206,0,219,198,0,223,184,0,237,227,204,212,212,184,230,131,0,0,142,111,0,68,0,175,227,92,174,0,0,200,145,0,191,221,0,242,215,0,238,50,248,233,165,195,214,180,131,74,0,190,194,171,180,0,0,162,207,205,246,213,214,175,168,180,214,0,222,209,207,202,246,229,194,228,213,244,229,230,17,0,235,251,216,225,0,0,93,0,0,4
0,0,0,0,0,0,0,0,0,52,0,14,0,0,0,0,168,237,0,0,31,0,0,26,0,0,0,4,0,0,0,0,118,0,0,0,0,0,176,0,0,242,236,2,0,0,0,207,233,21,195,83,108,0,112,60,0,193,246,0,0,38,185,0,93,0,3,0,0,0,0,207,0,0,1,0,0,0,1,1,82,3,0,0,0,161,83,94,37,55,93,203,183,157,0,202,0,0,0,0,5
0,0,0,0,0,0,0,163,71,0,0,75,0,23,55,0,115,0,0,0,81,63,110,6,62,75,0,0,0,0,0,0,0,0,35,35,108,0,0,0,87,0,0,42,27,0,0,0,0,49,0,42,139,0,167,69,140,71,0,0,146,201,119,0,0,0,173,148,5,0,29,45,82,0,0,224,0,148,35,102,173,18,0,63,59,167,66,148,53,0,0,0,62,30,37,62,69,0,183,173,6
0,0,0,0,0,0,0,214,196,0,0,195,0,202,202,0,193,0,0,0,202,174,211,0,212,190,10,0,0,0,1,0,0,0,180,235,15,0,0,0,213,0,0,183,186,0,0,0,0,189,0,191,179,0,176,188,187,0,0,0,0,175,32,0,0,0,148,177,2,0,154,203,0,0,0,183,0,184,179,178,188,172,0,191,0,0,187,190,187,0,0,1,0,189,195,202,207,0,205,95,3
0,0,0,0,0,0,0,230,222,0,0,238,0,241,239,0,220,232,0,227,227,211,239,215,229,229,228,0,0,235,233,0,224,0,200,219,219,232,188,0,226,220,0,240,203,0,2,0,0,231,0,209,242,0,238,170,235,219,0,0,123,251,220,0,0,0,236,221,25,0,245,219,234,3,0,239,0,237,240,240,209,220,0,237,252,209,215,220,211,0,0,0,182,211,235,252,248,0,214,145,0
0,0,0,0,0,0,0,234,250,0,0,66,0,38,88,0,152,0,0,0,250,244,241,223,246,241,254,0,0,0,239,0,0,0,238,245,152,253,0,0,241,0,0,239,240,0,129,0,0,231,0,234,240,196,240,240,244,248,0,0,200,240,241,186,0,0,248,240,255,179,249,248,206,0,0,242,0,242,255,242,238,239,0,255,0,140,248,240,240,0,0,0,191,239,243,253,247,0,209,224,3
0,0,0,0,0,0,0,0,0,0,0,0,0,0,0,0,0,0,0,0,0,0,0,0,0,0,0,0,0,0,0,0,0,0,148,233,0,0,171,0,0,75,64,195,201,0,0,211,195,229,210,0,1,191,182,208,210,215,189,86,189,203,190,186,216,218,186,186,191,188,195,202,203,207,0,0,0,0,0,0,0,0,0,0,0,0,0,0,0,0,0,0,0,0,0,0,0,0,0,0,7
0,0,0,0,0,0,0,235,238,0,0,224,0,231,231,0,219,0,0,0,229,232,247,0,169,232,0,0,0,0,0,0,0,0,234,232,0,0,0,0,251,0,0,230,226,0,0,0,0,236,0,232,233,0,232,232,38,3,0,0,82,232,0,0,0,0,253,234,0,0,254,81,4,0,0,233,0,234,237,232,248,0,0,235,0,228,240,254,231,0,0,0,225,250,167,255,255,0,84,50,3
0,0,1,0,0,0,0,7,112,0,0,77,0,133,0,0,0,2,0,0,0,0,139,2,0,3,2,0,0,0,0,0,91,0,223,220,186,201,167,0,225,189,0,194,137,0,176,182,8,211,233,239,189,197,208,192,195,209,237,0,201,213,194,186,112,152,206,213,183,182,183,189,185,190,205,213,0,211,218,206,183,187,81,218,201,215,223,215,192,125,0,238,248,219,224,196,123,0,0,0,8
0,0,0,0,0,0,0,126,146,8,0,160,0,163,147,0,137,133,0,118,106,75,144,180,176,97,196,0,0,123,68,0,21,0,95,84,65,252,0,0,104,166,0,120,94,0,116,153,0,88,0,88,137,45,121,104,74,24,0,0,58,124,65,180,0,0,95,133,80,190,100,63,21,164,0,156,0,156,140,148,103,73,0,95,34,0,0,1,0,0,0,140,0,0,0,1,0,0,0,0,2
0,0,0,0,0,0,0,0,0,0,0,0,0,0,0,0,0,0,0,0,0,0,0,0,0,0,0,0,0,0,0,0,0,0,166,202,0,0,199,0,139,207,154,199,218,0,130,200,240,194,199,197,195,190,203,207,194,193,194,115,178,178,180,192,214,13,233,232,252,255,83,69,50,28,0,0,0,0,0,0,0,0,0,0,0,0,0,0,0,0,0,0,0,0,0,0,0,0,0,0,7
0,0,207,0,0,0,0,129,0,137,102,0,0,0,0,0,98,153,0,0,125,160,215,141,78,204,117,0,0,3,0,0,0,0,141,82,168,231,0,0,137,0,0,109,156,0,0,0,0,125,0,125,113,141,133,137,207,109,0,0,172,141,149,121,0,0,156,145,113,113,156,223,113,3,0,105,0,109,149,117,137,133,0,133,109,188,153,129,133,0,0,0,188,137,235,149,255,0,105,239,0
0,0,0,0,0,0,0,187,218,0,3,209,0,215,212,0,217,206,0,228,215,216,222,213,220,216,213,0,0,216,230,0,210,0,216,216,217,221,44,0,216,213,0,217,217,0,219,213,0,217,201,218,217,213,216,217,217,217,240,0,218,216,218,238,0,0,214,216,219,238,214,216,217,223,255,216,0,216,216,216,219,217,120,214,228,214,220,217,220,140,0,0,216,213,216,234,231,98,59,28,2
0,0,0,0,0,0,0,190,175,0,0,193,0,190,190,0,189,215,0,214,190,191,193,200,198,193,211,0,0,211,200,0,76,0,194,194,234,0,0,0,188,0,0,190,192,0,0,0,0,184,0,183,199,0,194,192,196,28,0,0,57,193,201,5,0,0,191,192,0,5,194,183,29,0,0,197,0,195,198,192,190,192,0,192,30,47,204,185,189,0,0,5,40,178,189,212,199,0,147,148,0
0,0,0,0,0,0,0,130,200,0,0,193,0,186,168,0,176,137,0,199,177,174,171,183,181,164,173,0,0,221,179,0,0,0,165,172,200,161,0,0,181,93,0,167,167,0,217,141,0,166,0,164,169,176,170,169,241,45,0,0,0,170,74,170,0,0,234,177,242,168,246,208,0,180,0,182,0,185,183,181,173,204,0,176,0,35,187,192,182,0,0,80,0,189,216,227,189,0,119,0,6
0,0,0,0,0,0,0,0,0,0,0,0,0,0,0,0,0,0,0,0,0,0,0,0,0,0,0,0,0,0,0,0,54,1,11,0,3,6,30,0,0,117,0,124,80,0,0,0,0,0,0,3,0,1,3,0,45,0,0,30,0,0,91,0,0,148,59,59,201,217,195,22,124,132,0,0,0,0,0,0,0,0,0,0,0,0,0,0,0,0,0,0,0,0,0,0,0,0,0,0,5
0,0,0,0,0,0,0,0,0,0,0,0,0,0,0,0,0,0,0,0,0,0,0,0,0,0,0,0,0,0,0,0,3,0,87,0,0,110,133,0,0,184,37,0,156,0,13,0,0,0,0,0,0,194,33,138,189,171,125,47,151,124,0,0,2,9,6,0,24,26,4,0,16,13,0,0,0,0,0,0,0,0,0,0,0,0,0,0,0,0,0,0,0,0,0,0,0,0,0,0,5
0,0,0,0,0,0,0,43,96,0,0,174,0,102,118,0,129,0,0,0,122,154,0,0,0,134,0,0,0,0,0,0,0,0,125,173,0,0,0,0,140,0,0,122,160,0,0,0,0,127,0,118,163,0,127,163,0,0,0,0,0,129,0,0,0,0,0,127,0,0,0,0,0,0,0,153,0,154,149,158,145,0,0,89,0,0,153,149,153,0,0,0,0,156,0,34,0,0,25,0,1
0,0,0,0,0,0,0,0,0,0,0,239,0,216,251,0,193,0,0,0,202,224,0,0,0,207,0,0,0,0,0,0,0,0,212,212,0,0,0,0,206,0,0,207,204,0,0,0,0,206,0,202,209,0,207,205,212,0,0,0,240,207,251,0,0,0,216,209,0,0,218,204,33,0,0,209,0,208,217,208,214,238,0,209,185,218,220,209,214,0,0,0,211,204,211,251,251,0,112,129,3
0,0,0,0,0,0,0,0,0,0,0,0,0,0,0,0,5,148,0,0,0,1,191,131,0,76,0,0,0,0,0,0,180,0,3,1,1,69,211,0,0,58,217,0,1,0,0,245,241,0,225,0,0,1,0,0,108,204,198,0,0,0,138,0,75,0,0,0,0,7,0,0,0,0,0,0,0,13,30,75,0,0,176,180,0,69,114,50,15,0,0,0,0,0,0,0,0,0,0,0,5
0,0,0,0,0,0,0,0,0,0,0,0,0,0,0,0,0,242,0,0,0,0,0,255,0,0,234,0,0,0,0,0,0,0,229,230,255,0,0,0,18,13,255,0,239,0,0,236,245,0,234,0,5,0,1,0,134,0,232,0,170,3,0,112,255,8,133,1,0,116,221,3,2,255,94,0,101,195,249,238,0,0,206,236,7,225,209,180,0,36,0,0,0,0,0,0,0,0,0,0,5
0,0,0,0,0,0,0,89,243,0,0,225,0,230,238,0,236,0,0,0,237,232,153,0,0,234,0,0,0,0,0,0,0,0,227,222,126,0,0,0,253,0,0,229,255,0,0,0,0,255,0,255,235,0,232,208,255,0,0,0,0,234,29,0,0,0,0,236,0,0,0,255,0,0,0,242,0,243,245,243,232,0,0,138,0,0,246,243,244,0,0,0,0,241,218,214,255,0,81,112,1
0,0,0,0,0,0,0,0,0,0,0,0,5,0,0,0,188,0,66,0,0,181,190,217,0,164,222,226,0,0,0,0,138,0,188,171,194,188,232,0,0,162,0,0,162,0,0,168,0,0,174,8,45,0,0,217,216,243,235,4,0,211,233,227,58,4,180,197,222,230,205,238,249,247,213,194,0,154,229,223,255,215,2,232,184,0,46,46,0,25,0,0,0,0,0,0,0,0,0,0,9
0,0,0,0,0,0,0,0,0,0,0,0,0,0,0,0,0,0,0,0,0,0,0,0,0,0,0,0,0,0,0,0,2,0,9,54,73,45,29,0,0,34,0,39,22,2,0,0,0,0,1,8,153,86,154,4,19,4,0,98,158,150,19,45,68,158,117,156,87,111,154,107,167,178,0,101,0,0,0,0,0,0,0,0,0,0,0,0,0,0,0,0,0,0,0,0,0,0,0,0,5
0,0,0,0,0,0,0,108,18,0,0,190,0,148,173,0,101,1,0,0,85,114,87,0,117,89,25,0,0,0,34,0,1,0,98,92,125,113,0,0,126,0,0,127,117,0,32,4,0,150,0,128,126,104,171,168,204,117,0,0,155,237,233,212,0,0,224,216,209,209,227,236,213,222,0,230,0,233,220,229,218,217,0,223,231,236,223,221,216,0,0,213,224,221,237,5,35,0,0,0,4
0,0,0,0,0,0,0,98,114,0,0,143,0,134,127,0,105,23,0,87,43,89,105,116,213,84,120,0,0,120,114,0,0,0,64,66,179,86,0,0,123,0,0,104,73,0,143,1,0,43,0,141,107,138,138,95,84,154,0,0,125,129,66,95,0,0,141,127,114,100,129,122,118,62,0,3,0,87,195,113,123,95,0,109,66,159,141,129,73,0,0,0,170,172,71,125,125,0,86,48,3
0,0,0,0,0,0,0,0,207,0,0,214,0,196,197,0,196,0,0,0,203,185,0,0,0,199,0,0,0,0,0,0,0,0,195,189,0,0,0,0,186,0,0,186,217,0,0,0,0,191,0,174,208,0,207,240,150,0,0,0,0,216,0,0,0,0,0,216,0,0,0,99,0,0,0,208,0,232,168,119,239,0,0,93,0,0,208,196,195,0,0,0,0,232,0,58,0,0,0,0,1
0,0,0,0,0,0,0,0,191,0,0,235,0,244,228,0,248,0,0,0,233,103,170,0,0,235,0,0,0,0,0,0,0,0,198,0,223,0,0,0,170,0,0,237,233,0,0,0,0,239,0,245,236,0,230,231,151,0,0,0,0,232,183,0,0,0,128,231,0,0,115,1,0,0,0,234,0,235,233,235,192,0,0,234,0,0,240,234,252,0,0,0,0,231,0,242,0,0,219,0,3
0,0,0,0,0,0,0,145,139,0,0,135,0,152,146,0,145,0,0,8,145,150,171,186,180,147,209,0,0,18,214,0,0,0,160,163,194,188,0,0,163,0,0,170,178,0,95,0,0,163,0,170,178,235,175,183,200,224,0,0,178,178,146,100,0,0,159,175,208,97,157,200,210,0,0,178,0,182,175,175,175,209,0,193,231,206,195,199,200,0,0,203,211,214,251,41,0,0,0,0,2
0,0,0,0,0,0,0,217,206,0,0,218,0,213,204,0,205,0,0,0,202,209,78,0,7,241,4,0,0,0,0,0,0,0,213,222,0,0,0,0,235,0,0,215,214,0,0,0,0,216,0,219,224,0,216,223,221,0,0,0,237,219,223,0,0,0,230,221,0,0,233,219,128,0,0,224,0,223,226,225,220,227,0,219,222,177,230,214,205,0,0,176,136,166,140,242,116,0,104,0,3
0,0,0,0,0,0,0,144,147,0,0,195,0,219,243,0,220,0,0,0,213,214,204,113,224,217,188,0,0,0,0,0,0,0,216,215,221,232,0,0,222,0,0,217,219,0,0,0,0,225,0,223,221,221,217,219,216,239,0,0,225,217,217,254,0,0,194,219,216,252,206,216,225,101,0,222,0,222,224,223,221,214,0,221,231,171,225,225,222,0,0,0,134,220,217,254,231,0,125,131,4
0,0,1,0,0,0,0,240,226,0,0,223,0,224,220,0,201,217,0,235,95,75,206,216,221,0,215,0,0,221,226,0,239,0,123,0,229,89,0,0,204,0,0,134,68,0,0,1,0,223,0,217,206,0,221,0,212,214,0,0,172,220,218,0,0,0,236,221,0,0,234,216,219,1,0,220,0,221,221,221,221,219,0,220,240,221,222,222,223,0,0,0,224,215,219,245,232,0,163,137,0
0,0,0,0,0,0,0,0,0,0,0,0,0,0,0,0,0,0,0,0,0,0,0,0,0,0,0,0,0,0,0,0,4,0,226,204,0,0,0,0,111,17,165,209,213,0,20,223,199,212,232,192,193,50,46,52,62,57,49,34,110,109,112,121,118,9,80,84,57,55,0,0,0,0,0,0,0,0,0,0,0,0,0,0,0,0,0,0,0,0,0,0,0,0,0,0,0,0,0,0,7
0,0,0,0,0,0,0,175,216,0,1,199,0,163,189,0,215,241,0,168,226,226,192,191,176,212,188,0,58,187,147,0,203,0,205,171,175,203,229,0,217,253,124,219,241,250,202,231,232,221,221,225,230,223,219,206,206,224,255,0,220,221,211,215,0,188,224,225,193,204,221,207,205,226,211,211,0,205,205,200,206,206,0,211,206,225,201,201,209,0,0,220,213,198,190,214,242,0,185,132,8
0,0,0,0,0,0,0,98,119,0,0,104,0,130,109,0,114,182,0,0,78,145,98,171,62,83,202,176,0,119,119,0,156,156,140,104,109,88,192,0,104,228,0,72,72,0,0,135,0,93,114,88,114,52,93,83,88,114,171,0,218,98,135,140,26,0,88,62,124,124,104,135,166,150,78,187,0,0,0,0,0,0,150,0,0,135,5,0,0,0,0,135,124,0,0,0,0,0,0,0,3
0,0,0,0,0,0,0,0,0,0,0,0,0,0,0,0,0,0,0,0,0,0,0,0,176,151,119,0,190,184,179,0,190,57,203,196,191,175,200,0,195,192,234,199,199,238,190,208,243,200,210,199,203,187,203,205,202,197,199,0,201,205,200,195,208,31,205,206,201,207,205,206,205,203,209,205,0,229,0,0,0,0,0,0,0,0,0,0,0,0,0,0,0,0,0,0,0,0,0,0,8
0,0,0,0,0,0,0,0,228,0,0,216,0,215,226,0,230,0,0,0,224,217,139,0,0,230,0,0,0,0,0,0,0,0,226,235,147,0,0,0,221,0,0,208,203,0,0,0,0,219,0,217,149,0,237,20,251,0,0,0,0,237,10,0,0,0,255,233,0,0,255,226,0,0,0,197,0,223,226,253,226,13,0,245,0,0,229,225,246,0,0,0,0,224,135,0,51,0,0,2,1
0,0,0,0,0,0,0,0,132,0,0,163,0,237,228,0,234,0,0,0,233,230,0,0,0,232,0,0,0,0,0,0,0,0,236,247,0,0,0,0,255,0,0,233,233,0,0,0,0,255,0,255,241,0,233,241,155,0,0,0,0,235,0,0,0,0,166,236,0,0,167,146,0,0,0,241,0,241,237,241,255,0,0,255,0,0,235,244,238,0,0,0,0,240,80,201,95,0,57,16,3
0,0,0,0,0,0,0,0,0,0,0,0,0,0,0,0,0,0,0,0,0,0,0,0,0,0,0,0,0,0,0,0,1,0,184,177,97,0,0,0,0,0,0,0,129,0,0,212,31,7,212,206,118,56,149,192,182,191,193,4,135,128,150,184,209,147,169,173,198,190,183,202,199,190,34,34,0,19,0,0,0,0,0,0,0,0,0,0,0,0,0,0,0,0,0,0,0,0,0,0,7
0,0,0,0,0,0,0,64,63,0,0,19,0,23,32,0,26,7,0,14,28,28,28,32,110,29,30,0,0,26,35,0,0,0,36,56,89,37,0,0,49,0,0,50,33,0,26,8,0,42,0,39,50,21,47,36,40,43,0,0,15,30,2,26,0,0,37,39,134,35,44,42,19,23,0,60,0,51,53,49,50,42,0,47,15,0,53,58,60,0,0,119,0,11,0,0,0,0,0,1,6
0,0,0,0,0,0,0,0,194,0,0,193,0,223,225,0,231,28,0,0,212,197,166,193,187,168,173,0,0,20,214,0,0,0,162,155,160,219,0,0,202,210,0,196,172,0,192,226,0,198,0,199,199,224,203,198,214,0,0,0,0,205,215,232,0,0,255,208,167,241,255,183,0,204,0,208,0,211,212,209,202,195,0,209,0,29,217,211,213,0,0,176,0,234,217,78,18,0,0,0,2
0,0,0,0,0,0,0,42,70,0,0,88,0,56,65,0,56,0,0,0,44,91,0,0,0,70,0,0,0,0,0,0,0,0,49,112,0,0,0,0,81,0,0,60,95,0,0,0,0,70,0,63,147,0,81,88,0,0,0,0,0,86,0,0,0,0,0,86,0,0,0,4,0,0,0,112,0,100,100,98,112,0,0,56,0,0,102,74,95,0,0,0,0,72,0,0,0,0,0,0,1
0,0,0,0,0,0,0,137,178,0,0,166,0,170,185,0,159,0,0,0,179,178,36,1,0,166,2,0,0,0,0,0,0,0,179,192,0,0,0,0,118,0,0,189,204,0,0,0,0,193,0,168,184,0,197,202,170,83,0,0,89,136,199,0,0,0,196,207,0,0,179,178,186,0,0,203,0,173,232,188,159,170,0,197,204,190,236,189,239,0,0,0,197,179,160,109,139,0,25,62,3
0,0,0,0,0,0,0,0,0,0,0,0,0,0,0,0,0,0,0,0,0,0,0,0,0,3,0,0,0,0,0,0,109,0,225,213,0,0,252,0,75,255,203,229,192,0,0,45,244,212,227,129,0,209,0,48,237,223,234,0,241,52,249,246,246,0,205,185,209,212,0,0,0,0,11,17,0,0,0,0,0,0,0,0,0,0,0,0,0,0,0,0,0,0,0,0,0,0,0,0,7
0,0,0,0,0,0,0,108,234,0,0,197,0,76,72,0,161,0,0,0,231,68,206,0,6,255,0,0,0,0,0,0,0,0,199,233,107,0,0,0,217,0,0,149,185,0,0,0,0,222,0,223,78,0,203,64,178,0,0,0,0,180,204,0,0,0,225,125,0,0,148,244,0,0,0,198,0,152,149,180,184,114,0,169,0,0,139,101,184,0,0,0,0,65,178,0,215,0,0,150,1
0,0,0,0,0,0,0,144,100,0,0,97,0,128,90,0,226,0,0,0,141,0,0,0,0,229,0,0,0,0,1,0,0,0,188,73,2,0,0,0,129,0,0,96,94,0,0,0,0,112,0,150,102,100,133,130,192,0,0,0,79,135,184,1,0,0,142,138,0,2,171,204,157,0,0,119,0,135,123,167,157,208,0,92,215,114,127,199,158,0,0,129,91,207,171,198,225,0,182,127,3
0,0,0,0,0,0,0,225,232,0,0,218,0,238,246,0,252,0,0,21,224,95,199,189,197,204,220,0,0,165,219,0,0,0,199,200,201,220,0,0,194,0,0,206,210,0,250,0,0,196,0,198,205,237,205,207,206,245,0,0,194,202,207,245,0,0,204,204,221,239,199,200,244,103,0,206,0,197,203,199,188,207,0,188,228,190,194,200,199,0,0,247,212,222,215,121,70,0,0,0,4
0,0,0,0,0,0,0,77,101,0,0,73,0,27,52,0,52,65,0,68,47,53,55,62,44,50,66,0,0,69,53,0,40,0,54,52,52,164,0,0,59,0,0,52,50,0,0,0,0,50,0,50,54,0,57,53,55,49,0,0,36,57,67,0,0,0,64,54,0,0,66,55,54,0,0,54,0,55,54,55,57,65,0,54,53,49,55,55,52,0,0,0,52,54,54,60,59,0,27,35,0
0,0,0,0,0,0,0,0,0,0,0,0,0,0,0,0,0,0,0,13,75,2,19,31,168,211,180,87,90,113,180,96,107,119,103,100,170,162,191,148,163,119,237,108,137,161,189,152,142,158,93,111,183,245,197,233,183,253,196,0,197,153,201,235,200,219,56,115,73,173,90,86,119,150,212,213,112,119,0,0,0,0,0,0,0,0,0,0,0,0,0,0,0,0,0,0,0,0,0,0,8
0,2,0,0,0,1,0,5,5,140,0,0,2,0,1,8,67,138,0,194,0,192,164,175,164,198,187,0,138,164,189,0,144,0,173,163,184,180,164,0,175,131,8,175,173,81,204,166,77,173,194,175,173,145,173,176,162,85,175,0,193,175,208,147,140,186,171,174,0,66,174,168,213,252,201,175,33,175,178,180,172,167,185,176,190,174,174,186,179,4,0,193,165,172,162,221,223,2,67,68,6
0,0,0,0,0,0,0,31,102,0,0,33,0,39,22,0,33,51,0,113,36,30,46,34,66,48,33,0,0,54,101,0,0,0,67,39,55,153,0,0,61,49,0,111,104,0,69,64,0,79,0,69,87,99,129,60,36,132,0,0,37,113,37,102,0,0,60,96,72,123,61,67,69,52,27,87,0,89,125,92,79,63,0,64,27,57,58,138,84,0,0,119,63,255,76,28,78,13,0,4,2
0,0,0,0,0,0,0,218,234,0,0,221,0,222,223,0,220,222,0,221,221,220,222,229,219,219,231,0,0,217,233,0,0,0,227,226,230,117,0,0,226,0,0,226,227,0,4,0,0,229,0,229,228,90,229,229,225,181,0,0,242,230,242,0,0,0,221,231,0,0,224,221,232,0,0,231,0,231,233,229,230,223,0,225,243,220,229,230,231,0,0,104,225,228,230,255,255,0,118,118,6
0,0,0,0,0,0,0,0,0,0,0,0,0,0,0,0,0,0,0,0,0,0,0,0,0,0,0,0,0,0,0,0,19,0,94,159,3,0,0,0,0,225,0,94,156,0,0,22,8,177,104,179,171,195,223,56,101,70,0,51,0,79,0,51,0,68,13,0,0,0,26,51,74,180,0,0,0,0,0,0,0,0,0,0,0,0,0,0,0,0,0,0,0,0,0,0,0,0,0,0,7
0,3,0,0,0,0,0,199,162,1,0,191,0,170,182,0,186,191,0,186,178,193,179,199,184,183,219,0,0,191,185,0,133,0,166,178,171,209,0,0,177,185,0,188,176,0,184,178,0,175,0,178,186,62,191,187,182,150,0,0,195,183,219,228,0,0,180,177,12,231,193,179,208,179,66,174,0,170,177,188,188,192,0,183,229,205,187,180,185,0,0,67,225,180,188,221,183,7,46,10,2
0,0,0,0,0,0,0,0,0,0,0,0,0,0,0,0,0,0,0,0,0,0,0,0,0,0,0,0,0,0,0,0,0,0,22,69,110,0,122,0,12,78,141,160,91,0,0,188,188,0,157,15,119,37,97,210,201,173,135,138,59,138,223,210,195,192,232,217,179,182,229,195,188,173,0,0,0,0,0,0,0,0,0,0,0,0,0,0,0,0,0,0,0,0,0,0,0,0,0,0,7
0,0,0,0,0,0,0,58,58,0,0,72,0,62,75,0,73,75,0,55,68,72,70,84,77,72,98,0,0,70,90,0,14,0,78,78,69,113,0,0,76,87,0,81,80,0,85,79,0,80,0,76,79,164,72,84,65,37,0,0,17,76,85,131,0,0,74,74,145,125,79,73,24,59,0,81,0,74,80,83,79,62,0,39,43,12,111,112,111,0,0,145,153,228,226,4,5,0,0,0,2
0,0,0,0,0,0,0,0,0,0,0,0,0,0,0,0,0,0,0,0,0,0,0,0,0,0,0,0,0,0,0,0,0,0,222,221,125,0,208,0,0,221,161,255,203,0,0,197,255,227,229,236,255,225,231,209,201,215,223,50,38,88,88,88,105,97,122,145,148,157,72,82,84,76,0,0,0,0,0,0,0,0,0,0,0,0,0,0,0,0,0,0,0,0,0,0,0,0,0,0,7
0,0,0,0,0,0,0,57,255,0,1,73,0,71,65,0,94,123,0,88,90,90,168,92,150,98,79,0,0,135,108,0,0,0,98,85,170,90,0,0,88,46,0,117,110,0,121,71,0,90,0,92,100,42,129,113,129,27,0,0,162,131,197,92,0,0,113,137,133,102,113,94,28,117,25,94,0,98,144,100,141,175,0,146,0,170,146,110,135,0,0,27,85,113,139,108,30,0,112,0,6
0,0,44,0,0,0,0,0,0,165,165,181,0,0,8,0,170,167,0,0,5,167,178,168,0,153,167,0,0,0,0,0,189,0,176,189,191,173,62,0,0,179,0,0,202,0,0,168,119,0,166,0,192,2,143,174,167,230,160,0,1,162,179,172,197,0,0,168,187,151,45,159,200,158,2,164,0,166,166,167,194,132,114,163,0,160,168,171,181,101,0,164,158,173,0,191,0,0,29,3,9
0,0,0,0,0,0,0,60,168,0,0,155,0,160,164,0,132,0,0,0,157,149,137,4,163,135,25,0,0,0,0,0,0,0,134,109,177,50,0,0,171,0,0,152,123,0,0,0,0,159,0,164,137,170,146,125,120,151,0,0,164,150,171,0,0,0,135,149,89,0,136,126,135,0,0,149,0,147,156,154,148,0,0,165,0,0,162,152,143,0,0,3,7,161,124,203,155,0,149,12,4
0,0,0,0,1,0,0,201,137,1,0,106,0,86,95,0,90,120,0,153,101,89,92,95,101,96,125,0,0,129,131,0,0,0,96,95,92,112,0,0,101,71,0,100,96,0,96,73,0,109,0,101,98,208,95,95,82,167,0,0,159,92,153,71,0,0,71,87,143,65,70,68,225,93,10,95,0,95,90,90,79,32,0,86,165,51,86,86,86,0,0,154,82,100,90,98,92,0,0,0,2
0,0,0,0,0,0,0,13,211,0,0,227,0,196,221,0,209,205,0,143,194,221,222,215,201,216,228,0,0,253,210,0,44,0,198,211,205,230,0,0,213,215,0,205,220,0,0,0,0,207,0,211,215,0,207,218,204,135,0,0,165,211,217,1,0,0,222,212,0,1,222,212,142,0,0,208,0,204,216,221,206,223,0,202,157,154,196,207,195,0,0,1,160,210,200,253,229,0,102,117,6
0,0,0,0,0,0,0,10,200,0,0,202,0,212,218,0,230,0,0,0,205,186,103,0,0,249,0,0,0,0,0,0,0,0,235,192,38,0,0,0,230,0,0,193,108,0,0,0,0,235,0,239,246,0,205,24,244,0,0,0,0,213,41,0,0,0,19,214,0,0,0,228,0,0,0,231,0,231,241,229,228,0,0,108,0,0,240,227,254,0,0,0,0,228,208,254,199,0,198,175,1
0,0,0,0,0,0,0,0,0,0,0,0,0,0,0,0,0,0,0,0,0,0,0,0,0,0,0,0,0,0,0,0,59,0,1,1,0,16,31,0,0,196,0,0,0,0,0,220,0,0,0,0,77,35,74,146,0,0,0,0,40,0,0,0,2,0,0,0,0,0,84,157,150,159,51,37,0,0,0,0,0,0,0,0,0,0,0,0,0,0,0,0,0,0,0,0,0,0,0,0,5
0,0,0,0,0,0,0,0,186,0,0,172,0,208,126,0,159,131,0,0,179,166,196,154,177,175,162,0,0,0,165,0,0,0,157,155,156,196,0,0,172,89,0,156,170,0,73,123,0,183,0,177,200,155,142,136,152,148,0,0,229,164,167,170,0,0,133,165,132,183,131,166,188,147,0,191,0,179,143,175,175,154,0,189,172,205,159,183,179,0,0,220,209,170,174,161,190,0,83,116,6
0,0,0,0,0,0,0,0,218,0,0,237,0,230,228,0,223,0,0,0,229,245,0,0,0,233,0,0,0,0,0,0,0,0,224,228,0,0,0,0,95,0,0,245,227,0,0,0,0,227,0,247,212,0,231,231,255,0,0,0,0,231,28,0,0,0,1,230,0,0,19,255,0,0,0,222,0,201,232,237,223,109,0,255,0,0,234,236,235,0,0,0,0,223,242,255,255,0,125,99,3
0,0,0,0,1,0,0,44,224,1,0,218,0,211,210,0,185,29,0,181,196,190,187,205,189,194,195,0,0,212,210,0,0,0,175,173,172,189,0,0,195,116,0,194,180,0,199,158,0,206,0,205,204,203,207,179,201,170,0,0,148,207,175,195,0,0,233,211,243,194,233,190,87,213,148,210,0,208,218,212,193,240,0,216,71,176,220,221,212,0,0,213,0,27,0,0,0,0,2,0,4
0,0,0,0,0,0,0,52,230,0,0,226,0,232,234,0,232,0,0,0,233,232,218,0,0,242,0,0,0,0,0,0,0,0,254,225,183,0,0,0,255,0,0,228,147,0,0,0,0,255,0,226,240,0,242,64,254,0,0,0,0,243,0,0,0,0,0,244,0,0,0,254,0,0,0,247,0,248,248,246,246,0,0,102,0,0,247,248,213,0,0,0,0,247,219,119,232,0,33,79,1
0,0,0,0,0,0,0,23,82,0,0,117,0,245,247,0,210,2,0,2,206,199,199,0,227,201,36,0,0,0,24,0,0,0,224,220,222,192,0,0,232,0,0,222,220,0,0,0,0,238,0,234,236,234,227,221,216,237,0,0,252,230,223,255,0,0,231,229,229,255,224,221,240,107,0,242,0,242,236,243,228,221,0,234,156,224,241,244,236,0,0,0,235,238,207,190,227,0,203,2,4
0,0,0,0,0,0,0,0,0,0,0,0,1,176,0,0,0,0,0,11,0,0,202,9,171,65,57,184,0,145,148,0,179,104,146,159,169,187,170,0,156,177,191,139,154,0,126,181,197,156,176,153,156,145,155,162,171,172,170,0,151,156,174,176,206,55,157,159,179,180,157,171,177,186,79,159,0,165,166,167,170,174,141,175,177,189,186,166,161,194,0,246,228,215,184,170,155,131,0,0,8
0,0,15,0,0,0,0,14,3,15,0,18,0,0,66,0,51,15,0,15,77,0,14,15,16,99,15,0,0,15,15,0,0,0,116,5,17,15,0,0,38,15,0,167,240,0,16,16,0,0,0,0,237,17,202,243,11,18,0,0,17,154,17,17,0,0,24,92,18,18,24,15,19,19,0,254,0,240,0,218,0,18,0,19,19,19,0,152,0,0,0,19,19,0,22,84,18,0,38,19,1
0,0,0,0,0,0,0,0,3,0,0,106,0,110,191,0,0,44,0,0,28,32,0,0,0,96,0,0,0,0,0,0,0,0,59,67,0,0,0,0,59,0,0,75,83,0,0,0,0,71,0,61,79,0,67,73,61,5,0,0,0,73,79,0,0,0,83,81,0,0,88,63,21,0,0,71,0,88,73,79,75,83,0,73,1,0,113,106,85,0,0,0,0,88,77,67,81,0,92,73,3
0,0,0,0,0,0,0,0,189,0,0,177,0,185,95,0,126,0,0,0,136,122,141,162,150,160,152,0,0,0,162,0,0,0,205,201,150,150,0,0,144,50,0,155,151,0,143,92,0,151,0,145,158,136,151,151,156,102,0,0,102,156,165,170,0,0,194,156,184,175,194,132,104,99,0,158,0,155,143,162,155,139,0,145,96,103,167,167,152,0,0,215,100,190,186,181,194,0,0,0,4
0,0,2,0,0,0,0,139,46,0,2,74,0,106,93,0,93,134,0,0,95,104,93,93,82,104,68,0,0,16,189,0,0,0,90,93,87,87,0,0,93,123,2,98,120,0,150,112,0,109,10,115,106,252,109,120,93,87,57,0,65,112,87,150,0,0,128,109,63,150,131,85,85,98,238,101,0,104,98,106,93,90,19,101,85,145,109,106,71,76,0,0,156,93,90,98,104,43,30,19,6
0,0,102,0,0,0,0,0,0,119,95,0,0,1,2,0,47,161,0,0,113,79,141,165,0,108,0,0,0,0,0,0,64,0,0,0,1,2,96,0,103,70,119,178,0,0,0,79,123,115,122,100,109,2,56,138,0,126,159,0,1,142,138,0,82,1,0,86,0,0,0,154,0,0,0,0,0,0,190,93,2,1,0,40,0,60,67,87,0,25,0,80,70,87,0,129,0,0,33,0,5
0,0,0,0,0,0,0,34,34,0,0,39,0,11,71,0,179,19,0,25,6,52,5,54,50,85,19,0,0,0,0,0,0,0,6,27,21,0,0,0,27,0,0,38,3,0,0,0,0,31,0,33,27,0,33,17,21,22,0,0,43,54,15,0,0,0,38,44,0,0,43,19,30,0,0,29,0,34,50,38,62,27,0,43,36,54,33,35,14,0,0,0,60,42,31,59,39,0,43,18,6
0,0,0,0,0,0,0,221,215,0,0,223,0,221,214,0,228,0,0,0,223,224,245,0,253,223,0,0,0,0,0,0,0,0,252,200,222,68,0,0,231,0,0,221,226,0,0,0,0,254,0,254,228,253,219,228,217,246,0,0,110,224,7,0,0,0,132,223,31,0,124,231,0,0,0,227,0,227,224,227,241,0,0,230,0,0,229,226,223,0,0,0,0,226,101,230,80,0,225,14,3
0,0,0,0,0,0,0,230,233,0,1,234,0,234,232,0,229,215,0,238,233,205,215,229,233,236,230,0,0,234,239,0,0,0,233,233,235,234,0,0,234,229,0,235,234,0,233,255,0,238,0,237,234,174,234,234,236,230,0,0,255,235,231,232,0,0,232,236,249,232,226,234,172,255,186,236,0,236,236,236,234,255,0,234,49,255,238,237,234,0,0,91,62,20,21,0,0,37,2,3,2
0,0,0,0,0,0,0,0,0,0,0,104,0,195,75,0,0,0,0,0,8,2,0,137,160,0,137,0,0,160,187,1,168,0,170,173,175,183,193,0,226,224,206,218,220,224,216,226,232,220,233,225,221,220,217,184,217,136,237,189,121,221,241,247,209,238,238,234,255,225,219,221,217,234,207,218,0,232,219,218,225,224,227,217,216,220,229,230,255,28,0,191,209,210,89,0,0,0,0,0,8
0,0,0,0,0,0,0,213,221,0,0,213,0,214,214,0,178,220,0,222,109,64,69,210,67,28,212,0,0,217,224,0,88,0,212,214,200,237,0,0,214,149,0,218,216,0,0,1,0,215,0,214,218,145,215,216,207,117,0,0,221,216,225,2,0,0,208,217,0,2,211,209,110,0,0,220,0,222,220,224,220,228,0,220,113,233,224,226,222,0,0,0,228,219,213,243,229,0,168,119,0
0,0,0,0,0,0,0,0,0,0,0,0,0,0,0,0,0,0,0,0,0,0,0,0,0,0,139,0,0,0,0,0,79,0,0,0,0,0,83,0,0,139,26,1,0,0,0,0,0,0,0,0,0,0,2,26,0,69,161,1,0,0,0,66,0,0,0,0,120,255,1,0,156,0,0,0,0,0,51,60,76,125,49,71,62,0,0,0,0,0,0,0,0,0,0,0,0,0,0,0,5
0,0,0,0,0,0,0,233,230,0,0,223,0,234,233,0,235,0,0,0,235,226,119,0,136,238,0,0,0,0,0,0,0,0,237,233,60,0,0,0,232,0,0,234,255,0,0,0,0,230,0,232,108,0,247,255,97,0,0,0,0,246,0,0,0,0,255,245,0,0,216,65,0,0,0,242,0,237,238,206,202,0,0,249,0,0,244,213,247,0,0,0,0,204,0,0,0,0,0,0,1
0,0,0,0,0,0,0,0,0,0,0,0,0,0,0,0,0,0,0,0,0,0,0,0,0,0,0,0,0,0,0,0,2,0,198,226,0,0,0,0,0,0,169,210,217,0,0,246,204,207,206,198,204,203,214,165,211,206,176,61,203,201,238,249,254,0,242,227,166,155,155,73,69,74,0,0,0,0,0,0,0,0,0,0,0,0,0,0,0,0,0,0,0,0,0,0,0,0,0,0,7
0,0,0,0,0,0,0,214,228,0,2,217,0,216,229,0,218,185,0,230,217,218,222,224,219,217,218,0,0,237,214,0,0,0,217,217,224,214,0,0,217,111,0,217,216,0,232,163,0,217,0,217,216,219,218,217,220,225,0,0,220,218,219,219,0,0,218,218,224,216,219,219,225,255,96,215,0,215,219,214,216,226,0,223,191,228,218,217,214,0,0,159,231,218,216,30,221,89,0,13,6
0,0,0,0,0,0,0,14,161,0,0,133,0,179,162,0,136,0,0,20,185,132,138,138,192,222,119,0,0,109,174,0,0,0,129,119,137,194,0,0,167,6,0,202,184,0,192,37,0,242,0,174,182,213,186,169,197,215,0,0,90,189,141,165,0,0,238,197,181,181,146,150,208,101,0,167,0,163,141,113,138,137,0,220,187,0,70,85,124,0,0,161,0,0,0,0,3,0,0,0,4
0,0,0,0,0,0,0,0,0,0,0,0,0,0,0,0,0,0,0,0,0,0,0,0,0,0,0,0,0,0,0,0,219,2,228,215,212,205,96,0,0,211,0,0,203,0,6,204,40,92,223,215,199,220,186,205,210,219,216,34,185,206,208,229,218,151,196,203,255,236,206,167,118,72,0,77,0,0,0,0,0,0,0,0,0,0,0,0,0,0,0,0,0,0,0,0,0,0,0,0,9
0,0,0,0,0,0,0,225,219,0,0,225,0,225,224,0,225,241,0,116,224,225,222,222,232,224,226,0,0,189,239,0,0,0,227,229,219,230,0,0,226,213,0,226,227,0,221,226,0,228,0,226,227,194,226,227,231,0,0,0,25,227,255,250,0,0,255,227,83,253,255,227,0,237,0,228,0,229,229,229,233,255,0,227,181,238,229,229,230,0,0,225,254,227,231,237,225,0,29,0,2
0,0,0,0,0,0,0,72,123,0,0,87,0,80,83,0,87,105,0,94,72,91,94,174,76,83,182,0,0,76,116,0,51,0,80,109,76,109,0,0,87,0,0,69,91,0,0,0,0,91,0,91,109,91,87,102,149,112,0,0,127,91,116,0,0,0,94,83,0,0,94,171,142,0,0,160,0,167,98,178,102,171,0,112,204,171,116,200,131,0,0,0,51,204,218,200,123,0,193,0,0
0,0,0,0,0,0,0,0,0,0,0,0,0,0,0,0,150,141,87,0,0,213,192,146,0,0,151,253,0,0,0,0,211,0,15,215,188,193,217,0,0,210,76,1,0,0,0,209,95,0,214,3,0,0,0,166,197,203,204,0,0,147,195,214,209,0,138,5,232,215,63,231,236,212,143,233,0,218,213,233,230,255,117,220,209,255,254,247,3,255,0,0,37,60,0,0,0,0,0,0,9
0,0,0,0,0,0,0,160,153,0,0,143,0,165,150,0,180,0,0,0,187,170,193,0,0,167,0,0,0,0,0,0,0,0,169,171,0,0,0,0,46,0,0,192,165,0,0,0,0,121,0,138,183,0,177,163,169,0,0,0,0,176,70,0,0,0,0,174,0,0,0,165,0,0,0,163,0,162,167,158,158,54,0,94,0,0,170,158,161,0,0,0,5,158,166,173,178,0,98,79,3
0,0,0,0,0,0,0,0,0,0,0,0,0,0,0,0,29,24,0,169,199,179,180,180,200,206,215,193,188,212,212,0,217,123,217,217,215,216,236,0,213,218,255,220,210,0,96,208,248,168,226,147,167,218,255,255,255,234,216,0,219,255,206,220,251,0,219,234,221,219,239,221,217,219,218,211,174,231,42,212,195,174,0,0,0,0,0,4,2,4,0,0,0,0,0,0,0,0,0,0,8
0,0,0,0,0,0,0,0,0,0,0,0,0,1,2,0,0,48,0,0,2,1,103,0,0,0,34,1,0,0,0,0,57,0,22,0,0,92,0,0,0,0,207,0,0,1,1,218,192,0,194,0,0,0,0,0,157,68,208,1,1,0,49,1,62,0,0,0,0,4,0,0,3,0,0,3,0,0,0,0,3,0,161,208,1,156,131,79,0,0,0,0,0,0,0,0,0,0,0,0,5
0,0,1,0,0,0,0,254,243,1,0,225,0,202,244,0,223,196,0,59,230,219,160,222,228,233,223,0,0,159,247,0,0,0,222,220,159,236,0,0,225,222,0,225,229,0,209,235,0,224,0,225,225,247,222,229,225,235,0,0,226,223,219,234,0,0,220,225,248,229,215,231,226,255,0,228,0,227,222,228,226,240,0,221,181,189,224,229,219,0,0,242,210,223,220,248,233,0,0,31,4
0,0,0,0,0,0,0,0,0,0,0,0,0,0,1,0,138,0,49,0,0,152,156,132,0,137,198,110,0,0,0,0,180,0,178,177,192,200,180,0,97,161,177,0,157,0,0,72,192,166,188,168,174,173,170,196,199,183,166,108,186,197,163,159,216,226,153,146,211,220,201,112,209,209,4,200,1,0,0,0,0,0,0,2,1,0,0,0,0,0,0,0,0,0,0,0,0,0,0,0,9
0,0,0,0,0,0,0,0,0,0,0,0,0,0,0,0,0,0,0,0,0,96,0,0,0,45,78,9,0,0,0,0,107,0,14,28,141,107,46,0,0,162,13,0,38,0,0,131,47,207,56,70,18,59,23,21,123,141,36,131,11,29,111,67,82,91,11,1,0,0,62,54,143,201,86,7,0,141,0,0,0,0,0,0,0,0,0,0,0,0,0,0,0,0,0,0,0,0,0,0,9
0,0,0,0,0,0,0,97,229,0,0,227,0,233,232,0,232,0,0,0,233,231,218,0,36,244,0,0,0,0,0,0,0,0,238,233,205,0,0,0,225,0,0,245,203,0,0,0,0,231,0,238,0,0,204,18,255,0,0,0,221,164,0,0,0,0,255,196,0,0,255,255,0,0,0,29,0,62,249,80,237,0,0,245,0,0,248,137,225,0,0,0,0,134,209,0,226,0,0,80,1
0,0,0,0,0,0,0,0,0,0,0,0,0,255,255,0,224,0,0,0,229,223,233,229,227,229,247,0,2,202,240,0,0,0,86,57,0,240,0,0,255,249,2,222,0,0,227,237,0,136,51,255,255,255,223,222,232,255,239,0,228,229,240,230,20,84,229,227,238,233,231,231,255,230,230,232,112,229,224,220,224,233,0,255,190,1,70,75,86,3,0,0,0,0,0,0,0,0,0,0,2
0,0,1,0,0,0,0,240,213,0,0,214,0,213,209,0,210,0,0,0,214,207,207,137,218,231,185,0,0,0,54,0,0,0,215,229,227,227,0,0,214,0,0,214,237,0,55,0,0,244,0,241,254,119,213,228,254,0,0,0,9,214,191,0,0,0,231,216,0,2,231,234,0,0,0,214,0,192,225,201,219,195,0,222,0,16,206,207,206,0,0,6,41,210,209,215,222,0,215,176,6
0,0,0,0,0,0,0,0,180,0,0,171,0,179,156,0,161,0,0,0,160,176,0,0,0,185,0,0,0,0,0,0,0,0,175,197,0,0,0,0,92,0,0,184,193,0,0,0,0,184,0,182,187,0,170,157,200,0,0,0,0,175,128,0,0,0,215,180,0,0,225,196,0,0,0,194,0,198,197,201,192,193,0,184,76,104,215,207,197,0,0,0,156,216,199,63,255,0,11,66,3
0,0,0,0,0,0,0,1,0,0,0,0,0,220,6,0,0,4,0,0,0,1,0,0,0,0,48,0,0,0,1,0,0,0,2,1,0,159,0,0,201,0,0,172,6,0,0,0,0,71,0,33,47,120,54,200,93,82,0,0,187,115,117,211,0,0,175,182,79,183,153,175,140,0,0,153,0,198,119,125,152,113,0,100,124,214,135,122,143,0,0,0,195,112,71,196,146,0,64,155,8
0,0,0,0,0,0,0,0,0,213,199,180,0,0,28,0,175,175,0,0,17,187,191,210,0,185,196,0,0,0,0,0,190,0,197,198,199,190,220,2,1,179,117,47,185,0,1,175,200,8,184,90,175,0,175,198,192,179,178,0,0,170,217,194,211,0,187,178,197,199,181,192,215,207,1,160,0,171,168,180,94,0,172,170,0,172,172,174,0,172,0,185,235,202,0,7,0,0,0,0,9
0,0,0,0,0,0,0,0,0,0,0,0,0,1,0,0,129,0,126,0,0,223,237,240,0,83,225,219,0,0,0,0,231,0,228,197,227,225,217,0,0,243,187,0,194,0,0,183,170,0,247,101,74,0,187,87,101,226,235,0,241,196,223,231,247,90,206,225,236,227,246,229,252,244,228,223,0,225,247,223,0,86,0,25,107,0,0,0,0,0,0,0,0,0,0,0,0,0,0,0,9
0,0,0,0,0,0,0,84,180,0,0,182,0,180,180,0,182,0,0,0,193,190,223,106,190,195,123,0,0,0,0,0,0,0,184,247,162,147,0,0,105,0,0,218,196,0,0,0,0,188,0,190,204,240,200,200,205,221,0,0,163,208,164,0,0,0,219,213,0,0,242,201,30,0,0,186,0,195,240,173,243,218,0,202,218,161,237,182,198,0,0,0,153,205,219,255,226,0,23,78,3
0,0,0,0,0,0,0,0,0,0,0,0,0,0,0,0,0,0,0,0,0,0,0,0,0,0,0,0,0,0,0,0,63,0,211,220,132,40,82,0,186,22,0,153,91,0,1,0,0,252,176,244,153,213,209,218,232,223,72,18,217,217,219,220,255,0,255,255,254,250,82,17,14,0,0,0,0,0,0,0,0,0,0,0,0,0,0,0,0,0,0,0,0,0,0,0,0,0,0,0,5
0,0,0,0,0,0,0,97,0,0,0,245,0,245,255,0,232,0,0,0,236,235,210,0,229,235,0,0,0,0,126,0,0,0,250,243,0,20,0,0,255,0,0,237,240,0,0,0,0,234,0,236,240,0,243,243,242,0,0,0,205,244,37,0,0,0,241,243,3,0,239,252,0,0,0,241,0,241,242,241,233,147,0,250,0,244,241,241,249,0,0,0,251,238,255,255,233,0,117,0,3
0,0,0,0,0,0,0,163,153,2,0,211,0,248,211,0,208,0,0,1,203,204,212,251,229,194,228,0,0,0,0,0,0,0,199,209,202,212,0,0,199,101,0,207,199,0,0,167,0,207,0,197,211,220,209,200,204,240,0,0,236,209,200,204,0,0,192,211,254,217,157,208,158,204,0,207,0,212,210,210,210,239,0,255,69,239,196,195,195,0,0,201,234,0,0,0,0,0,0,0,4
0,0,0,0,0,0,0,232,225,0,0,228,0,230,227,0,231,0,0,0,229,228,229,0,151,225,0,0,0,0,0,0,0,0,211,211,208,0,0,0,222,0,0,220,210,0,0,0,0,219,0,220,220,0,219,210,210,205,0,0,236,219,198,0,0,0,226,221,17,0,224,217,214,0,0,222,0,223,225,224,239,194,0,224,215,252,226,225,221,0,0,0,233,218,230,255,255,0,155,115,0
0,0,0,0,0,0,0,35,192,0,0,171,0,193,111,0,98,0,0,0,93,159,164,145,159,160,190,0,0,64,198,0,0,0,163,170,175,172,0,0,163,0,0,170,167,0,131,0,0,167,0,144,167,153,163,154,163,158,0,0,132,167,143,160,0,0,213,163,197,161,204,177,134,0,0,161,0,167,166,188,154,128,0,167,143,131,183,174,171,0,0,191,164,188,174,118,115,0,0,0,2
0,0,0,0,0,0,0,0,0,0,0,0,0,0,0,0,25,0,0,0,0,193,174,108,0,218,231,0,0,0,0,0,237,0,255,94,245,222,152,0,0,219,0,0,236,0,0,211,0,69,187,255,195,166,164,190,192,205,222,29,191,203,210,218,141,208,190,222,215,204,177,197,193,202,204,197,0,221,96,194,71,229,0,0,0,0,0,0,0,0,0,0,0,0,0,0,0,0,0,0,9
0,0,20,0,0,0,0,22,0,20,0,0,0,7,45,0,29,20,0,22,28,25,20,22,22,29,20,0,0,20,20,0,0,0,37,25,22,22,0,0,71,22,0,28,20,0,22,19,0,34,0,34,2,19,47,54,20,19,0,0,22,57,22,19,0,0,17,53,20,20,17,20,20,20,0,53,0,59,77,57,22,17,0,13,8,38,68,51,32,0,0,50,51,114,53,149,45,0,123,41,6
0,0,0,0,0,0,0,204,222,1,0,215,0,203,205,0,192,214,0,177,211,198,213,202,221,230,220,0,0,192,225,0,0,0,194,204,202,233,0,0,216,201,0,215,225,0,250,218,0,213,0,205,207,245,210,221,223,212,0,0,218,217,220,234,0,0,216,219,231,231,215,219,227,233,0,227,0,234,221,240,226,250,0,217,161,130,217,227,211,0,0,245,40,229,213,202,185,0,0,0,6
0,0,0,0,0,0,0,136,132,0,0,120,0,157,147,0,130,42,0,0,151,138,116,124,169,145,130,0,0,0,128,0,0,0,157,171,0,165,0,0,239,25,0,161,126,0,72,68,0,186,0,179,167,99,149,124,130,0,0,0,0,147,93,161,0,0,214,147,190,167,208,134,19,118,0,175,0,169,181,182,171,163,0,109,42,0,0,0,0,0,0,173,0,0,0,0,0,0,0,0,2
0,0,0,0,0,0,0,69,118,0,0,130,0,89,51,0,191,0,0,0,112,81,189,0,102,183,0,0,0,0,0,0,0,0,83,108,150,0,0,0,130,0,0,138,77,0,0,0,0,155,0,163,187,0,89,153,204,0,0,0,0,124,0,0,0,0,132,148,0,0,97,187,0,0,0,179,0,206,169,201,212,0,0,171,0,0,159,197,171,0,0,0,0,228,24,214,34,0,75,14,1
0,0,0,0,0,0,0,0,0,0,0,0,0,0,0,0,0,0,1,0,0,28,2,0,0,154,255,44,0,0,0,0,189,24,0,2,3,0,178,0,0,179,216,0,0,0,0,184,210,0,182,0,0,0,0,0,0,198,190,0,0,0,203,0,87,0,0,0,0,1,86,10,6,0,0,0,0,122,208,215,0,0,170,212,0,187,185,145,0,0,0,0,0,0,0,0,0,0,0,0,5
0,0,0,0,0,0,0,0,0,0,0,0,0,0,0,0,0,0,0,0,0,0,0,0,0,0,0,0,0,0,0,0,0,0,165,181,0,0,1,0,0,0,16,194,197,2,0,181,227,157,214,163,160,195,209,218,245,225,244,1,168,171,92,96,121,46,0,0,0,0,40,79,48,45,4,42,0,0,0,0,0,0,0,0,0,0,0,0,0,0,0,0,0,0,0,0,0,0,0,0,7
0,0,0,0,0,0,0,0,0,0,0,0,0,0,0,0,51,0,1,0,0,224,131,64,0,39,123,49,0,0,0,0,69,0,140,119,96,133,171,0,0,103,41,0,144,0,0,110,96,0,83,41,60,5,189,65,89,82,89,0,42,53,98,105,101,39,55,123,101,98,64,115,123,146,192,114,1,189,222,212,3,33,0,33,58,0,0,0,0,0,0,0,0,0,0,0,0,0,0,0,9
0,0,0,0,1,0,0,5,2,0,0,10,0,70,60,0,11,7,0,17,10,158,1,9,2,124,13,0,0,32,37,0,0,0,175,133,17,73,0,0,230,0,0,219,190,0,0,0,0,126,0,66,124,27,171,207,98,6,0,0,183,215,2,0,0,0,181,255,0,0,188,3,13,0,0,57,0,13,3,19,36,20,0,36,27,6,9,9,15,0,0,0,47,117,91,138,158,0,115,105,0
0,1,2,0,0,0,0,201,195,0,0,178,0,204,196,0,156,124,0,122,81,87,102,129,93,111,131,2,0,102,144,0,109,0,140,147,171,175,0,0,142,132,0,126,121,0,207,141,0,130,102,130,122,0,131,126,128,43,136,0,122,135,148,19,1,0,125,131,0,0,120,132,148,241,149,130,0,133,137,136,136,137,186,138,140,133,139,142,144,6,0,35,136,139,141,143,136,0,128,142,0
0,1,0,0,1,0,0,235,219,0,0,220,0,222,223,0,222,213,0,234,219,202,189,218,220,217,205,0,0,224,223,0,228,0,217,217,216,130,118,0,221,62,0,218,218,0,4,6,0,218,0,217,219,0,219,221,220,231,0,0,253,219,215,0,0,0,221,219,122,0,221,222,232,2,0,221,0,221,223,222,220,216,0,221,233,210,223,222,221,0,0,0,207,222,220,225,229,0,215,198,0
0,0,0,0,0,0,0,207,209,0,0,191,0,194,197,0,196,154,0,108,201,187,199,96,178,198,0,0,0,0,0,0,0,0,191,186,77,3,0,0,195,0,0,185,189,0,0,0,0,194,0,195,201,0,182,178,187,19,0,0,164,187,191,2,0,0,192,187,0,0,190,177,170,0,0,222,0,222,197,219,200,171,0,182,184,196,195,221,182,0,0,182,194,218,185,186,218,0,154,168,3
0,0,0,0,0,0,0,133,217,0,0,195,0,201,89,0,146,0,0,0,188,127,168,0,107,172,0,0,0,0,115,0,0,0,118,71,141,14,0,0,175,0,0,157,230,0,35,0,0,201,0,199,181,199,165,158,79,138,0,0,30,165,147,0,0,0,133,143,147,17,195,89,164,0,0,151,0,148,151,148,164,0,0,172,160,0,17,13,18,0,0,143,0,0,0,3,2,0,0,1,2
0,0,0,0,0,0,0,170,216,0,0,222,0,233,230,0,229,221,0,118,232,223,223,211,224,228,216,0,0,208,223,0,21,0,152,147,161,222,0,0,184,230,0,217,216,0,224,225,0,213,0,211,217,77,217,218,214,190,0,0,226,218,231,255,0,0,219,218,92,255,218,218,242,216,70,221,0,222,220,223,221,216,0,217,255,236,218,220,219,0,0,138,255,240,232,56,24,55,0,0,2
0,0,0,0,0,0,0,0,103,1,0,35,0,82,133,0,39,7,0,0,58,52,66,70,94,63,59,0,0,0,62,0,0,0,50,48,42,160,1,0,56,20,0,67,57,0,14,44,0,65,0,67,70,68,78,51,50,124,0,0,71,82,39,50,0,0,103,78,107,47,84,65,97,65,0,77,0,78,107,89,85,73,0,78,40,71,96,68,70,0,0,91,0,7,13,0,0,0,1,2,4
0,0,0,0,0,0,0,0,0,0,0,164,0,0,3,0,198,168,0,0,2,146,134,139,0,114,136,33,0,0,0,0,158,0,98,112,157,165,200,0,2,180,61,0,130,0,0,169,157,0,179,35,127,2,137,150,128,143,168,0,0,111,141,181,198,0,148,125,180,148,112,155,202,184,0,127,0,136,149,133,0,0,141,200,0,176,154,129,6,224,0,11,24,0,1,0,0,0,0,0,9
0,0,0,0,0,0,0,193,223,0,0,222,0,228,227,0,224,0,0,0,228,216,181,0,190,228,0,0,0,0,0,0,0,0,229,226,229,0,0,0,225,0,0,223,231,0,0,0,0,228,0,228,233,34,226,251,224,190,0,0,255,226,235,0,0,0,222,226,0,0,222,226,248,0,0,234,0,232,228,232,231,224,0,226,255,252,228,232,227,0,0,0,230,223,228,255,231,0,103,223,1
0,0,0,0,0,0,0,219,208,0,0,213,0,216,214,0,213,0,0,0,205,246,0,0,0,209,0,0,0,0,0,0,0,0,200,219,0,0,0,0,166,0,0,215,206,0,0,0,0,219,0,224,209,0,205,203,215,0,0,0,0,206,165,0,0,0,198,206,0,0,204,207,0,0,0,209,0,208,207,207,206,201,0,207,10,7,210,207,204,0,0,0,19,202,202,228,212,0,144,139,3
0,0,0,0,0,0,0,0,232,0,0,216,0,226,231,0,225,0,0,0,231,218,142,0,0,237,0,0,0,0,0,0,0,0,252,222,124,0,0,0,255,0,0,217,215,0,0,0,0,255,0,255,237,0,227,68,255,0,0,0,0,236,0,0,0,0,0,237,0,0,0,243,0,0,0,247,0,247,246,244,242,0,0,42,0,0,231,237,236,0,0,0,0,238,106,255,70,0,108,0,1
0,0,0,0,0,0,0,2,0,0,0,138,0,249,241,0,239,0,0,0,240,240,230,79,254,237,126,0,0,0,0,0,0,0,230,234,243,255,0,0,247,0,0,239,229,0,0,0,0,184,0,183,224,246,248,232,255,232,0,0,253,238,148,182,0,0,161,233,255,190,165,255,176,0,0,234,0,235,230,236,231,215,0,255,40,3,236,237,240,0,0,0,0,237,255,255,243,0,194,80,2
0,0,0,0,0,0,0,0,238,0,0,203,0,225,231,0,229,17,0,0,255,217,179,195,202,207,200,0,0,0,32,0,0,0,178,248,0,0,0,0,0,0,0,254,212,0,0,0,0,106,0,143,188,0,238,213,197,0,0,0,0,238,240,2,0,0,0,236,0,3,0,192,66,0,0,214,0,219,224,228,218,231,0,241,189,0,219,239,255,0,0,0,0,235,223,255,213,0,102,0,3
0,0,0,0,0,0,0,1,0,0,0,0,0,130,0,0,0,0,0,0,0,0,0,52,76,0,202,0,0,0,0,0,0,0,23,30,30,49,0,0,36,50,0,63,114,0,72,28,0,191,75,165,79,146,201,62,55,65,1,0,144,104,70,76,0,0,120,44,56,55,173,66,43,76,23,82,0,62,214,113,88,42,0,99,252,130,78,89,137,0,0,86,168,97,166,59,212,0,65,39,8
0,0,0,0,0,0,0,0,3,0,0,85,0,135,0,0,65,0,0,0,170,99,0,0,0,238,0,0,0,0,0,0,0,0,21,156,0,0,0,0,79,0,0,112,163,0,0,0,0,111,0,153,205,0,123,224,247,0,0,0,0,113,138,0,0,0,156,141,0,0,142,179,0,0,0,196,0,194,97,200,179,85,0,48,0,0,91,244,247,0,0,0,0,238,141,218,190,0,110,53,3
0,0,0,0,0,0,0,0,0,0,0,0,0,0,0,0,0,0,0,0,0,0,0,0,0,0,0,0,0,0,0,0,0,0,175,0,2,1,0,0,0,179,15,226,179,0,0,209,0,160,231,185,184,167,213,186,193,200,207,144,171,186,247,247,10,70,200,213,41,39,74,0,0,0,9,1,0,0,0,0,0,0,0,0,0,0,0,0,0,0,0,0,0,0,0,0,0,0,0,0,7
0,0,0,0,0,0,0,0,0,0,0,0,0,0,0,0,0,0,0,0,0,0,0,0,0,0,0,0,0,0,0,0,53,0,181,214,26,33,214,0,73,221,208,140,167,0,6,100,208,73,255,134,161,154,167,154,93,73,154,174,60,46,114,147,140,134,140,140,114,140,134,147,134,120,0,0,0,0,0,0,0,0,0,0,0,0,0,0,0,0,0,0,0,0,0,0,0,0,0,0,7
0,0,0,0,0,0,0,186,202,0,0,206,0,169,178,0,176,200,0,192,171,181,190,190,175,205,203,0,0,182,205,0,0,0,213,194,193,215,0,0,231,182,0,198,193,0,198,231,0,194,0,158,202,0,225,222,212,52,0,0,242,191,211,214,0,0,232,165,255,210,186,185,0,199,171,196,0,188,168,202,166,252,0,206,34,255,183,171,205,0,0,0,211,163,174,233,195,42,100,117,2
0,0,0,0,0,0,0,196,201,0,0,231,0,237,229,0,227,0,0,0,255,221,171,0,213,253,0,0,0,0,56,0,0,0,220,176,231,223,0,0,210,0,0,230,224,0,0,0,0,254,0,255,211,224,221,214,78,243,0,0,100,207,88,83,0,0,56,221,230,106,138,186,255,0,0,228,0,213,238,238,235,77,0,30,223,0,0,0,0,0,0,229,0,4,1,0,2,0,0,1,4
0,0,0,0,0,0,0,67,193,0,0,204,0,187,193,0,190,0,0,0,193,204,0,0,0,193,0,0,0,0,0,0,0,0,189,201,0,0,0,0,203,0,0,187,253,0,0,0,0,200,0,201,208,0,203,176,164,0,0,0,0,207,0,0,0,0,171,209,0,0,166,166,0,0,0,65,0,43,206,37,203,0,0,199,0,0,195,16,205,0,0,0,0,6,185,0,192,0,0,141,1
0,0,0,0,0,0,0,0,255,0,0,171,0,158,164,0,119,55,0,167,143,118,124,158,157,87,206,0,0,0,32,0,0,0,115,122,150,1,0,0,135,0,0,135,130,0,0,0,0,153,0,149,127,0,119,141,130,0,0,0,43,129,0,0,0,0,181,146,1,0,157,164,0,0,0,149,0,160,171,108,160,136,0,141,1,160,122,181,129,0,0,0,163,185,153,158,164,0,136,111,0
0,0,0,0,0,0,0,201,194,0,5,199,0,198,191,0,198,234,0,237,193,191,200,213,189,177,224,0,0,193,184,0,220,0,184,178,201,179,0,0,189,121,0,186,194,0,2,4,0,193,0,179,179,0,176,181,188,1,0,0,136,176,220,5,0,0,198,178,0,6,194,177,92,0,0,191,0,194,193,197,197,211,0,175,160,215,193,192,182,0,0,0,226,209,208,87,133,0,0,0,6
0,0,0,0,0,0,0,147,190,0,0,195,0,178,194,0,110,0,0,0,225,111,0,0,0,217,0,0,0,0,0,0,0,0,55,59,0,0,0,0,100,0,0,59,182,0,0,0,0,112,0,96,157,0,112,208,0,0,0,0,0,175,0,0,0,0,0,194,0,0,0,0,0,0,0,171,0,170,230,183,0,0,0,102,0,0,239,207,96,0,0,0,0,209,1,0,2,0,0,0,1
0,0,0,0,0,0,0,231,236,0,0,228,0,229,228,0,229,252,0,94,233,231,235,233,237,238,236,0,0,191,253,0,0,0,236,236,234,244,0,0,238,234,0,235,237,0,255,255,0,236,0,235,235,255,235,236,235,235,0,0,234,235,233,236,0,0,234,235,249,237,236,235,232,250,0,236,0,236,236,238,240,235,0,236,234,243,237,239,236,0,0,243,255,234,233,255,246,0,180,116,6
0,0,0,0,0,0,0,90,81,0,1,78,0,97,93,0,87,124,0,105,103,84,77,134,252,123,108,0,0,155,152,0,0,0,117,128,100,148,0,0,198,84,0,176,130,0,200,88,0,225,0,212,146,197,155,154,140,38,0,0,0,155,124,124,0,0,234,155,201,139,244,136,0,84,0,183,0,182,180,166,109,124,0,228,35,0,114,143,72,0,0,157,0,0,0,1,4,0,0,0,2
0,0,0,0,0,0,0,83,149,0,0,83,0,53,102,0,51,0,0,0,69,55,58,18,42,40,53,0,0,0,66,0,0,0,66,135,99,55,0,0,26,0,0,44,42,0,36,0,0,70,0,75,50,61,48,42,154,89,0,0,0,47,3,47,0,0,80,56,53,50,96,66,75,0,0,55,0,55,53,45,45,136,0,58,89,103,83,77,75,0,0,102,151,85,73,64,58,0,0,0,2
0,0,1,0,0,0,0,200,164,0,0,183,0,64,53,0,91,114,0,128,187,183,187,138,170,181,230,0,0,142,183,0,104,0,70,79,49,224,0,0,157,171,0,181,181,0,149,163,0,94,32,80,92,37,87,111,114,40,112,0,205,169,211,196,0,0,174,170,38,177,141,164,162,69,86,114,0,115,139,178,161,183,40,166,225,167,170,184,183,0,0,46,177,189,194,210,178,70,0,0,2
0,0,0,0,0,0,0,3,57,0,0,26,0,112,0,0,0,0,0,0,3,32,0,0,0,0,1,0,0,0,1,0,0,0,0,3,34,0,0,0,5,0,0,0,1,0,0,0,0,0,0,197,209,201,198,196,192,186,0,0,200,193,183,226,0,0,200,194,180,228,197,182,179,92,0,190,0,194,192,190,182,175,0,223,187,220,215,217,196,0,0,226,214,214,196,239,230,0,160,167,8
0,0,0,0,1,0,0,41,50,3,0,43,0,19,29,0,78,6,0,218,213,216,220,171,206,171,204,0,0,204,183,0,142,0,189,187,241,121,0,0,171,190,0,185,183,0,183,180,0,176,95,166,185,0,189,189,178,138,138,0,175,185,211,183,0,0,189,182,0,130,183,185,244,234,168,180,0,182,185,183,185,173,0,182,194,189,189,189,180,0,0,0,187,187,190,185,178,0,183,183,0
0,0,0,0,0,0,0,189,221,0,0,227,0,226,242,0,231,0,0,0,217,223,227,186,223,197,223,0,0,0,223,0,0,0,224,240,232,232,0,0,253,0,0,215,215,0,47,0,0,241,0,225,209,223,214,203,222,225,0,0,237,223,236,59,0,0,215,221,234,71,219,222,231,0,0,220,0,225,225,222,221,237,0,220,0,159,231,223,227,0,0,9,127,226,235,227,255,0,224,157,4
0,0,0,0,0,0,0,196,232,0,0,0,0,45,0,0,2,0,0,0,0,6,0,0,0,3,0,0,0,0,0,0,0,0,3,3,0,0,0,0,173,0,0,161,4,0,0,0,0,178,0,174,181,0,163,0,11,0,0,0,24,168,6,0,0,0,192,170,0,0,193,10,0,0,0,171,0,171,170,172,0,96,0,177,0,132,175,177,251,0,0,0,147,172,238,187,255,0,114,57,3
0,0,0,0,0,0,0,0,0,0,0,0,0,0,0,0,0,0,0,0,0,0,0,0,0,0,0,0,0,0,0,0,227,0,193,199,210,214,225,0,0,232,159,170,208,0,0,233,233,192,217,214,199,205,214,239,237,236,213,97,172,171,165,154,155,36,191,188,206,203,132,113,113,114,0,0,0,0,0,0,0,0,0,0,0,0,0,0,0,0,0,0,0,0,0,0,0,0,0,0,7
0,0,5,0,0,0,0,237,219,0,0,225,0,228,224,0,242,191,0,217,201,42,57,212,199,200,221,0,0,219,211,0,123,0,162,198,200,233,0,0,174,218,0,174,151,0,0,0,0,188,0,212,212,0,212,198,210,186,0,0,184,216,228,0,0,0,219,217,0,0,220,212,192,0,0,215,0,216,215,217,214,222,0,214,200,186,220,216,218,0,0,1,186,218,216,214,228,0,222,222,0
0,0,0,0,0,0,0,0,0,0,0,0,0,0,0,0,0,1,0,0,0,173,182,0,0,0,65,0,0,0,0,0,218,9,201,209,193,175,201,0,0,222,213,0,155,0,1,192,167,96,205,138,127,129,126,171,222,150,202,30,134,158,178,208,215,24,206,204,218,230,166,176,141,152,106,26,0,48,20,20,25,23,0,0,0,0,0,0,0,0,0,0,0,0,0,0,0,0,0,0,7
0,0,0,0,0,0,0,0,0,0,0,0,0,0,0,0,0,0,0,0,0,0,0,0,0,0,0,0,0,0,0,0,33,0,216,227,222,64,195,0,0,213,64,207,222,0,2,227,221,204,225,228,220,215,226,228,230,220,222,0,222,228,232,251,231,135,225,235,183,165,80,102,104,107,162,147,0,90,0,0,0,0,0,0,0,0,0,0,0,0,0,0,0,0,0,0,0,0,0,0,7
0,0,0,0,0,0,0,0,0,0,0,0,0,0,0,0,0,0,0,0,0,0,0,0,0,0,0,0,0,0,0,0,18,0,205,119,0,0,137,5,5,137,0,226,216,0,8,204,117,193,205,210,209,208,218,217,223,226,223,0,216,223,210,191,199,0,246,247,212,204,57,82,95,117,0,0,0,0,0,0,0,0,0,0,0,0,0,0,0,0,0,0,0,0,0,0,0,0,0,0,7
0,0,0,0,0,0,0,0,0,0,0,0,0,0,0,0,0,0,0,0,0,0,0,0,0,0,0,0,0,0,0,0,1,0,173,219,0,3,0,0,0,0,20,173,172,0,0,177,159,168,164,163,119,177,119,153,158,145,130,98,162,153,200,185,188,207,198,193,189,188,218,239,240,238,0,137,0,0,0,0,0,0,0,0,0,0,0,0,0,0,0,0,0,0,0,0,0,0,0,0,7
0,0,0,0,0,0,0,0,0,0,0,0,0,1,13,0,38,120,62,59,118,48,45,51,215,137,71,191,111,145,183,124,183,84,187,171,138,90,38,112,78,78,178,80,100,205,53,78,188,95,55,176,110,159,90,198,143,124,45,113,170,168,223,168,164,216,135,119,173,201,94,53,166,66,39,121,0,148,136,150,138,129,38,0,0,0,0,0,0,0,0,0,0,0,0,0,0,0,0,0,8
0,0,20,0,0,0,0,3,22,197,25,99,0,0,0,0,0,163,0,0,0,0,0,0,0,0,0,11,0,0,0,0,233,19,0,0,1,0,220,0,0,242,239,0,0,0,0,196,229,0,208,0,0,0,66,0,133,211,249,0,158,237,212,0,66,0,0,114,0,7,0,201,0,0,0,0,0,0,0,0,26,2,0,0,0,236,100,159,0,36,37,203,230,219,0,176,0,0,0,0,5
0,0,0,0,0,0,0,0,0,0,0,0,0,0,1,0,212,167,0,0,0,144,139,132,0,98,135,2,0,0,0,0,148,0,149,136,152,148,114,0,0,139,0,2,139,1,1,143,73,2,156,0,145,1,132,114,137,145,133,0,18,100,122,161,162,0,111,102,160,147,109,115,163,177,126,149,123,113,195,224,0,112,0,166,158,0,0,0,0,0,0,0,0,0,0,0,0,0,0,0,9
0,0,0,0,0,0,0,0,0,0,0,0,0,0,0,0,0,0,0,0,0,0,0,0,0,0,187,11,0,0,0,0,0,0,0,2,98,134,60,0,0,161,31,0,0,0,0,31,64,0,53,0,40,11,40,93,145,154,20,0,55,24,158,187,51,60,29,22,178,208,6,237,140,176,29,35,24,42,53,53,53,49,0,0,0,0,0,0,0,0,0,0,0,0,0,0,0,0,0,0,7
0,0,0,0,0,0,0,0,0,0,0,0,0,0,0,0,0,0,0,0,0,0,0,0,0,0,0,0,0,0,0,0,9,0,190,201,235,0,255,0,164,233,196,174,247,0,33,215,250,235,202,223,231,208,231,225,200,207,195,44,214,220,255,253,255,157,238,255,128,138,139,9,0,0,0,111,0,0,0,0,0,0,0,0,0,0,0,0,0,0,0,0,0,0,0,0,0,0,0,0,7
0,0,0,0,0,0,0,0,1,162,0,0,0,0,4,0,131,0,0,0,12,0,0,0,0,0,0,37,0,0,0,0,123,32,0,0,0,98,51,0,0,190,45,0,0,0,0,18,14,0,23,1,0,0,0,4,26,73,39,3,122,0,79,1,93,35,0,0,0,0,0,0,3,3,1,4,1,0,0,0,0,0,32,122,0,75,107,51,0,126,0,123,70,65,0,68,0,0,0,0,5
0,0,0,0,0,0,0,0,179,0,0,197,0,0,4,0,0,1,0,0,0,128,0,0,0,1,0,0,0,1,0,0,0,0,207,225,205,174,1,1,186,68,0,170,176,0,215,242,0,188,43,195,217,218,202,212,212,204,220,16,215,206,210,222,218,220,223,222,196,225,226,226,206,195,206,230,0,232,230,229,225,213,99,225,213,219,222,221,221,3,0,198,204,210,212,243,249,0,128,113,8
0,0,0,0,0,0,0,2,0,0,0,173,0,124,172,0,3,1,0,0,0,0,177,0,0,0,0,1,0,0,0,0,154,0,155,143,189,169,201,0,166,178,89,171,178,0,159,186,139,150,188,162,170,158,164,164,164,158,194,0,141,164,160,165,214,145,160,165,161,174,167,174,159,199,229,176,0,178,182,179,175,179,202,197,200,232,213,210,208,22,11,205,0,0,0,0,0,0,0,0,8
0,0,0,0,0,0,0,0,224,0,0,229,0,232,207,0,237,0,0,0,243,224,225,0,230,229,50,0,0,0,229,0,0,0,227,223,233,193,0,0,229,0,0,230,227,0,46,0,0,237,0,232,232,242,229,229,229,232,0,0,0,230,0,54,0,0,255,229,239,74,255,254,206,0,0,241,0,242,234,241,232,0,0,235,0,7,237,243,234,0,0,4,4,235,235,255,220,0,166,3,4
0,0,0,0,0,0,0,130,168,0,0,168,0,164,175,0,162,0,0,0,150,153,92,0,0,229,0,0,0,0,0,0,0,0,160,142,18,0,0,0,242,0,0,157,224,0,0,0,0,231,0,224,159,0,186,160,137,0,0,0,0,164,0,0,0,0,0,162,0,0,0,157,0,0,0,164,0,168,198,168,177,0,0,70,0,0,193,170,206,0,0,0,0,177,0,85,0,0,27,0,1
0,2,0,0,0,0,0,203,177,0,0,156,0,164,189,0,159,106,0,154,176,155,134,164,144,166,161,0,0,146,161,0,0,0,172,148,219,112,0,0,153,144,0,166,171,0,93,187,0,188,0,198,173,187,156,156,199,213,0,0,182,161,158,124,0,0,187,166,199,113,179,180,179,202,101,195,0,190,216,214,213,198,0,174,0,0,0,0,0,0,0,192,0,0,2,0,0,0,0,0,4
0,1,0,0,0,0,0,101,115,0,0,68,0,126,186,0,174,0,0,0,148,244,229,6,29,121,168,0,0,0,22,0,0,0,198,208,189,127,4,0,129,107,0,145,172,0,199,172,4,121,0,98,51,189,129,213,159,212,5,0,85,178,168,152,0,0,47,175,204,232,90,120,103,138,134,113,0,90,80,52,143,100,35,106,180,129,52,42,103,26,0,67,182,209,195,197,158,28,86,35,4
0,0,0,0,0,0,0,0,0,0,0,0,0,0,0,0,0,0,0,0,0,0,0,0,0,0,0,0,0,0,0,0,0,0,0,0,0,0,0,0,79,0,0,213,171,0,2,0,0,17,56,171,171,134,136,128,93,86,124,0,0,0,0,0,0,0,0,0,0,0,0,0,0,0,0,0,0,0,0,0,0,0,0,0,0,0,0,0,0,0,0,0,0,0,0,0,0,0,0,0,5
0,0,0,0,0,0,0,0,87,0,0,102,0,119,103,0,113,0,0,0,120,92,0,0,0,126,0,0,0,0,0,0,0,0,113,112,0,0,0,0,94,0,0,132,121,0,0,0,0,139,0,141,158,0,144,139,96,0,0,0,0,152,47,0,0,0,102,157,0,0,122,90,0,0,0,177,0,173,191,161,153,97,0,145,0,0,211,149,145,0,0,0,0,138,112,188,139,0,88,97,3
0,0,0,0,0,0,0,0,0,0,4,26,0,0,0,0,26,106,0,0,0,26,20,88,0,31,80,2,0,0,0,0,25,0,4,17,22,92,35,0,0,35,27,1,18,0,0,47,38,0,33,0,39,0,37,19,6,98,95,0,0,21,58,20,22,0,29,11,102,88,33,44,23,0,4,20,0,14,7,5,20,158,0,26,0,0,0,0,44,219,0,188,180,154,0,40,0,0,0,0,9
0,0,0,0,0,0,0,178,156,0,0,160,0,166,164,0,180,0,0,0,178,157,185,0,0,177,0,0,0,0,0,0,0,0,170,192,0,0,0,0,188,0,0,198,181,0,0,0,0,178,0,178,172,0,226,158,165,0,0,0,54,231,196,0,0,0,188,236,0,0,188,162,53,0,0,171,0,169,241,172,196,233,0,186,118,154,237,170,167,0,0,0,182,168,169,183,185,0,182,102,3
0,0,0,0,0,0,0,77,222,0,0,223,0,224,228,0,225,0,0,0,226,226,220,0,0,245,0,0,0,0,0,0,0,0,251,222,124,0,0,0,255,0,0,220,160,0,0,0,0,255,0,255,248,0,224,86,255,0,0,0,0,226,0,0,0,0,104,226,0,0,96,222,0,0,0,255,0,246,240,203,247,0,0,242,0,0,246,140,106,0,0,0,0,92,217,0,227,0,0,58,1
0,0,0,0,0,0,0,134,107,0,0,125,0,120,127,0,126,0,0,0,109,123,52,0,0,135,0,0,0,0,0,0,0,0,236,253,0,0,0,0,184,0,0,243,235,0,0,0,0,250,0,241,235,0,241,239,232,10,0,0,95,243,250,3,0,0,248,245,0,1,246,224,233,0,0,236,0,237,242,237,238,237,0,244,255,252,246,239,242,0,0,0,248,233,233,238,255,0,234,149,3
0,0,0,0,0,0,0,102,69,0,0,89,0,96,97,0,96,96,0,124,95,89,100,98,97,100,100,0,0,99,143,0,115,0,99,104,111,140,110,0,105,87,0,96,100,0,2,1,0,90,0,91,99,0,104,101,108,110,0,0,87,100,100,0,0,0,109,96,4,0,121,104,109,1,0,101,0,100,99,102,103,95,0,101,110,110,101,102,100,0,0,0,108,98,102,113,110,0,77,91,0
0,0,0,0,0,0,0,166,163,0,0,153,0,157,156,0,154,171,0,164,159,154,144,173,175,161,188,0,0,200,178,0,0,0,163,162,153,208,0,0,176,185,0,174,165,0,207,192,0,167,0,160,169,211,173,165,163,26,0,0,0,174,195,201,0,0,206,173,181,207,210,151,1,164,0,165,0,169,165,166,168,211,0,164,34,30,172,174,173,0,0,228,57,180,174,12,11,0,0,0,2
0,0,0,0,0,0,0,0,235,0,0,218,0,226,207,0,207,0,0,0,205,223,0,0,2,209,0,0,0,0,0,0,0,0,204,221,0,0,0,0,116,0,0,226,210,0,0,0,0,223,0,203,217,0,211,217,224,0,0,0,0,209,171,0,0,0,78,209,0,0,102,214,0,0,0,220,0,221,221,222,210,247,0,226,88,0,226,219,217,0,0,0,0,218,209,210,224,0,229,117,3
0,0,0,0,0,0,0,231,231,0,0,232,0,241,239,0,214,0,0,0,178,131,234,61,239,134,119,0,0,0,219,0,0,0,226,240,183,228,0,0,245,0,0,236,235,0,72,0,0,232,0,232,239,0,239,243,247,0,0,0,176,239,107,0,0,0,248,239,5,0,251,244,0,0,0,236,0,235,242,233,239,0,0,235,0,69,240,234,235,0,0,7,44,224,151,255,114,0,117,25,3
0,0,0,0,0,0,0,0,0,0,0,0,0,0,0,1,7,49,0,122,88,76,45,163,95,192,132,148,11,190,74,4,193,0,162,169,88,19,207,0,111,220,226,99,221,169,160,220,255,100,225,99,119,129,119,240,243,241,232,0,223,137,112,113,96,77,182,83,115,120,171,127,119,123,221,62,0,212,233,233,190,184,133,227,7,0,0,0,0,0,0,0,0,0,0,0,0,0,0,0,8
0,0,0,0,0,0,0,0,0,0,0,0,0,0,0,0,0,0,0,0,0,0,0,0,0,0,0,0,0,0,0,0,9,0,189,184,181,203,175,117,193,181,225,211,202,0,237,202,62,201,199,204,32,217,228,0,195,195,0,0,215,234,196,136,1,0,211,206,92,0,225,214,50,2,0,27,0,0,0,0,0,0,0,0,0,0,0,0,0,0,0,0,0,0,0,0,0,0,0,0,8
0,0,1,0,0,0,0,2,187,0,0,134,0,229,241,0,183,60,0,14,235,52,219,214,210,228,227,0,0,62,217,0,0,0,178,181,172,229,0,0,240,2,0,221,166,0,132,4,0,135,0,200,204,217,197,176,206,183,0,0,126,163,157,223,0,0,152,167,230,230,143,146,145,77,0,189,0,233,215,231,225,255,0,226,84,89,171,173,181,0,0,214,0,0,0,0,0,0,0,0,2
0,0,1,0,0,0,0,174,167,0,0,156,0,169,169,0,176,0,0,0,176,120,240,225,184,169,225,0,0,0,85,0,0,0,167,165,145,208,0,0,184,0,0,167,174,0,0,0,0,161,0,161,171,165,178,174,165,160,0,0,169,180,195,91,0,0,193,182,240,141,191,165,156,0,0,186,0,158,152,152,152,173,0,115,57,137,217,221,223,0,0,0,94,113,93,156,154,0,178,161,3
0,0,0,0,0,0,0,0,167,0,0,165,0,195,98,0,152,0,0,0,167,160,0,2,0,171,2,0,0,0,0,0,0,0,147,147,171,0,0,0,158,0,0,160,152,0,0,0,0,141,0,141,150,0,175,154,143,130,0,0,173,182,162,0,0,0,177,180,0,0,175,154,184,0,0,160,0,160,190,158,156,160,0,143,197,184,184,152,143,0,0,0,169,152,152,162,182,0,167,98,3
0,0,0,0,0,0,0,0,0,0,0,0,0,0,0,0,0,0,0,0,0,0,0,0,0,0,0,0,0,0,0,0,0,0,0,0,0,0,0,0,181,2,1,216,195,132,171,2,0,203,200,236,245,125,185,177,171,170,179,0,0,0,0,0,0,0,0,0,0,0,0,0,0,0,0,0,0,0,0,0,0,0,0,0,0,0,0,0,0,0,0,0,0,0,0,0,0,0,0,0,5
0,0,0,0,0,0,0,225,224,0,0,229,0,228,229,0,228,34,0,121,227,226,243,238,181,229,253,0,0,192,252,0,0,0,227,237,0,1,0,0,231,0,0,231,230,0,0,0,0,227,0,228,231,0,233,230,247,0,0,0,199,232,174,0,0,0,240,232,0,0,236,239,0,0,0,232,0,232,232,231,230,232,0,232,33,248,232,231,233,0,0,0,241,232,224,240,239,0,229,136,0
0,0,0,0,0,0,0,0,0,0,0,0,0,0,0,0,92,119,0,204,203,181,185,177,185,170,167,85,144,172,174,217,162,51,172,170,167,180,185,112,178,162,41,172,167,0,190,175,18,184,185,182,184,175,174,168,177,165,177,99,194,197,185,172,15,236,187,177,184,177,188,175,181,182,180,213,0,234,231,217,218,213,0,0,0,0,0,0,0,0,0,0,0,0,0,0,0,0,0,0,8
0,0,0,0,0,0,0,0,0,0,0,0,0,0,0,0,0,0,0,0,0,0,0,0,0,0,208,0,0,0,0,0,0,37,0,0,254,0,151,0,0,195,86,111,4,0,0,96,50,136,67,27,2,6,0,0,141,0,50,0,101,80,0,0,0,0,84,139,0,0,177,0,0,0,0,6,21,2,141,212,0,0,0,141,0,0,0,0,0,0,0,0,0,0,0,0,0,0,0,0,5
0,0,0,0,0,0,0,0,0,0,0,0,0,0,0,0,0,0,0,0,0,0,0,0,0,0,0,0,0,0,0,0,0,93,187,59,15,0,54,0,0,44,189,72,67,0,0,171,205,49,223,80,70,62,80,161,156,169,195,10,117,130,202,200,202,0,111,153,119,91,44,39,39,52,0,0,0,0,0,0,0,0,0,0,0,0,0,0,0,0,0,0,0,0,0,0,0,0,0,0,7
0,0,1,0,0,0,0,0,201,0,0,239,0,151,160,0,130,166,0,130,120,171,166,147,159,166,107,0,0,186,144,0,74,0,121,130,124,203,0,0,116,24,0,123,124,0,1,1,0,144,0,118,93,0,140,147,108,143,0,0,77,154,166,0,0,0,128,117,0,0,141,93,140,0,0,156,0,114,144,106,134,144,0,151,154,154,160,134,147,0,0,2,157,110,100,141,137,0,101,97,6
0,0,0,0,0,0,0,29,47,0,0,83,0,123,49,0,25,54,0,22,42,42,56,61,107,49,53,0,0,53,56,0,0,0,51,75,121,177,0,0,94,83,0,70,95,0,181,145,0,73,0,87,65,135,80,169,68,1,183,0,0,68,83,174,0,0,111,61,148,171,123,95,0,85,0,73,0,99,0,0,8,10,0,0,0,0,1,1,1,0,0,131,0,0,0,0,0,0,0,0,6
0,0,0,0,0,0,0,0,0,0,0,30,0,200,244,0,181,0,1,0,177,195,172,139,166,191,131,47,91,95,193,0,0,41,173,182,170,139,47,62,208,4,90,165,180,67,0,1,92,203,26,209,89,205,118,108,189,203,40,40,192,125,175,0,72,96,184,146,158,0,179,180,194,0,95,236,1,159,160,58,178,199,0,218,241,121,132,141,141,0,0,0,0,0,0,0,0,0,0,0,8
0,0,0,0,0,0,0,114,174,0,0,165,0,170,161,0,157,0,0,0,132,178,122,0,70,179,0,0,0,0,0,0,0,0,208,180,149,0,0,0,155,0,0,133,146,0,0,0,0,167,0,172,177,0,143,22,151,0,0,0,0,149,73,0,0,0,151,149,0,0,151,171,0,0,0,178,0,172,161,172,194,13,0,184,0,0,171,167,202,0,0,0,0,158,99,0,65,0,0,16,1
0,0,0,0,0,0,0,0,213,0,0,177,0,195,186,0,170,172,0,0,185,205,172,163,180,187,174,0,0,85,181,0,0,0,87,148,144,196,0,0,172,162,0,199,153,0,181,157,0,185,0,184,180,232,186,151,170,229,0,0,180,201,163,153,0,0,175,178,189,138,180,168,209,123,0,183,0,205,177,171,141,163,0,205,198,0,29,14,27,0,0,162,0,0,0,4,5,0,0,1,4
0,0,0,0,0,0,0,0,158,0,0,214,0,218,209,0,162,0,0,0,148,188,189,0,187,179,128,0,0,0,0,0,0,0,192,198,0,3,0,0,41,0,0,217,189,0,0,0,0,87,0,96,208,0,234,207,117,2,0,0,2,235,0,0,0,0,0,234,0,0,0,172,0,0,0,219,0,222,236,224,241,0,0,206,0,0,240,227,224,0,0,0,0,227,193,239,206,0,216,121,3
0,0,0,0,0,0,0,36,221,0,0,245,0,236,221,0,220,0,0,0,225,244,0,0,1,229,0,0,0,0,0,0,0,0,224,231,0,0,0,0,129,0,0,241,234,0,0,0,0,246,0,245,231,0,229,230,255,0,0,0,0,227,179,0,0,0,244,229,0,0,255,241,0,0,0,231,0,231,231,231,229,200,0,230,0,10,232,231,232,0,0,0,11,225,241,255,255,0,158,164,3
0,0,0,0,0,0,0,139,150,3,0,167,0,160,163,0,142,166,0,110,154,192,154,172,165,163,172,0,0,134,183,0,0,0,160,161,170,203,0,0,167,210,0,177,174,0,209,214,0,175,0,174,170,196,182,174,184,174,0,0,220,182,168,184,0,0,156,179,214,187,162,168,168,177,0,154,0,168,179,168,160,192,0,173,66,1,77,164,142,0,0,203,11,167,139,0,0,0,0,0,4
0,0,0,0,0,0,0,0,225,0,0,237,0,207,58,0,151,0,0,0,176,255,0,0,0,0,0,0,0,0,0,0,0,0,222,231,0,0,0,0,83,0,0,255,244,0,0,0,0,191,0,211,242,0,255,245,186,0,0,0,0,255,0,0,0,0,0,255,0,0,0,172,0,0,0,238,0,241,255,240,254,0,0,107,0,0,255,240,245,0,0,0,0,236,222,237,101,0,235,0,3
0,0,0,0,0,0,0,0,0,0,0,142,0,200,194,0,175,159,0,195,183,167,170,169,183,177,165,3,0,167,199,1,145,1,174,167,167,174,61,0,191,127,0,162,126,239,148,99,167,204,151,142,148,150,156,151,147,145,114,0,164,162,152,127,170,0,162,166,162,121,224,169,154,126,198,189,2,146,123,185,190,181,17,196,83,124,65,70,0,1,0,0,0,0,0,0,0,0,0,0,8
0,0,0,0,0,0,0,196,238,0,2,217,0,222,217,0,222,219,0,0,224,223,223,223,200,217,215,0,1,0,235,0,0,0,227,209,218,203,0,0,219,250,1,212,210,0,245,229,1,225,0,227,213,250,214,201,209,216,0,0,206,212,206,209,0,0,224,212,220,209,224,212,209,210,59,220,0,220,213,220,206,207,0,231,221,229,213,221,214,57,0,157,255,215,208,239,254,0,165,122,6
0,0,0,0,0,0,0,0,0,0,0,0,0,0,0,0,0,0,0,0,0,0,0,0,0,0,0,0,0,0,0,0,70,2,197,182,119,15,153,0,0,229,0,0,0,0,0,0,1,1,0,46,5,109,0,0,217,79,3,69,83,24,41,50,77,14,83,114,127,117,5,0,0,3,0,0,0,0,0,0,0,0,0,0,0,0,0,0,0,0,0,0,0,0,0,0,0,0,0,0,5
0,0,0,0,0,0,0,31,0,0,0,154,0,236,230,0,217,0,0,0,241,208,220,141,214,216,218,0,0,194,240,0,0,0,203,191,203,221,0,0,217,0,0,218,168,0,254,0,0,224,0,236,233,209,69,45,56,248,0,0,85,89,0,216,0,0,107,93,231,218,111,81,190,86,0,77,0,76,89,75,73,0,0,92,76,135,84,79,81,0,0,212,175,68,101,176,118,0,94,0,4
0,0,0,0,0,0,0,0,0,0,0,0,0,0,0,0,0,0,0,0,0,0,0,2,2,157,0,0,0,0,0,0,154,0,173,163,168,179,169,0,75,167,65,147,0,6,19,121,134,135,153,110,126,130,145,0,156,147,161,47,119,128,153,145,186,137,147,143,181,176,147,115,99,84,48,30,0,42,77,0,13,16,0,0,0,0,0,0,0,0,0,0,0,0,0,0,0,0,0,0,5
0,0,0,0,0,0,0,233,230,0,0,234,0,230,239,0,244,234,0,0,233,240,239,239,240,239,237,0,0,50,254,0,0,0,245,235,246,255,0,0,255,226,0,225,246,0,226,250,0,255,0,253,216,243,220,231,238,120,0,0,0,244,255,255,0,0,255,234,31,255,255,239,255,255,0,249,0,231,253,253,254,249,0,62,85,0,0,0,0,0,0,242,0,5,5,0,0,0,0,0,2
0,0,0,0,0,0,0,126,208,0,0,245,0,217,221,0,220,0,0,0,223,246,0,0,0,217,0,0,0,0,0,0,0,0,228,200,0,0,0,0,225,0,0,233,216,0,0,0,0,237,0,228,124,0,233,223,0,0,0,0,0,232,0,0,0,0,44,235,0,0,6,0,0,0,0,174,0,186,242,194,0,0,0,177,0,0,246,212,197,0,0,0,0,220,0,0,3,0,0,1,1
0,0,0,0,0,0,0,191,231,0,0,234,0,232,237,0,232,0,0,0,237,231,194,0,90,230,0,0,0,0,0,0,0,0,228,229,116,0,0,0,237,0,0,226,255,0,0,0,0,250,0,251,255,0,225,255,223,0,0,0,0,227,0,0,0,0,113,229,0,0,110,172,0,0,0,250,0,236,239,221,244,0,0,254,0,0,242,201,250,0,0,0,0,186,69,0,90,0,0,5,1
0,0,0,0,0,0,0,0,0,0,0,0,0,0,0,0,0,0,0,0,0,0,0,0,0,7,0,42,0,0,0,0,200,0,165,140,108,111,157,0,2,174,45,8,0,0,3,0,122,142,124,2,121,25,0,144,0,0,118,0,97,0,0,49,154,0,254,0,18,48,188,214,195,190,74,136,0,0,0,0,0,0,0,0,0,0,0,0,0,0,0,0,0,0,0,0,0,0,0,0,5
0,0,0,0,0,0,0,0,0,0,0,0,0,0,0,0,0,0,0,0,0,0,0,0,0,0,0,0,0,0,0,0,0,0,170,177,0,0,24,0,0,28,43,139,118,0,0,121,180,157,177,150,184,158,150,182,44,183,185,78,68,83,112,118,101,86,133,131,131,131,126,131,129,125,0,0,0,0,0,0,0,0,0,0,0,0,0,0,0,0,0,0,0,0,0,0,0,0,0,0,7
0,0,0,0,0,0,0,150,153,0,0,168,0,176,160,0,121,0,0,0,152,127,177,0,197,155,0,0,0,0,50,0,0,0,160,95,197,65,0,0,197,0,0,135,170,0,0,0,0,183,0,153,136,0,131,159,147,0,0,0,14,146,0,0,0,0,157,164,1,0,166,140,0,0,0,166,0,139,169,152,154,0,0,152,0,0,152,146,154,0,0,2,0,157,128,126,154,0,139,87,3
0,0,0,0,0,0,0,81,94,0,0,99,0,59,179,0,12,20,0,0,27,152,20,109,126,46,102,0,0,0,89,0,0,0,80,190,81,86,0,0,27,0,0,8,43,0,40,17,0,118,0,64,56,41,30,44,97,115,0,0,123,46,27,76,0,0,38,30,110,76,70,72,78,72,0,80,0,70,72,76,64,73,0,68,83,93,75,75,85,0,0,51,86,75,81,149,94,0,117,96,3
0,0,0,0,0,0,0,0,0,0,0,22,0,91,80,0,139,93,0,75,61,72,61,58,47,59,107,0,0,40,97,0,122,107,90,94,91,80,104,0,85,65,0,86,108,0,25,76,0,86,73,104,80,119,85,101,72,83,89,0,98,66,82,90,0,179,82,121,87,91,167,101,94,89,143,112,13,139,165,135,80,65,80,125,144,112,114,114,33,0,0,22,13,18,0,0,0,0,0,0,8
0,0,0,0,0,0,0,0,0,0,0,0,0,0,0,0,0,86,0,0,0,0,0,125,0,0,128,0,0,0,0,0,0,0,0,0,138,33,0,0,0,0,130,0,1,0,2,161,129,0,124,0,3,83,0,0,158,0,138,0,203,123,0,143,48,0,233,191,24,142,146,0,0,115,177,117,30,104,107,136,0,2,0,146,0,0,0,0,0,0,0,0,0,0,0,0,0,0,0,0,5
0,0,0,0,0,0,0,252,222,0,0,228,0,246,230,0,229,0,0,102,232,218,222,248,228,141,247,0,0,186,247,0,0,0,225,186,254,242,0,0,233,0,0,80,0,0,255,0,0,152,0,176,227,245,177,144,255,238,0,0,51,245,50,241,0,0,255,225,243,242,255,255,181,115,0,228,0,228,224,226,221,156,0,241,40,37,61,57,92,0,0,249,0,0,0,4,6,0,0,0,2
0,0,0,0,0,0,0,164,111,0,0,118,0,109,152,0,112,0,0,0,123,104,37,0,83,142,0,0,0,0,0,0,0,0,108,86,4,0,0,0,81,0,0,88,254,0,0,0,0,64,0,62,102,0,82,108,38,0,0,0,1,76,1,0,0,0,74,86,0,0,92,110,0,0,0,71,0,79,116,86,139,31,0,136,0,0,119,84,151,0,0,0,0,111,136,0,186,0,0,51,1
0,0,0,0,0,0,0,0,248,0,0,232,0,234,196,0,127,0,0,0,227,194,242,181,225,235,217,0,0,0,169,0,0,0,234,240,198,237,0,0,170,0,0,179,212,0,43,0,0,207,0,226,220,255,209,218,228,114,0,0,18,213,37,224,0,0,175,195,222,226,200,222,60,106,0,195,0,214,210,217,178,183,0,222,120,136,211,213,209,0,0,228,174,224,219,205,195,0,0,0,2
0,0,0,0,0,0,0,146,175,0,0,188,0,151,172,0,185,0,0,0,181,179,174,159,174,196,173,0,0,32,209,0,0,0,181,193,172,193,0,0,187,0,0,188,178,0,157,0,0,169,0,169,166,206,174,172,173,237,0,0,57,178,48,156,0,0,198,174,185,138,209,191,233,0,0,177,0,180,178,177,173,12,0,183,193,10,198,201,196,0,0,190,0,149,162,0,0,0,0,0,2
0,0,0,0,0,0,0,93,211,0,0,208,0,230,215,0,215,157,0,115,221,170,214,215,191,172,224,0,0,187,240,0,0,0,196,212,192,222,0,0,198,199,0,199,200,0,255,241,0,196,0,205,220,216,219,189,205,209,0,0,142,200,212,217,0,0,245,194,243,215,255,188,64,225,0,196,0,211,213,225,202,255,0,198,79,116,203,204,177,0,0,242,154,208,188,218,169,0,0,0,4
0,0,0,0,0,0,0,133,124,0,0,133,0,162,168,0,78,0,0,0,115,130,0,0,0,184,0,0,0,0,0,0,0,0,133,101,0,0,0,0,156,0,0,130,62,0,0,0,0,92,0,123,140,0,52,134,162,0,0,0,139,107,177,0,0,0,163,135,0,0,136,202,0,0,0,160,0,163,65,46,96,150,0,113,197,183,99,216,155,0,0,80,155,86,128,120,104,0,224,92,3
0,0,0,0,0,0,0,228,225,0,0,222,0,224,238,0,226,0,0,0,230,227,231,110,235,228,178,0,0,0,251,0,0,0,227,231,230,220,0,0,228,0,0,224,226,0,72,0,0,242,0,246,232,252,222,230,211,248,0,0,105,226,124,107,0,0,255,227,237,113,255,253,232,0,0,232,0,233,230,235,223,173,0,228,0,121,233,232,233,0,0,3,140,225,239,235,253,0,220,65,4
0,0,0,0,0,0,0,0,0,0,0,0,0,30,0,0,199,0,0,0,158,190,206,0,176,166,101,0,0,184,194,0,0,0,182,182,188,184,0,0,180,209,0,182,180,0,187,189,0,184,176,177,182,196,183,182,182,188,196,145,174,181,193,211,218,175,192,178,31,149,190,184,239,255,4,184,0,183,205,207,224,201,0,126,119,0,0,0,0,0,0,0,0,0,0,0,0,0,0,0,2
0,0,0,0,0,0,0,171,217,0,0,186,0,194,189,0,187,102,0,0,189,189,217,213,241,196,207,0,0,0,195,0,0,0,184,214,33,188,0,0,219,53,0,196,203,0,75,99,0,225,0,238,195,225,184,206,248,145,0,0,140,185,149,192,0,0,144,189,254,193,182,201,76,156,0,199,0,200,199,201,203,237,0,206,74,0,200,202,201,0,0,0,0,201,197,221,215,0,122,49,6
0,0,0,0,0,0,0,110,128,0,0,59,0,91,93,0,76,0,0,0,132,61,64,193,84,55,222,0,0,0,154,0,2,0,93,83,94,221,0,0,123,0,0,115,73,0,50,9,0,132,0,115,145,208,122,32,94,85,0,0,122,135,114,213,0,0,138,141,173,214,132,113,69,109,0,123,0,123,139,139,152,133,0,144,133,171,8,85,113,0,0,177,203,167,185,0,0,0,0,0,8
0,0,0,0,0,0,0,134,125,0,0,170,0,129,138,0,134,0,0,0,134,125,0,0,0,116,0,0,0,0,0,0,0,0,89,178,0,0,0,0,134,0,0,125,228,0,0,0,0,147,0,170,165,0,192,246,116,0,0,0,0,174,0,0,0,0,143,178,0,0,138,102,0,0,0,80,0,44,192,31,205,0,0,201,0,0,192,22,183,0,0,0,0,0,13,0,17,0,0,0,1
0,0,0,0,0,0,0,143,163,0,0,79,0,72,74,0,69,0,0,0,74,65,118,0,134,74,0,0,0,0,0,0,0,0,59,52,57,0,0,0,105,0,0,115,193,0,0,0,0,82,0,93,142,0,125,192,159,0,0,0,22,124,4,0,0,0,158,150,0,0,128,125,0,0,0,55,0,69,255,128,77,0,0,105,0,0,214,76,186,0,0,0,0,90,159,0,177,0,0,40,1
0,0,0,0,0,0,0,0,0,0,0,0,0,0,0,0,0,0,0,0,0,0,0,0,0,0,2,3,0,0,0,0,0,41,180,185,0,1,0,0,102,28,117,200,206,5,0,215,199,178,200,143,192,218,209,245,171,201,196,97,203,174,164,206,219,185,199,215,244,255,218,38,33,1,50,155,1,128,0,0,0,0,0,0,0,0,0,0,0,0,0,0,0,0,0,0,0,0,0,0,7
0,0,0,0,0,0,0,0,0,0,0,0,0,0,0,0,0,0,0,0,0,0,0,0,0,0,0,0,0,0,0,0,0,0,162,133,173,146,1,0,1,113,1,0,4,0,0,98,0,168,4,175,0,38,124,0,41,180,1,0,151,0,159,0,0,138,127,74,172,164,176,202,245,221,0,11,0,0,0,0,0,0,0,0,0,0,0,0,0,0,0,0,0,0,0,0,0,0,0,0,5
0,0,0,0,0,0,0,0,0,0,0,0,0,0,0,0,118,0,1,0,0,236,0,0,0,97,0,25,0,0,0,0,224,0,231,225,210,236,241,0,0,237,93,1,227,0,0,217,38,0,235,39,241,0,250,243,227,230,236,0,247,187,224,232,208,66,192,220,230,226,198,230,232,216,219,249,101,223,122,119,116,96,0,141,117,0,0,0,0,0,0,0,0,0,0,0,0,0,0,0,7
0,0,0,0,0,0,0,5,97,0,0,145,0,105,0,0,2,1,0,0,0,0,206,0,78,1,0,4,0,0,0,0,181,0,189,187,208,179,224,0,193,191,2,124,124,22,216,205,0,158,215,221,207,209,196,217,179,188,214,52,200,205,212,192,101,222,201,204,198,193,207,197,198,196,188,205,36,205,205,205,201,199,194,203,200,217,198,196,191,86,0,201,205,218,177,0,0,7,0,0,8
0,0,0,0,0,0,0,0,0,0,0,0,0,0,0,0,0,0,0,0,0,0,0,0,24,56,0,0,0,64,174,0,210,0,162,157,152,148,243,1,172,229,135,193,159,0,224,233,184,225,241,222,218,223,223,215,217,221,235,35,225,220,222,222,204,0,208,205,211,210,255,255,255,255,53,55,0,0,0,0,0,0,0,0,0,0,0,0,0,0,0,0,0,0,0,0,0,0,0,0,8
0,0,0,0,0,0,0,0,0,0,0,0,0,0,0,0,0,0,0,0,0,0,0,0,0,0,0,0,0,0,0,0,20,0,197,152,0,1,159,0,89,36,31,161,192,0,0,192,178,161,209,142,211,147,196,206,203,200,200,36,131,178,187,189,240,199,176,171,189,189,190,190,201,220,11,123,0,0,0,0,0,0,0,0,0,0,0,0,0,0,0,0,0,0,0,0,0,0,0,0,7
0,0,0,0,0,0,0,55,214,0,0,215,0,221,232,0,232,0,0,0,222,220,182,0,0,249,0,0,0,0,0,0,0,0,236,225,61,0,0,0,255,0,0,230,218,0,0,0,0,212,0,192,240,0,244,177,167,0,0,0,0,246,0,0,0,0,0,245,0,0,0,161,0,0,0,248,0,251,246,250,244,0,0,111,0,0,248,251,249,0,0,0,0,247,66,157,67,0,49,15,1
0,0,0,0,0,0,0,0,0,0,0,0,0,0,0,0,0,0,0,0,1,210,205,151,0,0,208,115,0,0,0,0,185,0,185,175,199,205,215,0,0,200,63,0,164,0,1,173,49,41,208,240,182,0,186,194,198,200,209,0,213,197,188,181,102,31,195,218,178,187,198,209,207,217,193,185,0,201,248,248,0,237,0,145,174,0,0,0,0,0,0,0,0,0,0,0,0,0,0,0,9
0,0,0,0,0,0,0,41,146,0,0,126,0,142,141,0,122,0,0,0,182,123,63,0,0,124,0,0,0,0,0,0,0,0,163,150,0,0,0,0,148,0,0,134,215,0,0,0,0,123,0,126,58,0,154,153,100,0,0,0,0,146,0,0,0,0,98,143,0,0,75,108,0,0,0,139,0,164,137,178,156,0,0,170,0,0,154,193,168,0,0,0,0,185,27,17,0,0,0,0,1
0,0,0,0,0,0,0,0,0,0,0,0,0,0,0,0,153,12,117,0,0,173,208,220,0,65,167,181,0,0,0,0,191,0,213,194,206,193,193,0,0,181,114,0,148,0,0,192,57,81,185,216,135,91,176,198,199,188,178,3,153,180,190,187,228,190,163,141,201,211,131,201,187,214,212,195,0,190,225,229,85,240,0,170,119,0,0,0,4,0,0,0,0,0,0,0,0,0,0,0,9
0,0,0,0,0,0,0,27,70,0,0,158,0,43,1,0,39,0,0,0,86,59,55,0,33,76,0,0,0,0,0,0,0,0,119,16,153,15,0,0,158,0,0,36,87,0,0,0,0,53,0,59,67,53,67,72,64,87,0,0,139,75,185,0,0,0,129,73,0,0,18,92,0,0,0,79,0,79,76,82,56,47,0,101,0,0,76,86,147,0,0,0,0,86,115,104,116,0,104,0,4
0,0,0,0,0,0,0,206,222,0,0,239,0,206,207,0,196,0,0,0,200,207,129,0,0,216,1,0,0,0,0,0,0,0,201,225,0,0,0,0,93,0,0,213,230,0,0,0,0,220,0,227,206,3,227,211,226,0,0,0,0,204,217,0,0,0,191,210,0,0,200,217,51,0,0,204,0,218,203,236,243,233,0,205,148,132,212,232,219,0,0,0,161,191,221,255,236,0,118,124,3
0,0,0,0,0,0,0,82,182,0,0,155,0,145,152,0,157,0,0,0,155,163,172,117,157,153,150,0,0,0,92,0,0,0,173,160,215,175,0,0,158,0,0,170,170,0,3,0,0,162,0,165,168,188,177,182,157,192,0,0,119,178,144,190,0,0,147,187,202,193,150,170,127,92,0,168,0,173,185,173,168,198,0,185,72,104,188,165,140,0,0,0,115,195,182,211,205,0,132,21,6
0,0,0,0,0,0,0,0,215,0,0,191,0,217,222,0,193,0,0,0,197,213,199,137,66,190,183,0,0,0,2,0,0,0,196,234,215,217,0,0,211,0,0,211,227,0,2,0,0,205,0,215,237,196,235,209,0,241,0,0,201,236,0,201,0,0,194,234,208,203,197,96,255,17,0,239,0,223,231,213,246,0,0,233,27,200,223,218,204,0,0,219,208,216,223,249,218,0,120,0,4
0,0,0,0,0,0,0,44,33,6,0,2,0,15,15,0,202,21,0,51,12,206,50,20,18,230,15,0,0,24,73,0,29,0,198,223,1,11,6,0,212,5,0,148,192,0,14,6,0,176,12,104,0,7,196,221,9,20,14,0,38,222,5,13,0,0,12,30,16,12,15,7,13,11,32,10,0,11,19,14,11,14,41,14,15,18,29,26,39,0,0,56,61,45,79,28,61,1,13,25,2
0,0,0,0,3,0,3,183,51,174,0,179,0,127,136,0,148,150,0,159,153,160,166,180,198,145,194,0,0,147,165,0,206,0,138,145,189,110,4,0,141,141,0,141,139,0,138,141,0,142,125,142,135,0,141,135,151,92,197,0,135,139,204,182,31,0,179,139,0,168,156,147,192,176,163,136,0,138,139,139,148,145,0,141,162,148,142,145,156,1,0,78,151,147,156,171,173,0,118,118,0
0,0,1,0,1,0,0,189,225,0,0,225,0,124,204,0,115,220,0,237,200,202,231,221,238,255,230,0,0,229,237,0,234,0,195,222,247,103,19,0,0,8,0,127,155,0,0,0,0,225,1,229,233,0,232,217,207,52,0,0,74,230,219,4,0,0,249,227,0,4,244,193,59,0,0,211,0,200,191,190,170,178,0,176,129,153,186,189,180,0,0,0,163,129,124,107,98,0,206,187,0
0,0,0,0,0,0,0,228,249,1,0,230,0,243,255,0,215,202,0,49,219,236,233,235,241,233,233,0,0,161,246,0,0,0,217,249,232,240,0,0,231,255,0,233,217,0,241,241,0,227,0,225,232,167,235,204,220,26,0,0,174,234,255,244,0,0,235,231,216,242,251,249,255,255,0,254,0,0,0,0,0,2,0,0,0,0,0,0,0,0,0,250,0,0,0,0,0,0,0,0,4
0,0,0,0,0,0,0,0,0,0,0,0,0,0,0,0,0,0,0,0,0,0,0,0,0,0,0,0,0,0,0,0,0,0,193,231,0,0,144,0,0,45,67,234,217,4,0,212,176,165,205,170,178,194,169,197,209,221,206,93,197,188,207,97,13,44,211,227,0,0,19,3,111,201,6,17,0,0,0,0,0,0,0,0,0,0,0,0,0,0,0,0,0,0,0,0,0,0,0,0,7
0,0,0,0,0,0,0,0,20,0,0,69,0,12,150,0,175,0,0,0,128,20,0,0,0,93,0,0,0,0,0,0,0,0,114,114,0,0,0,0,0,0,0,145,124,0,0,0,0,27,0,39,131,0,152,130,83,0,0,0,0,143,0,0,0,0,0,119,0,0,0,105,0,0,0,48,0,78,45,76,91,0,0,71,0,0,78,79,0,0,0,0,0,109,15,116,0,0,116,0,3
0,0,0,0,0,0,0,146,55,0,0,106,0,91,97,0,85,45,0,76,80,90,93,109,86,84,108,0,0,98,91,0,0,0,87,82,165,94,0,0,88,0,0,79,92,0,101,15,0,86,0,87,101,130,84,92,78,201,0,0,38,88,57,92,0,0,96,89,170,78,97,96,154,77,0,107,0,90,81,106,89,59,0,88,42,102,99,117,98,0,0,175,28,97,78,0,0,0,0,0,6
0,0,0,0,0,0,0,0,179,0,0,86,0,216,211,0,210,0,0,0,204,211,0,0,0,203,0,0,0,0,0,0,0,0,202,219,5,0,0,0,204,0,0,211,203,0,0,0,0,253,0,255,206,0,197,205,228,0,0,0,0,196,0,0,0,0,116,197,0,0,143,246,0,0,0,209,0,211,202,214,203,88,0,221,0,0,212,220,209,0,0,0,0,222,240,229,255,0,190,210,3
0,0,0,0,0,0,0,213,215,0,0,209,0,242,238,0,183,207,0,216,103,144,198,205,235,156,218,0,0,207,215,0,190,0,29,27,224,111,0,0,204,0,0,212,206,0,0,0,0,210,0,206,211,0,211,209,204,36,0,0,224,211,206,6,0,0,213,211,0,6,210,206,36,0,0,212,0,212,212,213,208,215,0,213,73,224,212,212,213,0,0,0,217,212,204,217,212,0,205,181,0
0,0,0,0,0,0,0,82,159,0,0,169,0,175,175,0,185,0,0,0,192,164,117,0,0,193,0,0,0,0,0,0,0,0,178,184,77,0,0,0,205,0,0,178,195,0,0,0,0,186,0,169,205,0,178,170,188,0,0,0,0,179,0,0,0,0,0,180,0,0,0,177,0,0,0,197,0,201,199,202,187,0,0,108,0,0,195,190,199,0,0,0,0,199,161,204,179,0,172,137,1
0,0,0,0,0,0,0,6,232,0,0,234,0,236,254,0,116,0,0,0,130,145,145,183,136,138,184,0,0,0,65,0,0,0,136,147,178,151,0,0,218,0,0,138,166,0,0,19,0,215,0,197,162,255,136,187,153,5,0,0,45,139,175,198,0,0,212,163,199,173,130,136,53,103,0,0,0,0,0,2,1,0,0,3,17,158,0,0,0,0,0,127,36,0,3,0,0,0,0,0,4
0,0,0,0,0,0,0,2,143,0,0,129,0,130,0,0,0,0,0,0,0,0,59,4,0,0,5,0,0,0,0,0,0,0,5,0,139,5,5,0,210,0,0,0,0,0,217,215,180,224,193,112,232,218,184,214,214,219,242,0,186,228,199,195,0,0,216,232,211,190,187,206,202,210,0,212,0,204,215,200,218,217,1,203,207,218,228,232,234,2,0,224,205,205,212,255,255,0,132,132,8
0,0,0,0,0,0,0,0,0,0,0,0,0,0,0,0,0,0,0,0,160,0,5,0,0,162,1,0,0,0,5,0,3,0,0,0,163,0,0,0,158,174,0,194,195,182,183,207,228,183,198,194,180,233,194,191,213,200,197,94,222,191,202,204,224,136,217,199,205,203,203,206,194,212,204,210,71,231,21,114,51,17,0,0,0,0,0,0,0,0,0,0,0,0,0,0,0,0,0,0,8
0,0,0,0,0,0,0,200,196,0,0,209,0,196,200,0,183,0,0,0,200,200,198,0,111,185,0,0,0,0,0,0,0,0,174,180,209,0,0,0,189,0,0,178,213,0,0,0,0,196,0,187,198,0,187,161,191,132,0,0,111,185,213,0,0,0,215,183,0,0,215,196,137,0,0,198,0,189,193,180,191,209,0,191,132,141,198,150,152,0,0,0,148,154,191,0,183,0,0,189,1
0,0,0,0,0,0,0,0,0,73,132,171,0,0,0,0,107,186,0,0,0,135,164,183,0,88,213,0,0,0,0,0,159,0,147,139,188,128,0,0,6,166,0,0,67,0,0,202,122,0,166,0,160,0,142,109,179,74,136,0,0,153,167,95,217,0,70,135,152,84,170,203,206,83,0,104,0,127,136,150,183,0,73,136,0,135,185,102,0,148,23,195,178,181,0,0,0,0,0,0,9
0,0,0,0,0,0,0,0,0,0,0,0,0,0,0,0,201,181,0,0,0,133,137,142,0,130,148,0,0,0,0,0,165,0,204,188,184,172,82,0,0,173,29,1,213,0,0,0,201,1,169,14,114,2,84,122,154,165,192,1,0,33,168,214,89,9,109,61,181,136,172,196,0,134,132,90,74,192,216,212,0,2,0,106,0,0,0,0,0,0,0,0,0,0,0,0,0,0,0,0,9
0,0,0,0,0,0,0,0,0,0,0,0,0,0,0,0,0,0,0,0,0,0,0,0,0,0,0,0,0,0,0,0,0,0,170,181,0,0,129,0,0,189,0,220,199,5,0,174,49,155,193,203,167,137,179,157,170,201,209,5,195,173,185,164,176,28,158,155,45,64,53,72,182,173,0,73,0,0,0,0,0,0,0,0,0,0,0,0,0,0,0,0,0,0,0,0,0,0,0,0,7
0,0,0,0,2,0,0,118,114,0,0,119,0,114,109,0,128,123,0,149,108,18,129,139,120,141,140,0,0,160,165,0,0,0,136,130,165,181,0,0,151,136,0,137,134,0,190,157,0,137,0,139,140,1,142,101,121,0,0,0,174,149,166,199,0,0,155,144,144,205,147,134,38,146,65,153,0,146,151,147,147,150,0,158,136,33,33,34,50,0,0,0,0,0,0,2,2,0,0,0,2
0,1,0,0,1,0,0,59,174,0,1,68,0,57,51,0,90,127,0,123,87,73,80,117,102,81,138,0,0,130,130,0,15,0,80,79,94,172,0,0,73,105,0,82,79,0,136,107,0,77,0,85,86,0,86,87,76,31,16,0,103,91,105,86,0,0,81,91,0,63,84,86,105,130,102,100,0,98,91,82,82,94,0,85,118,116,87,91,102,0,0,0,113,98,100,99,82,0,73,85,0
0,0,0,0,0,0,0,163,52,0,0,49,0,136,32,0,5,0,0,0,99,178,0,0,0,140,0,0,0,0,0,0,0,0,131,77,0,0,0,0,173,0,0,78,128,0,0,0,0,163,0,144,195,0,173,186,140,0,0,0,55,182,58,0,0,0,128,179,0,0,99,120,0,0,0,74,0,131,197,88,123,103,0,116,0,161,244,104,123,0,0,0,224,77,71,101,74,0,115,15,3
0,0,0,0,0,0,0,0,0,116,66,226,0,0,6,0,221,231,0,0,5,229,242,241,0,232,217,164,0,0,0,0,204,0,231,230,239,231,211,0,0,226,0,0,215,0,0,213,0,2,189,0,101,2,124,201,249,226,216,0,0,164,187,169,131,1,203,0,166,144,96,220,227,233,139,131,0,214,209,201,132,132,211,94,200,247,233,237,108,211,0,58,79,136,0,0,0,0,0,0,9
0,0,0,0,0,0,0,128,183,0,0,149,0,168,178,0,159,153,0,194,172,167,157,179,170,162,179,0,0,191,183,0,0,0,177,177,180,178,0,0,183,157,0,168,179,0,175,181,0,174,0,170,186,45,174,178,205,66,0,0,162,178,116,183,0,0,191,181,254,185,194,189,6,188,175,184,0,184,179,190,172,216,0,184,126,207,178,186,184,0,0,23,215,181,172,221,189,73,134,34,6
0,0,0,0,0,0,0,0,0,0,0,0,0,0,0,0,0,0,0,0,0,75,140,128,0,0,112,0,0,0,0,0,128,0,0,0,5,0,0,0,0,103,2,0,0,0,0,0,0,0,25,0,0,5,0,0,5,123,112,0,44,0,229,131,114,0,50,81,148,103,218,0,19,103,33,64,53,240,120,2,0,0,0,0,0,0,0,0,0,0,0,0,0,0,0,0,0,0,0,0,5
0,0,0,0,0,0,0,206,203,0,0,220,0,216,209,0,227,0,0,0,220,234,226,152,223,227,239,0,0,0,247,0,0,0,218,248,255,241,0,0,228,0,0,226,233,0,211,65,0,229,0,232,229,236,231,230,0,255,0,0,234,232,0,238,0,0,234,232,250,232,235,0,122,188,0,235,0,226,234,233,230,0,0,238,0,252,234,238,254,0,0,0,0,12,0,0,0,0,6,0,2
0,0,0,0,0,0,0,150,165,0,3,206,0,160,157,0,177,173,0,0,165,173,173,176,158,173,173,0,0,0,179,0,170,0,195,204,201,187,9,3,190,239,42,174,172,2,212,210,67,179,218,176,173,226,169,176,180,176,213,10,165,173,174,174,213,0,183,182,187,178,184,173,180,210,17,184,40,188,193,195,123,148,0,192,242,198,186,187,181,5,131,0,255,211,219,194,166,0,0,0,8
0,0,0,0,0,0,0,156,221,0,0,161,0,127,144,0,152,243,0,220,162,157,173,227,120,152,248,0,0,0,236,0,0,0,172,169,226,0,0,0,121,0,0,187,187,0,1,0,0,182,0,159,127,6,189,192,194,3,0,0,174,144,197,3,0,0,180,187,0,3,84,161,88,0,0,164,0,129,187,164,189,204,0,171,146,178,158,159,197,0,0,0,233,213,212,254,226,0,131,0,0
0,0,1,0,0,0,0,109,165,0,0,184,0,214,245,0,190,0,0,0,147,149,125,167,164,200,159,0,0,0,81,0,0,0,134,125,178,154,0,0,147,0,0,173,159,0,2,83,0,157,0,184,161,136,183,165,148,217,0,0,245,213,135,153,0,0,168,176,192,217,165,127,172,100,0,184,0,216,176,191,148,159,0,163,217,215,195,202,183,0,0,209,233,204,195,224,209,0,7,0,4
0,0,0,0,0,0,0,244,227,0,0,231,0,229,225,0,221,0,0,0,227,219,37,6,230,223,8,0,0,0,0,0,0,0,224,216,163,0,0,0,222,0,0,225,251,0,0,0,0,215,0,215,110,0,240,223,233,0,0,0,190,240,72,0,0,0,236,235,8,0,238,239,0,0,0,20,0,37,245,150,229,242,0,230,167,227,234,245,226,0,0,186,223,247,234,187,250,0,2,157,1
0,0,0,0,0,0,0,4,83,0,0,100,0,98,100,0,77,0,0,47,60,73,74,88,55,63,85,0,0,59,70,0,0,0,75,77,161,65,0,0,65,0,0,61,75,0,71,0,0,61,0,60,70,80,67,78,79,106,0,0,20,65,28,82,0,0,65,63,88,71,58,75,96,42,0,68,0,72,67,72,73,55,0,71,59,36,63,63,52,0,0,88,0,0,0,0,1,0,0,0,6
0,0,0,0,0,0,0,4,60,0,0,110,0,137,0,0,0,0,0,0,0,55,0,0,5,4,1,0,0,0,0,0,8,0,0,0,42,0,0,0,115,106,0,119,135,0,128,98,0,127,54,153,92,117,98,108,126,120,59,0,109,98,116,126,0,0,106,97,127,130,109,115,117,119,29,101,0,102,105,103,98,99,0,112,90,133,115,112,102,0,0,192,151,103,84,145,160,6,51,56,8
0,0,1,0,0,0,0,184,116,0,0,178,0,156,187,0,170,148,0,176,168,135,162,152,171,166,147,0,50,178,176,0,151,0,156,158,159,179,101,0,161,83,0,168,158,0,0,5,0,161,0,162,177,153,170,157,154,145,0,0,171,171,164,2,0,0,163,167,0,3,165,150,133,0,0,190,0,192,170,194,154,160,0,167,130,178,173,202,154,0,0,2,174,202,144,180,158,0,173,89,0
0,0,0,0,0,0,0,225,216,0,1,228,0,239,238,0,190,229,0,223,200,163,228,221,228,240,227,0,161,223,237,0,235,0,135,111,232,238,0,0,74,0,0,0,101,0,0,3,0,83,0,79,29,213,37,44,208,211,0,0,155,95,233,0,0,0,87,0,0,0,132,228,209,3,0,255,0,222,227,229,228,228,0,229,227,243,230,228,226,0,0,0,240,225,220,251,233,0,174,160,0
0,0,0,0,0,0,0,158,159,146,27,157,0,155,158,0,152,150,0,183,161,172,148,157,179,162,168,80,59,192,200,0,126,0,162,156,152,155,0,0,163,0,2,155,164,0,0,1,0,171,1,162,168,31,163,154,177,188,0,0,175,157,158,0,0,0,161,161,44,0,160,173,179,1,0,165,0,175,162,177,191,159,0,166,165,167,164,172,171,0,0,0,163,164,170,180,180,0,165,148,0
0,0,0,0,0,0,0,0,0,0,0,0,0,0,0,0,0,0,0,0,0,0,0,0,0,0,0,0,0,0,0,0,104,0,115,108,0,107,158,2,69,147,40,159,155,109,102,134,149,169,132,171,68,161,228,182,64,0,0,0,14,0,44,41,198,0,123,141,180,188,128,140,77,108,0,0,0,0,0,0,0,0,0,0,0,0,0,0,0,0,0,0,0,0,0,0,0,0,0,0,7
0,0,0,0,1,0,0,28,60,69,14,23,0,26,29,0,30,40,0,45,122,29,102,29,29,121,35,0,9,42,58,0,38,0,181,174,4,174,39,0,12,26,0,120,24,0,0,0,0,34,0,33,40,20,25,104,55,42,0,0,36,24,36,0,0,0,35,30,38,0,33,34,39,0,0,19,0,12,19,20,25,34,0,29,40,31,23,26,20,0,0,0,28,20,26,22,24,0,22,26,0
0,0,0,0,0,0,0,201,190,0,4,192,0,190,190,0,178,192,0,126,82,78,166,197,186,122,200,0,0,166,216,0,0,0,194,194,180,196,0,0,188,216,0,190,190,0,218,222,0,188,0,187,193,210,196,194,176,208,0,0,250,196,172,200,0,0,193,197,231,203,195,199,180,214,0,200,0,200,201,205,197,207,0,207,134,152,202,202,196,0,0,214,170,219,204,81,29,0,0,0,2
0,0,0,0,0,0,0,0,0,0,0,0,0,0,0,0,0,0,0,0,0,0,0,0,0,0,0,0,0,0,0,0,0,0,154,218,0,0,122,0,0,50,204,255,95,3,0,238,115,86,123,228,232,255,237,222,207,212,107,0,0,0,0,0,0,26,6,11,20,24,21,22,24,28,0,0,0,0,0,0,0,0,0,0,0,0,0,0,0,0,0,0,0,0,0,0,0,0,0,0,7
0,0,0,0,0,0,0,0,0,0,0,0,0,0,0,0,0,80,0,0,1,4,0,75,0,181,56,0,0,0,0,0,0,0,1,1,97,118,0,0,0,0,62,0,0,0,1,106,36,0,50,0,0,0,2,0,113,34,84,0,0,0,4,0,73,0,37,1,0,2,80,0,1,0,0,68,1,79,82,73,0,1,54,57,0,96,91,85,1,88,0,0,0,0,0,0,0,0,0,0,5
0,0,0,0,0,0,0,0,0,0,0,0,0,0,0,0,0,0,0,0,0,0,0,0,0,0,0,0,0,0,0,0,1,0,208,225,0,0,0,0,0,74,0,22,160,0,0,216,122,206,144,111,142,233,215,97,226,218,134,40,255,255,255,255,226,0,49,33,18,0,0,0,0,0,0,0,0,0,0,0,0,0,0,0,0,0,0,0,0,0,0,0,0,0,0,0,0,0,0,0,5
0,0,0,0,0,0,0,0,202,0,0,216,0,207,216,0,205,0,0,0,208,204,202,209,215,207,213,0,0,32,221,0,0,0,207,206,220,211,0,0,207,0,0,211,208,0,139,0,0,204,0,204,210,172,212,210,226,87,0,0,58,213,183,202,0,0,253,215,237,204,253,225,0,68,0,215,0,215,216,216,209,213,0,209,0,161,229,229,225,0,0,170,58,171,164,0,0,0,0,1,2
0,0,2,0,0,0,0,180,168,0,1,153,0,152,142,0,142,190,0,66,137,141,172,183,198,137,192,0,0,123,204,0,0,0,145,145,164,213,0,0,172,154,0,154,147,0,190,193,0,157,0,158,154,248,172,153,152,188,0,0,216,174,150,186,0,0,164,173,243,192,181,147,92,195,0,149,0,152,151,149,148,198,0,161,35,61,161,162,162,0,0,206,0,0,0,0,0,0,2,2,2
0,0,0,0,0,0,0,0,0,0,0,0,0,0,0,0,0,0,0,0,0,31,0,0,1,0,30,12,0,0,0,0,40,1,158,0,51,47,36,0,0,51,45,0,218,0,0,2,11,63,99,227,214,250,238,228,226,225,213,0,223,224,227,215,222,205,225,218,253,255,234,188,162,122,74,174,0,75,4,5,0,0,0,0,0,0,0,0,0,0,0,0,0,0,0,0,0,0,0,0,9
0,0,0,0,0,0,0,238,231,0,0,223,0,221,221,0,222,117,0,204,220,222,234,242,239,225,238,0,0,255,239,0,0,0,231,225,192,238,0,0,233,99,0,234,232,0,247,143,0,232,0,231,232,0,233,232,255,0,0,0,186,233,255,249,0,0,254,233,224,255,238,227,42,194,0,232,0,233,227,228,228,241,0,249,165,96,77,80,61,0,0,215,0,0,0,4,6,0,0,1,2
0,0,0,0,0,0,0,0,0,0,208,195,0,0,0,0,170,172,0,0,0,194,224,187,0,167,157,109,0,0,0,0,189,0,204,188,187,195,237,0,0,189,164,0,183,0,0,189,235,0,183,0,206,0,240,176,192,194,190,0,0,193,183,159,241,0,194,186,167,172,187,186,215,220,53,190,0,197,199,198,194,160,205,200,0,198,200,201,209,0,0,255,246,240,0,95,0,0,0,0,9
0,0,0,0,0,0,0,0,0,0,0,0,0,0,0,0,0,0,0,0,0,56,0,0,0,60,1,0,0,0,0,0,176,0,141,191,215,215,82,0,1,0,0,0,181,0,0,25,0,117,255,105,192,96,161,156,180,170,157,5,80,126,202,193,161,189,165,141,204,211,193,191,193,192,190,238,0,91,0,0,0,0,0,0,0,0,0,0,0,0,0,0,0,0,0,0,0,0,0,0,7
0,0,0,0,0,0,0,61,172,1,0,168,0,144,170,0,153,168,0,36,159,152,156,170,147,161,173,0,0,115,180,0,0,0,163,156,182,219,0,0,163,171,0,155,165,0,199,225,0,158,0,154,159,250,161,170,142,136,0,0,65,167,170,233,0,0,171,170,212,226,195,159,91,159,0,167,0,158,161,167,163,184,0,151,87,49,169,163,166,0,0,232,51,162,139,203,175,0,183,107,6
0,0,0,0,0,0,0,0,0,0,0,0,0,0,0,0,0,0,0,0,0,0,0,0,0,0,0,0,0,0,0,0,0,0,182,196,0,0,107,0,145,90,169,198,227,0,0,213,207,214,221,196,202,212,219,226,233,253,213,4,192,241,204,197,204,34,0,5,255,250,37,22,112,114,0,0,0,0,0,0,0,0,0,0,0,0,0,0,0,0,0,0,0,0,0,0,0,0,0,0,7
0,0,0,0,2,0,0,219,192,0,0,189,0,185,184,0,182,206,0,249,187,195,117,178,178,177,197,0,0,239,230,0,255,0,112,113,169,244,141,0,168,237,0,187,178,0,0,0,0,186,0,185,188,0,190,184,184,192,0,0,42,197,177,0,0,0,215,191,0,0,217,177,182,2,0,188,0,194,191,198,190,184,0,184,203,180,194,194,192,0,0,0,182,188,178,227,225,0,96,84,0
0,0,0,0,0,0,0,0,0,0,0,0,0,0,0,0,0,0,0,0,0,0,0,0,0,0,0,0,0,0,0,0,43,1,114,0,3,0,15,0,133,97,0,167,0,0,0,1,1,45,1,0,64,83,0,194,78,167,45,83,123,190,196,144,144,119,163,150,165,167,89,0,97,108,0,0,0,0,0,0,0,0,0,0,0,0,0,0,0,0,0,0,0,0,0,0,0,0,0,0,5
0,0,0,0,0,0,0,61,76,0,1,135,0,232,205,0,139,8,0,0,137,119,110,125,146,144,119,0,1,203,151,0,0,0,93,109,127,120,0,0,135,161,0,126,132,0,172,147,0,147,0,164,140,194,140,130,128,207,0,0,198,166,93,146,0,0,189,162,227,155,173,126,102,122,227,131,0,162,182,140,133,170,123,163,79,228,187,158,148,0,0,0,134,190,131,0,0,86,0,0,4
0,0,0,0,0,0,0,102,82,17,0,101,0,87,86,0,58,98,0,115,190,104,100,95,87,180,86,113,98,88,133,0,126,0,223,107,85,121,0,0,56,14,0,92,82,0,0,3,2,70,0,71,164,125,109,147,80,106,0,0,97,25,77,0,0,0,94,90,44,0,83,81,105,1,0,185,0,81,76,74,77,81,0,93,105,101,84,87,71,0,0,11,102,81,69,124,104,0,45,19,0
0,0,0,0,0,0,0,0,0,0,0,0,0,0,0,0,0,0,0,0,0,1,2,0,0,115,0,0,0,0,0,0,107,0,154,124,249,229,111,0,0,249,10,0,242,0,0,170,69,133,220,200,153,214,160,142,147,147,139,4,133,208,142,232,139,146,0,183,19,50,9,98,65,95,100,167,2,36,0,0,0,0,0,0,0,0,0,0,0,0,0,0,0,0,0,0,0,0,0,0,5
0,0,0,0,0,0,0,4,68,0,0,0,0,74,0,0,0,0,0,0,3,48,0,0,0,0,1,0,0,0,1,0,0,0,0,0,9,0,0,0,0,2,0,0,0,0,0,0,0,255,0,212,240,210,204,190,195,210,0,0,212,201,205,255,0,0,215,207,215,255,217,215,220,154,0,215,0,214,221,219,221,225,0,220,222,216,227,226,222,0,0,22,214,222,225,255,223,0,47,0,8
0,0,0,0,0,0,0,0,231,0,0,199,0,235,220,0,217,0,0,0,220,219,213,102,217,238,218,0,0,0,193,0,0,0,186,193,226,250,0,0,214,0,0,213,239,0,71,0,0,237,0,236,228,253,210,237,207,252,0,0,12,212,22,187,0,0,237,217,245,190,255,253,162,0,0,238,0,241,211,239,208,157,0,209,83,189,217,227,219,0,0,232,141,200,188,0,0,0,0,0,4
0,0,0,0,0,0,0,0,0,0,0,0,0,0,0,0,0,0,0,0,0,0,0,0,0,0,0,0,0,0,0,0,2,0,74,114,70,0,140,0,19,82,102,133,19,99,14,42,63,108,150,95,116,136,42,6,17,38,108,0,189,195,206,216,180,0,193,167,76,63,0,0,0,0,0,0,0,0,0,0,0,0,0,0,0,0,0,0,0,0,0,0,0,0,0,0,0,0,0,0,7
0,0,0,0,0,0,0,0,0,0,0,0,0,0,0,0,0,0,0,0,0,0,0,0,0,126,216,0,0,0,0,0,201,0,104,102,134,164,207,0,0,190,214,31,116,0,0,192,226,26,196,79,123,0,83,167,198,205,153,0,98,68,241,155,128,68,58,98,126,138,92,37,0,110,183,119,0,110,226,226,0,2,0,0,0,0,0,0,0,0,0,0,0,0,0,0,0,0,0,0,9
0,0,0,0,0,0,0,0,0,156,74,0,1,0,0,0,173,165,0,0,180,104,212,185,0,0,234,95,0,0,0,0,208,72,0,1,0,36,204,0,0,205,191,1,1,0,0,192,139,0,199,1,2,1,1,6,173,0,122,0,0,1,0,204,55,0,1,3,56,196,152,0,0,193,1,0,4,0,228,92,2,1,111,200,0,239,204,206,1,1,0,92,117,144,0,0,0,0,0,0,5
0,0,15,0,0,0,0,0,209,15,0,15,0,232,116,0,16,15,0,14,216,0,14,15,0,67,14,0,0,15,14,0,0,0,224,53,8,15,0,0,243,15,0,48,188,0,15,15,0,219,0,244,192,0,212,217,18,19,0,0,120,0,14,16,0,0,255,134,17,17,255,2,18,19,0,244,0,223,21,100,144,0,0,123,2,0,164,199,152,0,0,19,0,173,56,0,67,0,1,101,3
0,0,0,0,0,0,0,227,231,0,0,235,0,234,233,0,230,0,0,0,227,224,240,166,221,227,197,0,0,0,39,0,0,0,220,255,11,222,0,0,255,0,0,222,227,0,0,0,0,235,0,228,230,0,228,229,236,0,0,0,19,227,208,0,0,0,207,228,0,0,188,235,0,0,0,233,0,233,229,234,227,135,0,251,0,0,231,236,235,0,0,0,0,233,245,247,247,0,104,126,3
0,0,1,0,0,0,0,47,58,0,0,49,0,51,68,0,28,44,0,58,38,35,38,33,31,34,58,0,0,32,62,0,31,0,38,35,51,111,0,0,44,25,0,40,38,0,1,1,0,48,0,48,43,0,47,41,44,1,0,0,31,49,51,1,0,0,65,50,0,1,66,42,6,0,0,52,0,53,57,59,52,65,0,52,26,52,52,56,57,0,0,2,56,55,50,65,67,0,35,24,0
0,0,0,0,0,0,0,0,0,0,0,0,0,0,0,0,0,0,0,0,0,0,0,0,0,0,0,0,0,0,1,0,3,0,171,81,6,1,17,0,17,148,0,0,188,4,0,195,1,93,0,226,170,196,155,0,240,74,163,51,193,197,180,154,67,149,247,250,137,85,6,0,19,0,0,79,0,0,0,0,0,0,0,0,0,0,0,0,0,0,0,0,0,0,0,0,0,0,0,0,5
0,0,1,0,0,0,0,129,108,0,0,99,0,133,123,0,91,67,0,195,114,93,63,116,176,120,110,0,0,195,140,0,0,0,103,86,0,120,0,0,144,0,0,144,103,0,153,0,0,151,0,150,135,0,146,103,86,84,0,0,20,142,0,112,0,0,185,144,180,114,189,101,0,35,0,129,0,127,129,127,99,43,0,90,0,0,0,0,0,0,0,24,0,0,1,0,0,0,0,0,2
0,0,0,0,0,0,0,49,240,0,0,207,0,191,200,0,191,117,0,0,191,191,191,213,199,191,210,0,0,0,184,0,0,0,199,207,244,213,0,0,224,78,0,198,207,0,12,113,0,247,0,253,206,240,204,211,238,93,0,0,148,210,189,214,0,0,187,221,255,208,204,222,95,202,0,212,0,212,223,229,219,209,0,3,1,114,0,0,0,0,0,226,74,7,5,0,4,0,0,3,4
0,0,0,0,0,0,0,0,0,0,0,0,0,0,0,0,0,0,0,0,0,0,0,0,0,0,0,0,0,0,0,0,147,0,141,163,97,0,195,0,0,218,73,186,174,0,0,214,155,175,210,182,180,189,173,187,213,209,208,37,217,210,249,244,255,127,139,151,90,79,13,0,0,11,0,127,0,0,0,0,0,0,0,0,0,0,0,0,0,0,0,0,0,0,0,0,0,0,0,0,7
0,0,0,0,0,0,0,0,0,0,0,0,0,0,0,0,13,0,24,0,1,134,0,0,0,11,158,69,0,0,0,0,106,0,108,159,192,197,141,0,0,105,0,0,99,0,0,109,14,0,165,30,96,0,80,103,176,147,135,0,63,74,103,119,91,56,87,113,105,119,115,116,158,190,148,91,0,217,140,99,0,212,0,0,0,0,0,0,0,0,0,0,0,0,0,0,0,0,0,0,9
0,0,0,0,0,0,0,38,227,0,0,234,0,232,222,0,228,0,0,0,222,241,0,0,0,223,0,0,0,0,0,0,0,0,229,239,0,0,0,0,241,0,0,221,238,0,0,0,0,0,0,17,19,0,21,19,32,0,0,0,3,22,13,0,0,0,17,21,0,0,16,18,0,0,0,14,0,14,19,14,18,15,0,13,0,13,19,14,17,0,0,0,14,14,11,86,12,0,23,9,3
0,0,0,0,0,0,0,216,206,0,0,222,0,218,217,0,142,226,0,224,215,131,148,224,209,217,224,0,0,205,214,0,237,0,217,213,221,255,0,0,213,0,0,214,216,0,4,0,0,215,0,216,218,64,216,220,216,240,0,0,232,217,212,0,0,0,213,217,0,0,214,220,214,3,0,220,0,221,221,221,223,217,0,222,234,235,222,221,223,0,0,0,228,216,221,245,254,0,173,126,0
0,0,0,0,3,0,0,102,85,72,0,107,0,91,93,0,95,130,0,145,85,91,93,170,211,93,166,0,0,149,102,0,69,0,109,111,109,152,0,0,114,133,0,107,97,0,117,109,0,102,0,104,104,53,109,93,97,52,29,0,90,107,131,164,0,0,133,107,31,157,114,124,152,111,53,102,0,102,91,88,76,93,0,182,173,143,145,147,145,0,0,0,137,116,130,135,102,39,0,0,2
0,0,0,0,0,0,0,0,226,0,0,220,0,228,232,0,234,0,0,0,235,232,197,0,0,250,0,0,0,0,0,0,0,0,255,227,139,0,0,0,255,0,0,223,30,0,0,0,0,255,0,255,241,0,235,0,255,0,0,0,0,242,26,0,0,0,87,244,0,0,101,242,0,0,0,198,0,163,253,125,255,0,0,233,0,0,255,103,122,0,0,0,0,78,177,0,157,0,0,44,1
0,0,0,0,4,0,2,63,215,10,0,102,0,56,63,0,87,84,0,124,76,69,80,84,108,78,82,0,65,180,126,0,93,0,91,93,82,104,102,0,108,84,0,98,98,0,211,130,0,113,0,115,104,178,106,102,93,89,0,0,95,108,100,4,0,0,104,113,126,28,104,106,87,0,2,115,0,115,115,117,108,108,0,117,111,98,111,113,128,0,0,139,146,95,104,165,146,0,39,43,6
0,0,0,0,0,0,0,0,0,0,0,0,0,0,0,0,0,0,0,0,0,0,0,0,0,0,0,0,0,0,0,0,122,1,141,158,183,175,0,0,0,0,0,1,0,0,0,0,0,107,71,161,23,37,104,30,186,154,87,0,82,114,12,104,96,156,134,104,123,136,123,0,170,149,0,0,0,0,0,0,0,0,0,0,0,0,0,0,0,0,0,0,0,0,0,0,0,0,0,0,5
0,0,0,0,0,0,0,160,182,0,0,146,0,155,255,0,149,176,0,198,158,153,159,165,168,152,169,0,0,213,176,0,76,0,172,164,152,221,0,0,173,135,0,176,169,0,0,0,0,178,0,180,160,61,185,159,175,158,0,0,178,184,172,0,0,0,175,185,11,0,175,178,170,4,0,173,0,164,185,168,175,176,0,190,186,185,191,170,177,0,0,0,181,158,173,229,205,0,101,84,6
0,0,0,0,0,0,0,0,0,0,0,0,0,0,0,0,0,0,0,0,0,0,0,0,0,0,0,0,0,0,0,0,172,0,95,65,154,171,171,1,89,184,113,99,125,0,173,160,155,57,216,19,100,85,29,117,214,185,168,48,206,215,199,205,229,181,186,191,197,185,198,200,195,201,56,196,0,0,0,0,0,0,0,0,0,0,0,0,0,0,0,0,0,0,0,0,0,0,0,0,7
0,0,0,0,0,0,0,0,208,0,0,200,0,203,196,0,197,0,0,0,204,203,200,0,0,193,0,0,0,0,0,0,0,0,207,194,211,0,0,0,190,0,0,188,181,0,0,0,0,181,0,185,236,0,186,0,210,0,0,0,96,198,71,0,0,0,227,206,0,0,230,195,0,0,0,143,0,151,203,158,196,0,0,197,0,0,218,159,211,0,0,0,0,159,81,0,38,0,0,4,1
0,0,0,0,0,0,0,0,0,0,0,0,0,0,0,0,0,0,0,0,0,135,127,84,0,0,232,118,0,0,0,0,193,0,215,244,223,200,220,0,0,163,57,0,173,1,3,238,136,79,201,120,207,99,156,183,183,177,186,20,125,165,195,184,204,162,143,166,219,204,173,35,90,164,57,195,0,55,22,23,0,0,0,0,0,0,0,0,0,0,0,0,0,0,0,0,0,0,0,0,9
0,0,0,0,0,0,0,57,51,0,0,145,0,187,205,1,15,103,0,50,42,43,48,41,56,72,61,0,56,50,48,0,51,0,40,37,47,47,58,11,38,56,61,107,55,33,146,57,6,37,0,48,66,62,91,73,45,52,0,0,36,67,40,0,0,0,31,76,7,0,37,37,47,0,0,91,0,101,66,26,31,30,0,40,46,36,41,43,30,0,0,30,38,35,40,20,22,0,0,0,0
0,0,0,0,0,0,0,0,230,0,0,233,0,236,212,0,213,0,0,0,215,235,0,0,0,216,0,0,0,0,0,0,0,0,215,253,0,0,0,0,115,0,0,253,238,0,0,0,0,36,0,21,220,0,254,245,0,0,0,0,0,253,0,0,0,0,0,239,0,0,0,0,0,0,0,238,0,242,166,247,119,0,0,0,0,0,162,248,244,0,0,0,0,246,0,187,0,0,135,0,1
0,0,0,0,0,0,0,0,0,0,0,0,0,0,0,0,0,0,0,0,0,0,38,0,0,0,74,13,0,0,0,0,78,20,65,76,173,162,72,0,0,119,108,0,110,0,2,85,117,22,78,15,0,72,38,232,198,135,40,24,31,135,60,151,115,51,54,112,83,47,47,83,67,76,58,94,0,38,0,0,0,0,0,0,0,0,0,0,0,0,0,0,0,0,0,0,0,0,0,0,7
0,0,0,0,0,0,0,78,196,0,0,198,0,192,192,0,192,175,0,118,129,220,212,188,184,152,196,0,0,198,156,0,0,0,203,192,176,192,0,0,167,113,0,213,179,0,253,216,0,172,0,227,201,207,209,210,191,235,0,0,218,187,209,198,0,0,209,123,163,193,207,217,242,189,0,200,0,216,200,177,196,216,0,211,171,231,203,189,196,0,0,219,203,228,213,113,62,0,0,0,4
0,0,0,0,0,0,0,0,0,0,0,0,0,0,0,0,0,0,0,0,0,0,0,0,0,0,0,0,0,0,0,0,113,0,108,159,162,95,0,0,136,0,1,44,0,0,148,0,0,1,0,0,0,24,2,0,2,7,19,108,109,139,255,232,225,103,170,152,165,145,0,0,0,0,0,0,0,0,0,0,0,0,0,0,0,0,0,0,0,0,0,0,0,0,0,0,0,0,0,0,5
0,0,0,0,0,0,2,224,181,0,0,212,0,217,181,5,219,216,0,193,236,222,215,197,204,217,218,0,172,234,233,0,193,0,202,144,186,232,218,0,235,217,82,243,207,253,233,224,223,157,191,185,225,255,209,198,221,200,218,0,195,185,170,243,5,0,236,167,0,3,250,171,213,0,0,166,0,217,183,229,220,196,0,218,223,211,204,234,214,0,0,221,217,245,253,173,126,0,0,0,0
0,0,0,0,0,0,0,0,0,0,0,0,0,0,0,0,1,0,0,0,0,0,2,6,0,143,0,127,0,0,0,0,187,0,165,208,206,217,165,0,0,165,0,0,167,0,0,173,7,0,189,97,50,0,19,182,212,221,189,0,170,53,198,184,166,0,55,133,179,189,134,160,166,168,189,187,57,186,204,236,30,227,0,67,118,0,0,0,0,0,0,0,0,0,0,0,0,0,0,0,9
0,0,0,0,0,0,0,0,0,0,0,0,0,0,0,0,0,0,0,0,119,99,85,0,181,32,13,0,0,8,214,0,0,0,65,63,67,47,22,0,71,22,58,57,55,57,67,50,11,34,37,57,50,68,63,60,63,65,173,0,76,73,70,17,0,0,53,57,53,165,189,22,156,0,0,71,0,88,0,0,0,0,0,0,0,0,0,0,0,0,0,0,0,0,0,0,0,0,0,0,8
0,0,0,3,0,5,0,0,0,191,208,196,2,1,0,0,211,219,2,0,0,206,197,221,0,251,223,0,0,0,0,0,246,1,209,165,145,223,143,0,4,235,0,0,226,0,0,242,83,3,248,205,183,0,189,159,224,230,237,0,195,183,232,236,247,0,163,187,234,240,187,204,240,248,236,213,0,222,224,226,239,253,247,234,0,233,237,236,240,1,0,255,251,243,0,207,0,0,0,3,9
0,0,0,0,0,0,0,0,0,0,0,0,0,0,0,0,0,0,0,37,0,0,0,43,57,0,233,1,0,242,241,4,245,2,221,213,242,240,70,0,244,241,0,238,226,82,242,243,52,212,252,226,232,244,201,244,244,249,237,0,244,250,240,249,253,236,239,233,242,240,228,234,242,255,68,41,0,0,0,0,0,0,0,0,0,0,0,0,0,0,0,0,0,0,0,0,0,0,0,0,4
0,0,0,0,0,0,0,213,218,0,0,213,0,216,215,0,213,0,0,0,219,217,222,231,236,225,214,0,0,13,232,0,0,0,223,219,99,237,0,0,254,0,0,221,223,0,205,0,0,226,0,219,228,113,237,239,254,119,0,0,188,236,175,214,0,0,238,238,246,218,230,236,225,0,0,231,0,230,241,232,222,228,0,228,187,231,213,227,237,0,0,249,51,0,0,0,0,0,2,2,2
0,0,0,0,0,0,0,0,0,0,0,0,0,0,0,0,0,0,0,0,0,0,0,0,0,0,0,0,0,0,0,0,0,0,0,0,0,0,0,1,127,0,0,73,119,0,176,0,0,34,40,45,1,159,160,133,110,137,186,0,0,0,0,0,0,0,0,0,0,0,0,0,0,0,0,0,0,0,0,0,0,0,0,0,0,0,0,0,0,0,0,0,0,0,0,0,0,0,0,0,5
0,0,0,0,0,0,0,182,185,0,0,184,0,182,178,0,185,204,0,214,188,189,185,198,195,191,206,0,0,208,206,0,0,0,190,189,171,221,0,0,191,240,0,190,191,0,190,211,0,192,0,192,196,72,191,196,199,0,0,0,206,193,220,220,0,0,184,193,221,224,179,185,8,206,81,189,0,193,185,186,188,219,0,199,133,244,201,199,187,0,0,51,0,0,0,0,0,40,0,0,2
0,0,1,0,0,0,0,237,206,0,0,223,0,210,223,0,216,0,0,0,214,222,239,0,237,214,45,0,0,0,176,0,0,0,234,217,246,201,0,0,218,0,0,241,239,0,72,0,0,217,0,218,247,235,247,254,227,228,0,0,255,237,255,111,0,0,221,249,251,161,231,229,238,0,0,0,0,0,57,0,254,240,0,255,244,226,0,0,0,0,0,1,227,5,76,0,0,0,0,0,4
0,0,0,0,0,0,0,0,0,0,0,0,0,0,0,0,0,0,0,0,0,0,0,0,0,0,0,0,0,0,0,0,0,0,0,0,0,0,0,2,122,0,1,215,211,5,133,0,0,226,0,174,181,76,10,0,0,32,79,0,0,0,0,0,0,0,0,0,0,0,0,0,0,0,0,0,0,0,0,0,0,0,0,0,0,0,0,0,0,0,0,0,0,0,0,0,0,0,0,0,5
0,0,0,0,0,0,0,0,0,0,0,0,0,0,0,0,0,0,0,0,0,0,0,0,0,0,0,0,0,0,0,0,0,0,172,182,49,0,144,0,0,138,130,96,0,0,0,166,0,189,0,223,0,138,65,0,0,143,141,146,198,207,223,157,116,42,224,205,24,29,25,0,52,49,0,0,0,0,0,0,0,0,0,0,0,0,0,0,0,0,0,0,0,0,0,0,0,0,0,0,5
0,0,0,0,0,0,0,40,138,0,0,158,0,137,153,0,146,0,0,0,129,126,78,0,0,204,0,0,0,0,0,0,0,0,116,61,24,0,0,0,165,0,0,54,192,0,0,0,0,140,0,149,108,0,87,158,54,0,0,0,0,68,0,0,0,0,20,90,0,0,34,60,0,0,0,86,0,97,139,82,122,0,0,158,0,0,137,54,174,0,0,0,0,34,0,0,0,0,0,0,1
0,0,0,0,0,0,0,60,152,0,0,102,0,140,155,0,119,0,0,0,129,107,62,0,0,139,0,0,0,0,0,0,0,0,128,123,47,0,0,0,185,0,0,121,212,0,0,0,0,174,0,169,140,0,112,228,133,0,0,0,0,117,0,0,0,0,48,114,0,0,47,135,0,0,0,160,0,164,132,168,134,0,0,226,0,0,151,188,139,0,0,0,0,171,89,10,98,0,0,19,1
0,0,0,0,0,0,0,0,0,0,0,236,1,0,1,0,234,223,4,0,0,236,244,234,0,230,246,0,0,0,0,0,226,0,237,232,206,251,239,0,0,228,255,121,235,0,0,230,239,101,224,237,233,2,227,239,255,147,242,0,0,227,202,0,140,2,255,234,0,0,223,67,0,0,52,236,31,236,236,234,2,0,220,235,0,234,223,243,0,0,0,255,249,255,0,0,0,0,0,0,9
0,0,0,0,0,0,0,0,0,0,0,0,0,44,46,0,83,75,1,122,126,113,116,114,142,104,149,17,162,155,141,33,145,0,146,150,140,183,147,21,162,147,103,151,83,245,144,165,126,142,109,147,144,155,159,153,158,161,128,146,175,165,169,182,188,233,196,195,196,154,96,191,177,167,163,133,109,128,169,170,203,195,63,150,0,0,0,0,0,0,0,0,0,0,0,0,0,0,0,0,8
0,0,0,0,0,0,0,0,0,0,0,0,0,0,0,0,166,202,219,0,1,173,147,204,0,163,227,240,0,0,0,0,186,0,169,196,186,206,219,0,0,180,33,0,181,0,0,191,36,4,198,0,72,1,88,180,230,200,195,0,0,147,205,206,216,0,150,88,193,212,118,184,209,196,119,125,53,142,188,194,229,190,49,233,223,93,102,85,0,135,0,0,0,0,0,0,0,0,0,0,9
0,0,0,0,0,0,0,206,108,0,0,21,0,69,58,0,72,234,0,221,62,77,27,226,65,70,236,0,0,224,179,0,88,0,73,76,57,120,0,0,74,0,0,69,72,0,1,0,0,71,0,74,70,29,67,68,67,4,0,0,68,67,73,2,0,0,68,67,0,1,66,64,19,0,0,68,0,68,67,68,67,72,0,67,26,58,67,67,68,0,0,0,68,68,62,63,81,0,69,26,0
0,0,0,0,0,0,0,66,207,0,0,212,0,210,214,0,214,0,0,0,218,213,159,0,0,216,0,0,0,0,0,0,0,0,204,213,105,0,0,0,242,0,0,210,227,0,0,0,0,251,0,253,235,0,217,55,255,0,0,0,0,224,10,0,0,0,54,221,0,0,30,255,0,0,0,236,0,240,218,242,226,0,0,214,0,0,225,242,225,0,0,0,0,235,198,183,209,0,57,81,1
0,0,0,0,0,0,0,0,139,0,0,0,0,0,7,0,1,2,0,0,5,0,178,0,140,0,0,2,0,0,0,0,177,0,192,194,211,188,190,0,196,184,203,197,186,0,173,174,218,209,161,204,197,154,201,196,196,193,144,0,253,195,192,165,238,117,206,199,178,171,209,196,193,178,138,201,0,203,205,208,205,205,181,206,209,216,214,212,211,173,0,221,224,225,217,244,243,165,197,197,8
0,0,0,0,0,0,0,0,0,0,0,0,0,0,0,0,0,0,0,0,0,0,0,0,0,0,0,0,0,140,138,0,121,0,230,231,231,224,177,193,171,195,255,148,144,0,164,191,0,146,0,172,211,153,200,119,146,158,0,0,161,211,167,76,0,0,153,142,153,0,198,192,210,0,0,135,0,0,0,0,0,0,0,0,0,0,0,0,0,0,0,0,0,0,0,0,0,0,0,0,8
0,0,0,0,0,0,0,51,141,0,0,136,0,154,131,0,162,0,0,0,141,154,60,0,0,152,0,0,0,0,0,0,0,0,152,138,19,0,0,0,168,0,0,139,245,0,0,0,0,154,0,142,141,0,146,219,66,0,0,0,0,146,0,0,0,0,0,147,0,0,0,34,0,0,0,154,0,154,152,157,141,0,0,68,0,0,162,160,173,0,0,0,0,159,9,162,27,0,34,0,1
0,0,0,0,0,0,0,0,2,0,0,214,0,195,198,0,194,0,0,0,190,190,212,0,101,185,0,0,0,0,0,0,0,0,206,204,0,0,0,0,215,0,0,202,185,0,0,0,0,214,0,209,206,0,207,202,200,29,0,0,70,203,234,0,0,0,222,203,0,0,235,203,126,0,0,210,0,213,207,212,215,225,0,206,175,188,215,215,214,0,0,0,185,209,202,220,221,0,182,191,3
0,0,0,0,0,0,0,0,0,0,0,27,0,0,210,0,216,0,0,0,240,0,0,0,6,0,2,3,0,0,0,0,3,10,10,0,0,1,54,0,232,0,249,243,0,0,0,252,242,232,230,231,231,0,0,237,230,66,147,0,199,255,104,0,251,0,255,90,2,0,0,0,6,8,29,0,0,0,206,9,0,0,222,220,0,255,246,253,5,222,0,63,111,87,0,0,0,0,0,0,5
0,0,0,0,0,0,0,0,0,0,0,0,0,0,0,0,85,79,0,119,131,129,134,124,116,138,143,174,149,160,158,49,151,34,172,170,174,175,190,19,179,147,178,179,181,203,112,212,205,175,187,193,207,193,121,164,179,189,178,0,184,202,179,164,149,180,233,242,246,244,180,181,185,198,161,180,0,185,217,220,222,221,160,178,183,0,0,0,0,0,0,0,0,0,0,0,0,0,0,0,8
0,0,0,0,0,0,0,0,0,0,0,0,0,0,0,0,0,0,0,0,0,0,2,1,0,0,0,99,0,0,0,0,137,0,131,73,200,208,155,0,0,140,0,1,100,0,0,143,13,0,155,8,106,0,93,128,124,117,140,0,88,64,149,152,157,7,88,96,147,142,100,191,178,180,183,137,0,186,0,0,0,0,0,0,0,0,0,0,0,0,0,0,0,0,0,0,0,0,0,0,9
0,0,0,0,0,0,0,0,0,0,0,0,0,0,0,0,0,0,0,0,0,43,0,1,0,0,3,0,0,0,0,0,167,0,167,207,216,236,204,0,0,211,148,243,234,1,0,154,247,150,157,202,207,2,211,223,212,213,210,0,235,226,237,246,192,0,79,90,42,2,34,19,114,8,12,127,0,15,0,0,0,0,0,0,0,0,0,0,0,0,0,0,0,0,0,0,0,0,0,0,7
0,0,0,0,0,0,0,237,234,0,0,228,0,234,231,0,233,0,0,0,230,228,168,0,48,233,0,0,0,0,0,0,0,0,227,241,167,0,0,0,227,0,0,227,255,0,0,0,0,221,0,219,248,0,239,255,255,0,0,0,0,224,130,0,0,0,255,221,0,0,252,255,0,0,0,255,0,255,226,255,225,86,0,236,0,0,231,252,229,0,0,0,0,251,243,94,250,0,0,228,1
0,0,0,0,0,0,0,0,4,252,251,224,0,0,0,0,227,229,0,0,0,225,236,224,0,221,226,0,0,0,0,0,255,0,210,216,239,232,120,0,2,213,0,0,222,0,0,227,185,0,226,0,245,0,65,224,227,221,223,0,0,153,227,238,234,0,0,222,212,201,0,230,186,243,5,227,4,214,211,215,209,49,189,219,5,155,227,222,231,225,63,230,204,231,0,255,2,0,121,0,9
0,0,0,0,0,0,0,0,0,0,0,0,0,0,0,0,0,0,0,0,0,0,0,0,0,235,85,0,0,0,0,0,218,0,199,197,221,244,214,0,0,189,84,121,241,0,0,191,225,182,228,214,166,0,204,220,237,255,213,0,211,225,208,173,198,22,136,165,201,213,231,95,255,254,213,233,0,215,27,7,0,43,0,0,0,0,0,0,0,0,0,0,0,0,0,0,0,0,0,0,9
0,0,0,0,0,0,0,0,0,0,0,0,0,0,0,0,0,0,0,0,0,0,134,0,0,0,255,0,0,0,0,0,184,0,218,110,115,128,159,0,0,131,110,0,69,0,0,105,105,54,108,95,85,37,80,69,105,103,97,0,64,54,129,115,134,52,74,88,78,80,57,4,8,9,0,0,24,82,111,113,116,113,0,0,0,0,0,0,0,0,0,0,0,0,0,0,0,0,0,0,7
0,0,0,0,0,0,0,118,155,0,0,166,0,171,170,0,141,0,0,0,53,151,149,0,75,140,0,0,0,0,3,0,0,0,125,136,171,0,0,0,81,0,0,127,122,0,0,0,0,91,0,108,85,4,143,107,125,29,0,0,116,158,177,0,0,0,83,132,0,0,132,168,151,0,0,107,0,80,184,108,173,177,0,129,217,132,174,73,129,0,0,89,124,195,168,103,185,0,199,133,0
0,0,0,0,0,0,0,247,248,0,2,222,0,222,222,0,222,244,0,193,221,220,223,222,232,222,242,1,1,255,238,0,94,0,230,229,234,242,0,0,232,244,0,231,230,0,246,233,0,236,102,233,233,232,232,231,230,224,179,0,150,232,223,246,0,0,233,232,249,245,231,233,220,229,255,228,0,244,50,53,41,55,100,0,0,0,3,3,1,171,0,243,0,0,0,0,0,0,0,0,2
0,0,0,0,1,0,0,1,81,0,0,66,0,81,56,0,2,20,0,63,23,21,19,25,29,15,32,0,0,46,3,0,39,0,9,10,41,34,0,0,23,15,0,15,12,0,14,16,0,39,15,29,9,18,9,11,11,0,34,0,15,9,51,21,0,0,61,9,6,32,55,14,19,14,38,11,0,14,9,16,9,34,0,23,48,79,10,12,12,0,0,14,66,12,12,37,9,30,36,10,6
0,0,0,0,0,0,0,122,109,0,0,129,0,124,122,0,134,0,0,0,120,125,166,0,162,122,0,0,0,0,0,0,0,0,127,127,156,0,0,0,124,0,0,120,159,0,0,0,0,119,0,120,147,50,129,154,127,33,0,0,156,132,161,0,0,0,125,140,0,0,125,120,63,0,0,55,0,36,167,13,135,156,0,142,95,159,164,3,147,0,0,0,156,0,139,0,156,0,0,117,1
0,0,0,0,0,0,0,0,1,0,0,210,0,0,0,0,0,0,0,0,35,0,32,2,0,1,3,0,0,0,0,0,0,0,0,0,225,0,0,0,0,0,0,202,46,0,0,0,0,109,0,103,44,61,35,37,42,47,0,0,98,61,48,33,0,0,101,92,120,163,2,77,66,121,0,59,0,62,61,68,70,68,0,121,69,0,73,77,72,0,0,121,0,125,82,186,113,0,205,6,8
0,0,0,0,0,0,0,1,102,0,0,62,0,0,0,0,0,3,0,0,0,0,0,46,121,0,150,0,0,0,69,0,0,0,1,1,4,0,0,0,0,187,0,0,0,0,172,147,142,136,0,132,141,138,138,139,136,152,3,0,150,149,153,159,182,0,147,155,147,161,144,144,164,172,36,170,0,158,167,167,175,161,0,162,168,167,164,165,175,29,0,165,161,161,167,208,224,12,161,161,8
0,0,0,0,0,0,0,0,0,0,0,0,0,0,0,0,170,0,0,0,3,192,230,199,0,223,233,6,0,0,0,0,215,0,224,212,159,198,179,0,0,206,0,0,198,0,1,219,1,0,238,1,164,0,162,199,192,192,208,2,14,194,219,196,229,40,126,179,202,207,93,203,219,216,161,202,65,226,171,162,125,115,71,110,181,65,67,61,0,35,0,0,0,0,0,0,0,0,0,0,9
0,0,0,0,0,0,0,192,151,0,0,130,0,130,144,0,110,0,0,0,117,86,0,0,0,220,0,0,0,0,0,0,0,0,65,89,0,0,0,0,182,0,0,89,182,0,0,0,0,192,0,189,93,0,99,189,0,0,0,0,0,113,0,0,0,0,158,137,0,0,137,0,0,0,0,27,0,17,144,17,62,0,0,196,0,0,165,10,155,0,0,0,0,0,0,0,0,0,0,0,1
0,0,0,0,0,0,0,207,194,0,0,165,0,166,172,0,159,0,0,0,163,152,143,0,106,157,0,0,0,0,0,0,0,0,135,137,34,0,0,0,143,0,0,135,185,0,0,0,0,144,0,150,155,0,137,177,163,0,0,0,0,135,0,0,0,0,146,133,0,0,137,154,0,0,0,170,0,168,137,168,148,0,0,165,0,0,146,174,141,0,0,0,0,177,159,44,183,0,23,132,1
0,0,0,0,0,0,0,139,135,0,0,146,0,169,112,0,141,0,0,0,120,113,126,2,147,102,16,0,0,0,0,0,0,0,108,96,178,49,0,0,133,0,0,114,104,0,0,0,0,141,0,146,135,157,116,107,83,153,0,0,69,114,155,0,0,0,171,117,75,0,172,106,151,0,0,151,0,155,117,165,120,13,0,132,0,28,124,181,122,0,0,3,43,168,128,138,135,0,71,19,4
0,0,0,0,1,0,0,180,146,0,0,156,0,159,156,0,156,1,0,1,153,155,160,13,191,155,199,0,0,136,175,0,0,0,160,162,154,176,0,0,154,200,0,161,162,0,179,181,0,164,0,158,161,217,170,165,161,142,0,0,148,168,178,199,0,0,162,164,206,214,171,163,151,180,87,172,0,170,169,167,168,177,0,166,149,179,169,173,200,0,0,196,0,28,0,0,0,0,3,3,2
0,1,0,0,1,0,0,144,185,0,0,101,0,114,141,0,110,159,0,152,126,106,101,136,111,122,143,0,0,130,149,0,46,0,89,101,92,94,0,0,123,0,0,124,115,0,2,0,0,136,0,132,118,0,130,123,107,46,0,0,180,141,122,3,0,0,147,134,0,5,151,114,69,1,0,144,0,141,135,139,123,124,0,141,97,94,147,159,130,0,0,2,0,170,157,190,3,0,0,0,6
0,0,0,0,0,0,0,219,214,0,0,174,0,63,126,0,75,17,0,154,82,64,31,234,50,69,240,0,0,196,227,0,0,0,65,61,54,227,0,0,74,0,0,76,76,0,218,18,0,75,0,81,74,191,85,74,83,198,0,0,36,77,47,215,0,0,86,82,226,219,89,83,185,129,0,80,0,83,51,54,54,17,0,140,222,226,232,233,233,0,0,215,227,220,238,242,174,0,15,0,2
0,0,47,0,0,0,0,0,199,177,186,128,0,162,146,0,185,131,0,0,175,164,182,138,169,160,145,19,0,2,65,0,0,0,25,178,162,148,1,0,23,88,0,15,21,16,75,100,0,4,0,199,138,43,48,0,194,140,0,0,195,0,153,153,0,0,0,63,137,149,8,160,166,184,0,0,0,6,174,148,177,215,1,97,0,18,0,2,0,0,0,23,21,19,0,14,0,0,7,1,0
0,0,0,0,0,0,0,0,0,0,0,0,0,0,0,0,0,0,0,0,0,0,106,0,0,0,0,0,0,0,0,0,69,0,244,219,183,212,189,0,0,187,16,0,200,0,0,190,202,62,189,213,102,138,140,165,166,192,238,0,80,218,202,229,213,31,189,225,208,205,223,181,166,154,155,170,69,178,130,126,110,119,0,0,0,0,0,0,0,0,0,0,0,0,0,0,0,0,0,0,7
0,0,0,0,0,0,0,0,203,0,0,245,0,226,212,0,213,0,0,48,217,209,202,158,213,219,192,0,0,191,227,0,0,0,208,200,226,222,0,0,202,0,0,205,208,0,255,0,0,208,0,200,206,235,207,205,211,250,0,0,121,212,114,216,0,0,224,212,230,227,208,209,202,116,0,202,0,202,205,204,202,193,0,205,227,212,202,201,208,0,0,226,183,200,232,0,0,0,0,0,4
0,0,0,0,0,0,0,0,0,0,0,0,0,0,0,0,0,0,0,0,0,0,0,0,109,85,142,166,152,125,128,119,129,58,146,138,142,142,169,0,152,149,229,175,167,157,180,166,187,177,183,187,186,181,189,187,187,184,175,0,181,181,184,174,213,132,180,181,178,175,177,177,178,171,180,193,0,171,0,0,0,0,0,0,0,0,0,0,0,0,0,0,0,0,0,0,0,0,0,0,8
0,0,0,0,0,0,0,0,0,0,0,0,0,0,0,0,0,0,0,0,0,0,0,0,0,0,0,0,0,0,0,0,125,0,0,38,48,190,132,0,0,35,83,0,0,0,0,0,87,9,142,129,64,125,41,0,0,0,29,35,119,161,193,255,67,87,116,125,100,151,213,125,129,74,58,129,0,0,0,0,0,0,0,0,0,0,0,0,0,0,0,0,0,0,0,0,0,0,0,0,5
0,0,0,0,0,0,0,0,0,0,0,0,0,0,0,0,135,0,0,0,0,189,174,42,0,187,248,77,0,0,0,0,202,0,169,170,166,216,220,0,9,205,111,0,172,0,0,208,218,94,195,159,172,69,172,198,207,197,215,0,147,178,191,214,239,149,174,184,211,199,186,226,220,226,205,201,0,230,59,31,9,0,0,0,0,0,0,0,0,0,0,0,0,0,0,0,0,0,0,0,9
0,0,0,0,0,0,0,131,0,0,0,115,0,60,0,0,74,0,0,0,105,119,151,0,150,134,0,0,0,0,0,0,0,0,143,133,154,0,0,0,127,0,0,119,136,0,0,0,0,132,0,135,128,96,118,128,124,84,0,0,151,139,143,0,0,0,139,127,0,0,134,128,147,0,0,128,0,130,144,134,131,134,0,141,175,142,136,141,161,0,0,124,142,131,125,162,165,0,98,59,0
0,0,0,0,0,0,0,93,168,0,0,139,0,134,159,0,136,0,0,0,138,143,127,53,122,141,85,0,0,0,200,0,0,0,146,148,131,113,0,0,127,0,0,150,138,0,49,0,0,141,0,148,148,111,129,150,146,180,0,0,161,138,134,108,0,0,136,145,173,115,139,143,129,0,0,139,0,132,173,152,150,155,0,141,150,125,159,170,155,0,0,184,177,166,173,162,104,0,118,0,6
0,0,0,0,0,0,0,170,222,0,0,180,0,208,174,0,173,214,0,191,174,160,172,183,176,198,186,0,0,181,210,0,205,0,206,204,176,230,16,0,167,197,0,215,193,0,0,0,0,151,5,190,202,0,189,213,204,190,0,0,186,184,202,0,0,0,168,186,0,0,181,182,167,0,0,187,0,226,200,177,208,191,0,173,177,196,221,197,198,0,0,0,201,189,188,236,202,0,120,138,6
0,0,0,0,0,0,0,0,0,0,0,0,0,0,0,0,0,0,0,0,0,0,13,1,0,3,242,46,0,0,0,0,192,0,192,195,208,235,0,0,0,183,0,0,213,0,0,199,0,28,210,165,9,105,119,254,233,233,204,0,12,236,222,245,196,169,150,178,188,191,213,200,229,206,201,212,20,223,145,135,0,0,0,0,0,0,0,0,0,0,0,0,0,0,0,0,0,0,0,0,9
0,0,0,0,0,0,0,147,200,0,0,200,0,203,205,0,197,0,0,0,200,223,0,0,3,215,0,0,0,0,0,0,0,0,218,213,0,0,0,0,120,0,0,228,217,0,0,0,0,143,0,236,241,0,224,214,222,0,0,0,0,220,0,0,0,0,0,221,0,0,0,213,0,0,0,215,0,214,227,215,228,0,0,218,0,0,229,219,216,0,0,0,0,216,212,246,187,0,166,0,3
0,0,0,0,0,0,0,90,210,0,0,229,0,209,211,0,210,0,0,0,211,222,0,0,0,216,0,0,0,0,0,0,0,0,225,222,0,0,0,0,157,0,0,220,218,0,0,0,0,220,0,224,209,0,210,215,227,0,0,0,0,211,104,0,0,0,141,209,0,0,145,238,0,0,0,211,0,211,213,215,215,179,0,232,0,0,217,218,221,0,0,0,0,219,221,225,230,0,162,162,3
0,0,0,0,0,0,0,0,0,0,0,0,0,0,0,0,0,236,0,0,0,246,241,245,0,237,219,7,0,0,0,0,208,0,228,227,232,230,222,0,0,194,238,5,225,0,0,209,232,0,202,96,207,0,224,208,239,198,214,0,35,197,194,121,0,0,214,203,0,0,196,248,0,0,204,235,93,233,228,217,0,0,0,228,0,71,163,146,0,0,0,0,0,0,0,0,0,0,0,0,9
0,0,0,0,0,0,0,0,0,0,0,0,0,0,0,0,0,0,0,0,0,0,0,0,0,0,0,0,0,0,0,0,0,0,20,19,24,38,0,0,34,0,0,0,0,0,25,48,0,0,0,0,0,2,1,0,0,33,1,2,0,0,0,90,0,1,7,32,177,184,101,0,118,109,0,0,0,0,0,0,0,0,0,0,0,0,0,0,0,0,0,0,0,0,0,0,0,0,0,0,5
0,0,0,0,0,0,0,0,0,0,0,164,0,0,12,0,221,244,173,0,99,221,230,218,0,224,233,143,0,0,0,0,239,0,223,221,225,181,232,0,0,221,0,0,230,0,0,193,6,0,240,0,125,0,133,228,225,228,194,0,0,248,207,227,192,0,237,216,219,223,225,229,221,223,228,220,31,221,223,223,206,158,186,216,131,212,219,217,47,206,0,10,58,98,0,0,0,0,0,0,9
0,0,0,0,0,0,0,0,0,0,0,0,0,0,0,0,0,0,0,0,0,0,0,0,0,0,0,0,0,0,0,0,134,0,111,111,107,115,182,0,0,255,162,195,210,3,0,101,147,162,199,138,72,136,128,170,176,130,164,207,113,153,126,105,19,222,107,97,168,170,161,90,95,65,0,69,0,0,0,0,0,0,0,0,0,0,0,0,0,0,0,0,0,0,0,0,0,0,0,0,7
0,0,0,0,0,0,0,0,0,0,0,0,0,0,0,0,0,0,0,0,0,0,0,0,0,0,0,0,0,0,0,0,0,0,186,218,0,0,128,0,96,126,175,167,209,0,0,186,205,194,192,166,170,206,215,229,215,218,207,24,64,111,137,113,58,0,12,3,9,6,52,47,47,43,0,0,0,0,0,0,0,0,0,0,0,0,0,0,0,0,0,0,0,0,0,0,0,0,0,0,7
0,0,0,0,3,0,0,78,74,85,0,71,0,78,68,0,7,74,0,176,176,77,46,69,122,187,63,0,7,35,174,0,63,0,134,47,219,66,81,0,72,54,0,193,182,0,17,55,0,63,81,57,49,157,54,51,44,51,80,0,81,63,51,71,23,0,81,68,66,72,85,52,54,71,77,78,0,71,78,81,64,57,85,80,61,72,92,86,75,64,0,132,125,98,77,81,86,0,68,71,2
0,0,0,0,0,0,0,245,233,0,0,226,0,233,228,0,237,0,0,0,139,233,247,156,242,227,255,0,0,211,246,0,0,0,228,229,237,241,0,0,229,0,0,227,227,0,255,2,0,227,0,221,224,129,226,227,255,236,0,0,86,231,0,255,0,0,255,229,248,255,255,255,148,39,0,226,0,227,228,225,230,0,0,234,166,117,253,255,255,0,0,245,0,0,0,0,0,0,1,1,4
0,0,0,0,0,0,0,98,83,0,0,89,0,85,85,0,85,0,0,0,86,111,150,0,203,103,85,0,0,0,140,0,0,0,111,110,188,57,0,0,115,0,0,110,94,0,0,0,0,115,0,118,130,171,112,110,82,179,0,0,172,118,154,0,0,0,108,121,83,0,108,94,175,0,0,133,0,137,114,143,195,122,0,137,44,133,107,140,108,0,0,0,122,143,129,150,139,0,121,82,3
0,0,0,0,0,0,0,39,161,0,0,132,0,80,158,0,124,59,0,123,84,106,114,136,95,96,135,0,0,140,139,0,0,0,126,125,157,95,0,0,103,1,0,90,88,0,137,40,0,106,0,116,131,126,91,100,157,150,0,0,112,92,102,135,0,0,115,97,146,128,112,157,59,105,0,127,0,125,91,114,143,169,0,114,0,148,96,142,138,0,0,151,150,133,158,137,187,0,100,0,6
0,0,0,0,0,0,0,134,178,0,0,126,0,117,141,0,113,0,0,4,112,115,117,160,130,110,153,0,0,124,199,0,0,0,135,135,119,151,0,0,119,0,0,156,119,0,188,40,0,131,0,145,81,109,115,109,98,113,0,0,106,102,101,116,0,0,128,95,141,108,142,101,110,148,18,99,0,99,97,99,98,92,0,99,123,156,113,103,113,0,0,160,182,98,97,181,141,36,44,6,6
0,0,0,0,0,0,0,0,0,0,0,0,0,0,0,0,0,0,0,58,27,32,35,34,196,188,187,186,148,185,190,0,190,178,202,195,198,186,166,0,196,172,212,190,13,99,205,228,208,207,192,202,209,196,195,196,202,208,197,111,202,199,201,201,217,202,206,196,204,205,236,198,199,202,215,245,4,2,0,0,0,0,0,0,0,0,0,0,0,0,0,0,0,0,0,0,0,0,0,0,8
0,0,0,0,0,0,0,0,0,0,0,0,0,0,0,0,0,0,0,0,0,4,2,0,0,0,0,14,0,0,0,0,255,2,145,137,107,95,0,0,0,6,0,0,0,0,0,46,196,0,167,0,0,6,0,0,170,103,167,0,234,0,0,6,194,0,109,4,0,6,214,4,4,159,0,0,85,167,125,101,0,0,0,0,0,0,0,0,0,0,0,0,0,0,0,0,0,0,0,0,5
0,0,1,0,0,0,0,82,174,0,0,134,0,144,168,0,140,149,0,118,135,138,132,127,128,133,118,0,0,157,152,0,42,0,133,133,122,87,0,0,162,1,0,132,133,0,0,0,0,172,0,171,139,0,140,136,112,69,0,0,0,144,126,0,0,0,182,148,0,0,190,133,122,1,0,146,0,152,152,152,146,132,0,146,148,174,151,152,149,0,0,0,179,154,146,170,162,0,138,112,0
0,0,0,0,0,0,0,225,148,0,1,204,0,201,215,0,207,39,0,5,206,213,211,201,189,198,175,0,0,12,133,0,89,0,200,200,199,153,114,0,196,95,0,201,200,0,0,0,0,199,1,199,202,214,201,201,203,229,0,0,202,202,209,0,0,0,200,204,9,0,201,205,228,3,0,209,0,209,209,210,206,206,0,210,221,207,209,210,207,0,0,0,209,209,206,227,211,0,94,72,0
0,0,0,0,0,0,0,44,178,0,0,205,0,149,165,0,173,0,0,0,163,134,69,0,0,214,0,0,0,0,0,0,0,0,149,103,50,0,0,0,168,0,0,110,236,0,0,0,0,156,0,143,91,0,126,237,100,0,0,0,0,136,0,0,0,0,0,160,0,0,0,33,0,0,0,208,0,241,245,244,193,0,0,118,0,0,246,247,221,0,0,0,0,246,53,178,58,0,57,15,1
0,0,0,0,0,0,0,159,113,0,0,120,0,105,80,0,128,0,0,0,127,180,24,84,21,73,77,0,0,0,65,0,0,0,17,47,28,101,0,0,40,0,0,44,15,0,31,11,0,32,0,35,56,39,38,49,56,38,0,0,105,40,21,134,0,0,34,40,26,136,178,32,61,85,0,36,0,22,55,27,124,181,0,128,85,67,64,43,95,0,0,64,61,60,0,94,93,0,36,57,4
0,0,0,0,0,0,0,0,0,0,0,0,0,0,0,0,0,0,0,0,0,89,88,0,0,0,19,0,0,0,0,0,148,23,176,38,76,84,185,0,0,54,56,3,62,0,0,91,95,33,111,48,52,38,65,62,88,55,74,86,50,67,81,98,107,41,71,83,56,61,40,0,0,0,112,21,0,176,0,0,0,0,0,0,0,0,0,0,0,0,0,0,0,0,0,0,0,0,0,0,7
0,0,0,0,0,0,0,216,203,0,0,205,0,207,214,0,211,0,0,0,169,176,252,0,249,185,0,0,0,0,0,0,0,0,229,223,81,0,0,0,224,0,0,225,224,0,0,0,0,225,0,225,225,0,225,225,242,0,0,0,66,226,162,0,0,0,243,227,0,0,243,229,0,0,0,227,0,227,227,227,229,255,0,226,150,235,228,227,229,0,0,0,244,226,226,255,240,0,80,52,6
0,0,0,0,0,0,0,240,0,0,0,177,0,176,190,0,235,0,0,0,234,223,229,0,255,211,0,0,0,1,0,0,0,0,224,227,254,0,0,0,223,0,0,222,230,0,0,0,0,227,0,230,233,0,219,232,227,61,0,0,239,220,249,3,0,0,237,220,0,2,234,223,141,0,0,239,0,240,220,241,241,235,0,243,255,247,226,244,226,0,0,0,243,238,234,254,248,0,153,214,3
0,0,0,0,0,0,0,0,0,0,0,0,0,0,0,0,0,0,0,0,0,0,0,0,0,0,1,0,0,0,0,0,188,0,184,205,0,0,159,0,39,188,0,203,211,1,0,197,31,186,205,206,202,188,190,192,186,198,0,92,195,204,207,1,200,68,234,226,255,255,0,7,38,0,0,111,0,0,0,0,0,0,0,0,0,0,0,0,0,0,0,0,0,0,0,0,0,0,0,0,7
0,0,0,0,0,0,0,17,175,0,0,191,0,132,188,0,147,117,0,149,149,148,145,168,139,149,173,0,0,175,163,0,0,0,151,157,185,142,0,0,146,102,0,159,153,0,197,143,0,157,0,141,155,139,157,153,163,83,0,0,100,158,118,155,0,0,157,158,235,141,153,162,46,147,0,158,0,152,151,146,153,157,0,148,3,177,150,176,158,0,0,166,196,170,193,189,127,0,80,0,6
0,0,0,0,0,0,0,236,249,0,0,229,0,227,230,0,227,0,0,0,227,230,238,0,234,228,0,0,0,0,0,0,0,0,225,241,234,89,0,0,253,0,0,222,229,0,0,0,0,255,0,253,228,255,225,228,215,255,0,0,0,226,0,0,0,0,255,227,0,0,255,255,0,0,0,228,0,228,225,230,239,0,0,239,0,0,226,231,225,0,0,0,0,224,117,255,88,0,107,0,3
0,0,0,0,0,0,0,0,0,0,0,0,0,0,0,0,0,0,0,0,0,0,0,0,0,0,0,0,0,0,0,0,5,0,15,5,0,85,122,0,37,42,132,69,37,21,47,127,191,85,148,47,47,47,47,63,69,63,63,69,90,90,95,85,122,0,53,53,53,53,0,0,0,0,0,0,0,0,0,0,0,0,0,0,0,0,0,0,0,0,0,0,0,0,0,0,0,0,0,0,7
0,0,0,0,0,0,0,0,0,0,0,0,0,0,0,0,0,0,0,0,0,0,0,0,149,131,142,174,177,174,175,0,79,65,112,112,105,109,94,0,112,128,151,117,119,158,128,140,154,130,149,119,193,209,156,168,198,195,193,0,191,182,188,191,209,181,175,172,161,160,219,189,184,179,77,0,0,0,0,0,0,0,0,0,0,0,0,0,0,0,0,0,0,0,0,0,0,0,0,0,8
0,0,0,0,0,0,0,226,220,0,2,227,0,230,229,0,229,242,0,8,228,228,229,237,255,229,238,0,0,81,249,0,0,0,237,232,230,253,0,0,255,255,0,227,233,0,255,255,0,253,0,242,234,255,236,233,226,117,0,0,21,235,255,255,0,0,255,234,117,103,244,231,246,0,0,233,0,231,17,5,16,73,0,0,0,22,12,13,13,0,0,0,12,1,0,28,16,0,36,26,6
0,0,0,0,0,0,0,210,215,0,0,212,0,213,213,0,213,2,0,0,212,213,219,0,174,216,0,0,0,0,0,0,0,0,221,224,195,0,0,0,222,0,0,228,228,0,0,0,0,220,0,222,225,0,226,225,220,188,0,0,229,232,228,0,0,0,222,224,55,0,221,223,235,0,0,222,0,224,223,223,221,220,0,219,217,206,223,219,220,0,0,0,0,243,216,226,231,0,0,48,0
0,0,0,0,0,0,0,42,34,6,0,40,0,27,64,0,45,49,0,0,39,34,27,45,34,62,45,0,0,0,8,0,0,0,168,56,22,27,0,0,86,0,0,17,85,0,0,0,0,37,0,34,32,52,27,17,37,27,0,0,45,22,22,0,0,0,42,6,45,3,98,20,25,0,0,69,0,74,15,51,102,27,0,42,44,49,20,23,59,0,0,66,15,34,27,100,32,0,61,25,0
0,0,3,0,0,0,0,81,15,7,0,40,0,55,49,0,46,51,0,38,63,51,86,126,146,85,109,0,0,68,156,0,0,0,126,119,176,120,0,0,115,0,0,115,106,0,88,40,0,111,0,108,106,211,111,115,134,244,0,0,216,111,92,142,0,0,68,103,171,132,68,111,228,68,0,112,0,125,132,129,139,117,0,132,68,63,0,0,0,0,0,156,91,4,9,7,6,0,7,7,2
0,0,0,0,0,0,0,0,0,0,0,0,0,0,0,0,0,0,0,0,0,0,0,0,0,0,0,0,0,0,0,0,14,1,0,0,0,0,176,0,17,210,0,33,10,2,17,0,2,161,0,0,179,88,207,52,55,221,229,32,120,213,91,216,223,0,34,21,23,29,0,0,0,0,0,0,0,0,0,0,0,0,0,0,0,0,0,0,0,0,0,0,0,0,0,0,0,0,0,0,5
0,0,0,0,0,0,0,221,245,0,0,226,0,211,247,0,189,0,0,0,235,229,225,74,240,231,152,0,0,0,0,0,0,0,235,239,238,0,0,0,234,0,0,236,234,0,0,0,0,236,0,235,237,196,235,235,234,255,0,0,241,235,232,0,0,0,229,236,183,0,232,235,250,0,0,237,0,237,238,240,239,234,0,237,233,230,235,240,237,0,0,209,236,233,233,255,255,0,136,75,6
0,0,0,0,0,0,0,232,220,0,0,252,0,243,247,0,197,23,0,205,155,187,202,196,169,189,184,0,152,174,174,0,165,0,152,217,178,100,49,0,197,0,0,199,168,0,2,0,0,187,0,199,163,99,197,166,172,98,0,0,188,172,198,0,0,0,157,205,0,0,219,159,208,2,0,167,0,189,171,187,177,184,0,209,203,181,192,198,216,0,0,130,178,199,200,184,210,0,174,133,0
0,0,0,0,0,0,0,186,65,0,0,195,0,168,132,0,170,0,0,0,49,86,165,159,188,55,152,0,0,45,121,0,0,0,0,143,92,62,0,0,136,98,0,81,133,0,156,153,0,168,0,141,28,133,126,132,188,58,0,0,72,102,116,138,0,0,143,168,131,105,138,207,11,152,0,98,0,176,209,95,139,188,0,186,79,133,209,111,56,0,0,0,103,28,168,198,170,0,113,0,4
0,0,0,0,1,0,0,217,207,38,0,208,0,205,208,0,206,211,0,231,179,167,212,211,208,204,210,0,0,221,225,0,227,0,221,225,215,210,90,0,208,229,0,218,207,0,0,0,0,211,2,213,212,0,210,211,211,221,0,0,138,207,211,0,0,0,223,211,58,0,223,213,226,4,0,209,0,210,211,214,214,209,0,209,224,171,215,217,217,0,0,0,161,214,209,225,225,0,188,189,0
0,0,0,0,0,0,0,223,215,0,0,231,0,169,193,0,179,238,0,165,225,215,210,223,228,212,229,0,0,219,228,0,0,0,207,234,216,233,0,0,180,253,0,242,191,0,228,233,0,240,0,225,210,227,227,223,219,49,0,0,0,226,254,243,0,0,254,221,197,246,254,213,68,235,0,220,0,219,221,222,222,245,0,215,201,178,235,235,236,0,0,238,42,143,164,0,0,0,0,0,2
0,0,0,0,0,0,0,107,184,0,0,201,0,204,213,0,208,0,0,0,185,199,196,0,0,255,0,0,0,0,0,0,0,0,214,199,0,0,0,0,220,0,0,216,239,0,0,0,0,81,0,66,206,0,221,233,30,0,0,0,0,222,0,0,0,0,0,217,0,0,0,43,0,0,0,215,0,214,210,217,173,0,0,0,0,0,173,229,217,0,0,0,0,236,0,193,0,0,81,0,1
0,0,1,0,1,0,0,122,173,0,1,109,0,127,127,0,133,93,0,141,137,137,137,149,164,133,135,0,0,149,158,0,0,0,138,146,26,152,0,0,123,91,0,123,135,0,132,120,0,99,0,99,141,46,119,141,137,179,0,0,137,119,81,153,0,0,108,116,203,147,107,111,87,175,78,153,0,157,144,153,145,168,0,147,97,182,144,147,153,0,0,150,0,0,4,0,0,48,1,2,6
0,0,0,0,1,0,0,186,145,0,0,199,0,151,168,0,175,221,0,191,198,187,202,211,174,193,218,0,0,202,199,0,86,0,212,205,199,227,0,0,166,226,0,206,191,0,202,210,0,174,0,167,208,98,218,212,211,123,0,0,190,233,224,200,0,0,230,179,70,252,178,187,218,212,116,201,0,204,210,205,208,215,0,194,217,194,227,229,227,0,0,0,200,199,200,156,168,0,195,185,0
0,0,0,0,0,0,0,224,195,0,0,212,0,203,197,0,209,0,0,143,193,203,188,127,196,149,207,0,0,190,205,0,0,0,106,200,195,189,0,0,208,0,0,148,157,0,206,4,0,191,0,194,196,220,191,191,173,236,0,0,127,192,114,198,0,0,222,194,217,204,224,209,123,63,0,199,0,202,198,203,193,111,0,203,0,86,209,206,208,0,0,192,6,213,232,49,0,0,0,0,2
0,0,0,0,0,0,0,234,233,2,0,231,0,228,227,0,224,237,0,84,173,158,227,238,251,207,212,0,0,3,0,0,0,0,222,219,241,0,0,0,228,0,0,225,225,0,2,0,0,227,0,227,227,0,227,226,222,35,0,0,56,227,230,3,0,0,241,227,0,2,239,221,103,0,0,228,0,230,232,231,230,227,0,225,230,217,231,232,233,0,0,0,245,226,230,249,250,0,141,85,3
0,0,0,0,0,0,0,148,124,0,1,73,0,115,130,0,87,80,0,80,104,90,99,71,158,82,59,0,0,104,111,0,1,0,69,80,27,157,0,0,127,62,0,104,87,0,132,76,0,146,0,129,103,214,104,101,83,62,0,0,41,108,48,118,0,0,171,108,113,125,172,66,20,83,0,113,0,115,113,111,103,96,0,146,82,17,45,47,38,0,0,127,0,0,0,1,1,0,0,0,2
0,0,0,0,0,0,0,0,208,0,0,154,0,141,153,0,206,0,0,0,187,180,125,0,0,218,0,0,0,0,0,0,0,0,255,161,153,0,0,0,130,0,0,153,44,0,0,0,0,123,0,137,128,0,228,0,140,0,0,0,118,247,163,0,0,0,190,212,0,0,240,172,0,0,0,114,0,119,220,122,231,223,0,226,0,0,219,192,137,0,0,0,0,197,209,12,213,0,37,171,1
0,0,0,0,0,0,0,0,0,0,0,0,0,0,0,0,0,0,0,0,0,0,0,0,0,0,0,0,0,0,0,0,0,0,0,0,0,0,0,0,66,0,0,124,0,5,174,5,8,0,0,25,6,198,201,181,198,204,203,0,135,137,153,165,167,0,0,0,0,0,0,0,0,0,0,0,0,0,0,0,0,0,0,0,0,0,0,0,0,0,0,0,0,0,0,0,0,0,0,0,5
0,0,0,0,0,0,0,0,0,0,0,0,0,0,0,0,0,0,0,0,0,0,0,0,2,183,0,0,0,0,0,0,65,0,132,187,166,133,82,0,148,115,122,155,104,0,0,157,160,202,150,0,119,47,132,175,124,121,149,137,27,190,43,117,121,209,179,94,83,56,94,79,83,103,255,102,0,209,0,0,0,0,0,0,0,0,0,0,0,0,0,0,0,0,0,0,0,0,0,0,7
0,0,0,0,0,0,0,0,0,0,0,0,0,0,0,0,241,254,67,0,0,205,207,213,0,91,213,212,0,0,0,0,216,0,220,203,209,224,230,0,0,211,97,2,208,0,0,232,126,0,212,0,214,0,218,214,207,244,207,0,216,204,213,232,216,21,200,186,204,221,189,234,227,224,205,220,97,214,225,227,0,228,0,146,138,0,0,0,0,0,0,0,0,0,0,0,0,0,0,0,9
0,0,1,0,0,0,0,118,245,0,0,204,0,222,235,0,218,49,0,2,224,215,216,235,244,175,234,0,0,0,0,0,0,0,227,215,213,227,0,0,208,0,0,255,228,0,0,9,0,176,0,216,230,240,238,233,243,0,0,0,220,228,232,232,0,0,133,229,219,230,159,209,59,186,0,232,0,230,239,237,232,234,0,238,238,0,237,238,242,0,0,5,24,231,227,255,240,0,123,57,4
0,0,0,0,0,0,0,200,222,2,0,226,0,215,232,0,207,0,0,3,200,203,210,0,227,206,0,0,0,6,0,0,0,0,210,212,230,0,0,0,207,0,0,209,211,0,0,0,0,210,0,215,217,82,213,216,209,195,0,0,224,214,212,0,0,0,219,215,74,0,223,216,226,0,0,235,0,242,214,249,218,214,0,212,207,210,215,254,229,0,0,228,210,251,226,242,255,0,177,60,0
0,0,0,0,0,0,0,71,3,0,0,0,0,25,0,0,135,0,0,0,187,127,137,188,108,179,160,0,0,0,0,0,0,0,148,185,173,9,0,0,165,0,0,158,170,0,0,0,0,160,0,135,163,0,165,152,171,194,0,0,132,184,179,0,0,0,139,177,29,0,134,177,204,0,0,131,0,145,141,153,177,183,0,151,179,162,162,173,173,0,0,56,135,156,195,182,198,0,134,117,6
0,0,0,0,0,0,0,0,0,0,0,0,0,0,0,0,0,0,0,0,0,0,0,0,0,0,0,0,0,0,0,0,0,1,224,213,0,0,202,0,0,0,0,2,189,0,0,230,0,254,228,183,200,190,194,197,207,199,169,158,184,197,200,209,213,148,197,189,216,220,235,127,125,151,0,23,0,0,0,0,0,0,0,0,0,0,0,0,0,0,0,0,0,0,0,0,0,0,0,0,7
0,0,0,0,0,0,0,181,197,0,0,174,0,164,171,0,177,0,0,0,198,216,0,0,0,201,0,0,0,0,0,0,0,0,206,217,0,0,0,0,158,0,0,206,197,0,0,0,0,213,0,211,210,0,201,208,214,0,0,0,0,201,168,0,0,0,181,204,0,0,177,218,0,0,0,206,0,208,206,208,207,167,0,223,0,0,203,203,208,0,0,0,0,210,224,210,220,0,197,197,3
0,0,0,0,4,0,0,213,202,0,0,192,0,190,188,0,189,220,0,207,187,194,196,201,198,187,204,0,0,207,211,0,20,0,194,198,194,239,0,0,194,0,0,191,189,0,0,0,0,197,0,196,193,176,193,193,190,64,0,0,194,192,197,3,0,0,195,191,0,2,191,190,68,0,0,189,0,189,191,189,198,199,0,196,87,197,193,189,192,0,0,0,196,187,187,235,199,0,35,41,0
0,0,0,0,0,0,0,131,215,0,0,228,0,225,229,0,230,0,0,0,230,219,144,0,0,240,0,0,0,0,0,0,0,0,224,215,78,0,0,0,253,0,0,221,235,0,0,0,0,207,0,188,217,0,230,198,244,0,0,0,0,231,0,0,0,0,0,235,0,0,0,225,0,0,0,218,0,219,218,221,230,0,0,0,0,0,204,226,247,0,0,0,0,226,159,255,192,0,169,77,1
0,0,0,0,0,0,0,137,115,1,0,119,0,117,115,0,116,29,0,40,117,111,139,163,238,141,162,0,0,122,189,0,0,0,145,116,236,161,0,0,143,2,0,138,158,0,190,48,0,196,0,114,100,250,0,0,0,250,0,0,44,0,189,164,0,0,0,0,128,160,0,0,234,126,0,0,0,0,0,0,4,110,0,3,216,49,0,0,0,0,0,173,14,0,0,0,3,0,0,2,2
0,0,0,0,0,0,0,0,255,0,0,245,0,247,238,0,232,0,0,0,237,252,0,0,0,253,0,0,0,0,0,0,0,0,233,255,0,0,0,0,211,0,0,248,237,0,0,0,0,255,0,255,238,0,230,237,255,0,0,0,0,231,131,0,0,0,170,233,0,0,173,255,0,0,0,239,0,239,235,239,231,164,0,255,0,0,234,239,239,0,0,0,0,238,255,250,255,0,228,157,3
0,0,0,0,0,0,0,215,215,0,0,214,0,217,212,0,216,0,0,0,212,217,211,215,208,212,217,0,0,0,81,0,0,0,214,216,211,221,0,0,192,0,0,212,214,0,0,0,0,207,0,216,210,224,212,210,216,206,0,0,209,211,212,121,0,0,213,211,225,131,208,216,209,0,0,215,0,217,210,222,208,210,0,214,210,209,209,229,224,0,0,180,205,228,214,168,218,0,101,174,1
0,0,0,0,0,0,0,15,0,0,0,5,0,10,10,0,95,46,0,63,10,0,0,23,16,10,28,0,0,119,87,0,30,0,38,35,50,183,0,0,28,71,0,26,42,0,150,34,0,34,12,37,35,34,31,52,49,20,23,0,37,37,45,204,0,0,38,50,137,152,49,58,23,42,41,24,0,0,0,0,0,1,34,0,0,0,0,0,0,0,0,0,0,0,0,0,0,35,0,0,2
0,0,0,0,0,0,0,39,28,4,0,43,0,123,238,0,235,0,0,0,230,239,240,195,229,231,232,0,0,0,155,0,0,0,231,234,246,251,0,0,233,0,0,235,236,0,51,0,0,255,0,255,242,249,240,240,255,138,0,0,228,245,208,252,0,0,236,230,244,255,237,244,236,146,0,238,0,238,239,239,239,239,0,238,238,244,237,237,240,0,0,247,224,247,255,62,0,0,0,0,4
0,0,0,0,0,0,0,225,221,0,0,238,0,197,234,0,202,222,0,220,206,214,155,231,213,213,230,0,0,240,227,0,208,0,237,181,216,246,0,0,218,226,0,233,168,0,227,234,0,220,103,217,220,254,223,218,214,220,120,0,224,222,216,227,0,0,216,221,242,241,217,220,211,208,141,222,0,226,223,223,223,215,0,218,255,255,234,233,239,0,0,47,110,33,45,0,0,77,2,4,2
0,0,0,0,0,0,0,0,0,0,0,0,0,0,0,0,0,0,0,0,0,0,0,0,0,0,0,0,0,0,0,0,0,0,207,123,0,0,151,0,0,154,199,142,210,0,64,208,224,196,208,214,207,156,225,211,241,232,170,1,0,0,13,0,8,0,24,20,15,20,0,0,0,0,0,0,0,0,0,0,0,0,0,0,0,0,0,0,0,0,0,0,0,0,0,0,0,0,0,0,7
0,0,1,0,0,0,0,0,0,0,0,0,0,0,0,0,0,0,0,3,0,176,196,27,216,36,16,0,0,0,0,0,0,0,193,197,189,243,0,0,187,0,0,192,181,0,0,0,0,191,0,192,192,199,190,195,196,216,0,0,191,191,190,0,0,0,196,191,64,0,194,195,219,0,0,194,0,193,193,194,194,185,0,193,218,195,195,195,197,0,0,206,193,194,190,213,231,0,162,104,0
0,0,0,0,0,0,0,162,131,0,0,8,0,75,53,0,57,0,0,0,161,137,186,0,0,51,0,0,0,0,0,0,0,0,72,2,0,0,0,0,246,0,0,12,0,0,0,0,0,112,0,169,162,0,231,247,178,0,0,0,55,97,44,0,0,0,100,99,0,0,67,24,16,0,0,145,0,230,82,113,90,128,0,215,141,0,42,81,57,0,0,18,19,43,27,1,100,0,77,1,3
0,0,4,0,0,0,0,216,184,0,0,143,0,165,164,0,178,170,0,230,217,131,143,148,224,226,192,0,0,205,186,0,0,0,146,141,177,0,0,0,188,0,0,180,153,0,0,0,0,189,0,193,177,0,184,158,144,30,0,0,64,188,183,4,0,0,211,195,0,5,210,141,62,0,0,189,0,197,190,195,166,165,0,191,156,206,193,192,178,0,0,0,211,182,172,210,186,0,133,103,0
0,0,0,0,0,0,0,180,152,0,1,34,0,193,170,0,122,117,0,68,124,133,136,70,34,137,255,0,0,58,52,0,109,0,153,167,158,181,0,0,142,143,0,141,156,0,38,45,0,166,0,140,137,81,98,93,94,98,0,0,79,163,174,0,0,0,37,96,6,0,53,116,178,3,0,101,0,189,123,124,133,120,0,151,166,143,149,143,143,0,0,28,139,142,138,176,163,0,32,11,0
0,0,0,0,0,0,0,0,183,0,0,199,0,230,234,0,227,0,0,71,231,228,228,246,228,233,241,0,0,161,241,0,0,0,226,228,227,233,0,0,231,0,0,227,232,0,220,3,0,228,0,229,229,249,227,233,229,241,0,0,214,227,216,242,0,0,243,227,246,240,237,230,213,129,0,230,0,230,228,230,230,245,0,227,106,241,227,234,223,0,0,232,241,243,219,47,236,0,0,151,4
0,0,0,0,0,0,0,18,156,0,0,115,0,145,117,0,119,0,0,0,105,117,0,0,0,171,0,0,0,0,0,0,0,0,119,134,0,0,0,0,158,0,0,171,200,0,0,0,0,168,0,173,143,0,120,217,66,0,0,0,0,128,0,0,0,0,86,130,0,0,81,64,0,0,0,132,0,128,151,120,141,0,0,173,0,0,158,83,166,0,0,0,0,79,49,0,62,0,0,0,1
0,0,16,0,0,0,0,0,100,0,0,15,0,74,81,0,37,15,0,7,213,0,13,14,0,198,14,0,0,10,0,0,0,0,219,220,59,21,0,0,203,0,0,206,224,0,0,0,0,208,0,211,214,237,215,219,223,186,0,0,223,204,227,18,0,0,193,192,0,20,160,227,74,0,0,211,0,207,193,205,222,88,0,225,15,0,220,237,222,0,0,9,0,255,232,0,221,0,2,234,4
0,0,0,0,0,0,0,201,120,0,0,129,0,129,125,0,152,0,0,0,122,102,77,0,104,223,0,0,0,0,0,0,0,0,184,107,80,0,0,0,126,0,0,92,96,0,0,0,0,134,0,129,79,0,108,0,98,0,0,0,0,108,40,0,0,0,137,116,0,0,153,141,0,0,0,0,0,0,141,0,205,137,0,165,0,0,131,0,52,0,0,0,0,0,178,0,175,0,0,168,1
0,0,0,0,0,0,0,0,0,0,0,0,0,0,0,0,0,0,0,0,0,0,0,0,0,0,0,0,0,0,0,0,1,0,26,113,86,0,0,0,5,116,0,0,181,0,0,200,0,231,35,158,108,196,229,191,0,195,5,80,208,216,238,205,199,132,224,221,243,242,51,0,101,41,0,0,0,0,0,0,0,0,0,0,0,0,0,0,0,0,0,0,0,0,0,0,0,0,0,0,5
0,0,0,0,0,0,0,145,157,1,0,176,0,163,141,0,165,53,0,165,170,186,222,215,158,145,206,0,0,192,153,0,0,0,184,188,244,193,0,0,131,0,0,153,152,0,137,134,0,154,0,132,160,0,177,160,194,0,0,0,198,171,229,1,0,0,153,164,0,3,164,194,113,0,0,134,0,172,134,151,153,184,0,189,212,177,138,184,151,0,0,72,186,204,200,194,217,0,157,26,6
0,0,0,0,0,0,0,201,207,0,0,226,0,152,191,0,188,0,0,153,157,207,210,203,204,191,223,0,0,223,228,0,0,0,197,215,232,239,0,0,212,0,0,219,217,0,255,0,0,217,0,206,220,245,216,221,250,246,0,0,69,218,130,212,0,0,224,219,242,218,239,246,191,58,0,200,0,214,219,209,186,198,0,210,57,103,184,196,183,0,0,235,0,0,0,0,0,0,1,1,4
0,2,1,0,0,0,0,190,209,0,0,147,0,222,224,0,195,205,0,170,5,30,107,209,84,49,231,0,0,207,212,0,96,0,187,187,224,216,0,0,193,224,0,208,199,0,223,226,0,217,0,208,207,255,193,210,190,208,0,0,224,192,198,245,0,0,215,194,214,246,224,199,206,208,0,208,0,222,99,205,105,108,0,147,139,0,31,23,27,0,0,216,0,0,0,5,6,0,0,0,4
0,0,0,0,0,0,0,95,73,0,0,101,0,119,141,0,117,0,0,0,106,125,135,85,84,208,57,0,0,0,0,0,0,0,187,165,185,0,0,0,146,0,0,130,165,0,0,0,0,75,0,81,87,0,85,84,91,96,0,0,43,86,108,0,0,0,108,89,0,0,108,92,98,0,0,90,0,89,96,90,102,111,0,92,118,75,98,95,97,0,0,0,76,97,101,101,109,0,100,81,0
0,0,0,0,2,0,0,219,212,5,0,220,0,217,221,0,216,212,0,226,217,218,221,220,235,220,217,0,0,210,215,0,210,0,221,221,231,173,0,0,234,0,0,218,222,0,0,0,0,227,0,227,222,0,221,222,213,208,0,0,13,223,222,0,0,0,235,225,15,0,239,220,253,3,0,224,0,224,223,224,223,215,0,226,220,225,222,223,224,0,0,96,230,221,227,255,253,0,17,0,6
0,0,0,0,0,0,0,0,250,0,0,231,0,234,238,0,230,201,0,0,227,236,237,234,231,228,232,0,0,86,250,0,0,0,232,226,231,230,0,0,229,201,0,234,231,0,247,246,0,235,0,235,233,246,231,232,236,231,0,0,215,230,240,234,0,0,241,230,240,234,232,230,231,255,0,234,0,234,236,228,232,231,0,231,238,243,237,234,234,0,0,235,231,229,229,249,255,0,199,175,4
0,0,1,0,0,0,0,14,97,1,0,134,0,107,119,0,109,0,0,1,114,109,105,101,172,101,127,0,0,0,31,0,0,0,112,110,105,137,0,0,107,0,0,124,105,0,0,6,0,117,0,110,130,129,122,102,105,149,0,0,155,117,122,152,0,0,137,112,120,157,172,110,144,72,0,134,0,139,140,145,147,69,0,0,205,149,0,0,0,0,0,142,87,0,1,0,0,0,0,0,2
0,0,0,0,0,0,0,141,125,3,0,143,0,121,118,0,95,23,0,93,111,100,98,105,80,82,116,0,0,110,100,0,0,0,100,105,227,143,0,0,88,0,0,133,138,0,126,0,0,100,0,134,131,148,93,92,103,213,0,0,49,129,32,120,0,0,136,120,184,171,93,115,169,46,0,138,0,102,106,126,115,55,0,116,154,133,134,136,136,0,0,141,108,120,171,0,0,0,0,0,2
0,0,0,0,0,0,0,0,0,0,0,28,0,170,175,3,136,145,0,161,136,133,134,190,141,138,175,0,130,182,191,1,173,2,144,145,140,183,33,0,150,130,0,144,146,154,252,140,95,149,159,151,149,93,150,147,146,39,166,28,162,151,179,215,28,0,149,152,0,0,150,144,140,1,1,151,0,153,153,150,154,146,0,147,152,162,185,182,184,0,0,9,69,77,55,0,0,0,0,0,6
0,0,0,0,0,0,0,0,0,0,0,0,0,0,0,0,0,44,0,0,0,215,221,241,0,188,203,0,0,0,0,0,190,0,210,221,192,207,207,1,2,190,166,0,195,0,0,181,173,0,172,96,144,0,238,199,207,197,171,1,180,212,220,14,0,0,39,192,0,0,130,1,0,0,175,187,0,232,74,68,0,0,0,0,0,0,0,0,0,0,0,0,0,0,0,0,0,0,0,0,9
0,0,0,0,0,0,0,0,225,0,0,209,0,207,210,0,222,0,0,0,223,178,141,0,0,246,0,0,0,0,0,0,0,0,210,202,0,0,0,0,194,0,0,220,244,0,0,0,0,196,0,208,0,0,233,199,127,0,0,0,40,204,0,0,0,0,247,224,0,0,246,153,0,0,0,155,0,163,224,163,225,0,0,237,0,0,223,206,231,0,0,0,0,210,64,0,70,0,0,0,1
0,0,0,0,0,0,0,0,0,0,0,0,0,0,0,0,24,0,0,0,0,171,177,142,0,41,198,0,0,0,0,0,192,0,113,140,215,231,184,0,1,161,126,52,137,0,0,129,154,149,93,141,138,0,160,241,0,0,38,0,160,137,3,116,129,0,120,104,121,119,95,119,83,87,92,186,24,121,73,80,92,96,13,96,77,80,82,78,87,80,0,0,0,0,0,0,0,0,0,0,5
0,0,0,0,0,0,0,0,0,0,0,0,0,0,0,0,0,0,0,0,0,0,0,0,0,78,88,63,0,0,0,0,155,0,33,43,112,165,221,0,0,71,156,33,36,1,0,161,184,173,189,12,124,152,141,208,0,0,184,65,124,96,21,64,208,43,168,128,98,102,228,222,228,228,0,142,0,0,0,0,0,0,0,0,0,0,0,0,0,0,0,0,0,0,0,0,0,0,0,0,5
0,0,0,0,0,0,0,0,214,0,0,132,0,191,203,0,201,0,0,0,199,202,198,57,203,213,146,0,0,75,220,0,0,0,196,197,221,208,0,0,201,0,0,202,194,0,230,0,0,203,0,193,205,147,203,199,217,234,0,0,73,198,15,202,0,0,244,198,203,211,233,221,194,0,0,196,0,195,208,191,196,177,0,195,166,232,211,218,215,0,0,204,0,59,0,0,0,0,2,2,4
0,0,0,0,0,0,0,198,193,0,0,194,0,219,187,0,183,177,0,192,53,222,181,182,194,41,182,0,0,179,196,0,202,0,55,186,182,135,14,0,185,0,0,179,176,0,2,3,0,182,0,182,181,20,180,182,171,165,0,0,160,181,181,0,0,0,187,183,0,0,189,183,180,5,0,187,0,189,190,189,186,177,0,183,180,185,189,189,186,0,0,0,185,184,182,197,198,0,159,154,0
0,0,0,0,0,0,0,0,253,0,0,220,0,242,237,0,226,0,0,0,239,227,248,0,181,232,0,0,0,0,0,0,0,0,237,230,252,0,0,0,241,0,0,244,238,0,0,0,0,255,0,255,241,0,244,240,251,0,0,0,0,245,49,0,0,0,0,253,0,0,0,238,0,0,0,241,0,241,255,240,252,0,0,70,2,3,245,244,237,0,0,0,1,247,27,255,23,0,119,0,3
0,0,0,0,0,0,0,42,11,0,0,33,0,36,40,0,33,55,0,49,40,34,34,51,29,27,80,0,0,69,71,0,25,0,42,51,33,115,0,0,23,27,0,42,44,0,0,0,0,36,0,38,38,16,42,38,36,7,0,0,44,40,49,0,0,0,27,42,0,0,31,40,12,0,0,36,0,36,40,36,38,51,0,36,23,33,40,38,42,0,0,0,33,40,33,44,38,0,40,31,0
0,0,0,0,0,0,0,0,0,0,0,0,0,0,0,0,0,0,0,0,2,4,5,4,0,0,7,4,0,0,0,0,0,0,251,235,241,0,220,0,234,130,212,215,233,0,213,183,253,239,247,230,210,227,239,142,169,238,222,62,222,232,250,249,255,79,250,252,182,153,107,0,0,0,19,30,0,124,0,0,0,0,0,0,0,0,0,0,0,0,0,0,0,0,0,0,0,0,0,0,7
0,0,0,0,0,0,0,0,183,0,0,13,0,213,184,0,190,0,0,0,177,0,0,0,0,174,0,0,0,0,0,0,0,0,200,83,0,0,0,0,143,0,0,201,166,0,0,0,0,155,0,155,152,0,216,177,0,0,0,0,0,219,0,0,0,0,0,222,0,0,0,0,0,0,0,166,0,166,235,166,79,0,0,143,0,0,242,175,224,0,0,0,0,195,0,255,0,0,87,0,3
0,0,0,0,0,0,0,28,222,0,0,217,0,220,223,0,219,0,0,0,217,215,128,0,0,231,0,0,0,0,0,0,0,0,222,213,113,0,0,0,252,0,0,211,236,0,0,0,0,253,0,253,253,0,214,188,246,0,0,0,0,214,0,0,0,0,25,216,0,0,28,231,0,0,0,252,0,217,228,193,221,0,0,229,0,0,234,112,196,0,0,0,0,67,204,0,224,0,0,128,1
0,0,0,0,0,0,0,0,217,1,0,184,0,169,166,0,168,172,0,113,163,169,175,181,196,166,190,0,0,206,192,0,0,0,167,173,176,211,0,0,187,223,0,197,181,0,234,216,0,194,0,194,188,226,200,188,201,50,0,0,75,197,201,175,0,0,223,211,243,180,238,186,53,209,0,206,0,190,194,194,200,243,0,182,37,70,196,188,204,0,0,196,89,185,184,218,221,0,137,88,6
0,0,0,0,0,0,0,0,0,0,0,0,0,0,0,0,63,203,0,0,0,154,186,192,0,97,195,132,0,0,0,0,185,0,187,163,190,194,198,0,0,185,0,0,196,0,0,193,54,0,152,0,79,2,53,173,184,182,173,0,0,174,178,179,37,2,171,150,181,183,157,190,192,166,96,111,28,154,224,221,200,217,3,102,0,0,0,0,13,44,0,27,28,34,30,0,0,0,0,0,9
0,0,0,0,0,0,0,149,202,0,0,227,0,234,255,0,233,206,0,237,254,232,243,222,229,253,223,0,0,236,228,0,0,0,221,223,219,234,0,0,221,254,0,221,221,0,0,0,0,217,0,217,221,0,222,222,217,113,0,0,221,221,239,4,0,0,231,220,0,3,230,215,146,0,0,218,0,217,219,218,220,236,0,216,200,211,221,221,222,0,0,0,212,218,216,223,217,0,215,211,0
0,0,0,0,0,0,0,0,0,0,0,0,0,0,0,0,0,0,0,0,0,0,0,0,0,0,0,0,0,0,0,0,0,0,146,116,9,0,248,0,0,3,111,151,135,0,0,153,236,0,179,46,148,157,155,157,132,141,190,45,205,207,168,156,155,21,62,57,0,0,65,108,105,116,0,0,0,0,0,0,0,0,0,0,0,0,0,0,0,0,0,0,0,0,0,0,0,0,0,0,7
0,0,0,0,0,0,0,0,0,72,202,0,0,0,0,0,91,171,0,0,0,137,133,81,0,60,0,112,0,0,0,0,181,49,104,86,65,14,152,0,27,168,158,112,160,0,0,160,192,147,109,110,59,0,126,206,3,105,80,0,8,144,81,85,89,0,54,142,76,67,255,59,72,62,0,76,4,0,96,97,62,64,91,145,80,60,57,57,67,28,43,72,62,52,70,76,89,0,51,43,5
0,0,0,0,0,0,0,165,126,0,0,117,0,112,121,0,118,0,0,0,144,127,72,0,150,176,0,0,0,0,0,0,0,0,180,129,105,0,0,0,126,0,0,142,74,0,0,0,0,110,0,131,52,0,178,0,158,0,0,0,56,152,111,0,0,0,190,147,0,0,187,153,0,0,0,101,0,128,147,136,165,110,0,167,0,0,149,137,0,0,0,0,0,126,154,0,180,0,4,120,1
0,0,0,0,0,0,0,0,0,0,0,0,0,0,0,0,0,0,0,0,0,0,0,0,0,0,0,0,0,0,0,0,0,0,127,0,0,0,157,0,155,69,163,203,222,0,128,192,210,216,228,191,194,0,0,0,0,0,0,19,2,4,16,12,37,2,13,16,15,19,0,0,0,0,0,0,0,0,0,0,0,0,0,0,0,0,0,0,0,0,0,0,0,0,0,0,0,0,0,0,7
0,0,0,0,0,0,0,0,0,0,0,0,0,1,0,0,158,197,0,0,0,179,178,181,0,120,207,0,0,0,0,0,187,0,170,181,166,173,212,0,1,176,89,0,152,0,0,187,228,0,207,70,135,1,132,168,147,227,228,0,1,145,112,168,241,0,119,148,174,191,98,156,205,173,47,135,1,137,137,158,0,0,191,120,0,168,166,217,0,174,0,91,147,71,1,0,0,0,0,0,9
0,0,45,0,0,0,0,0,0,0,0,55,0,113,115,0,66,4,0,10,41,44,53,162,42,59,71,0,0,0,18,0,0,0,193,187,180,70,0,0,0,0,0,143,55,0,0,0,0,3,0,114,87,163,126,173,81,171,0,0,12,10,10,137,0,0,61,59,12,41,90,53,94,0,0,13,0,96,192,189,209,151,0,0,132,116,117,101,80,0,0,194,209,213,170,65,12,0,0,0,0
0,0,0,0,0,0,0,0,253,0,0,248,0,243,216,0,219,0,0,0,215,246,0,0,0,222,0,0,0,0,0,0,0,0,212,249,0,0,0,0,41,0,0,224,238,0,0,0,0,4,0,0,217,0,210,231,46,0,0,0,0,212,0,0,0,0,0,211,0,0,0,39,0,0,0,230,0,229,205,228,227,0,0,0,0,0,201,229,229,0,0,0,0,230,7,255,14,0,235,2,1
0,0,0,0,0,0,0,0,0,0,0,0,0,0,0,0,0,0,0,0,0,0,0,0,0,0,0,0,0,0,0,0,0,1,222,218,0,0,100,0,101,40,24,183,202,0,89,202,220,166,192,220,207,192,204,72,203,222,173,0,194,235,218,217,223,0,207,197,125,175,72,108,100,81,0,0,0,0,0,0,0,0,0,0,0,0,0,0,0,0,0,0,0,0,0,0,0,0,0,0,7
0,0,0,0,0,0,0,0,211,0,0,192,0,151,193,0,81,44,0,56,219,182,185,135,159,41,142,0,0,213,208,0,0,0,198,200,32,195,0,0,222,50,0,154,133,0,215,162,0,128,0,120,163,255,238,174,152,146,0,0,162,190,118,164,0,0,117,160,217,143,111,236,175,159,0,168,0,169,165,218,178,194,0,199,137,84,236,228,205,0,0,172,0,97,25,0,0,0,2,2,4
0,0,0,0,0,0,0,4,0,0,0,191,0,171,0,0,0,0,0,0,3,0,118,4,0,0,0,0,0,0,8,0,0,0,105,165,172,189,0,1,158,203,0,149,135,36,193,216,163,177,211,200,194,205,199,203,203,205,231,0,202,203,208,197,0,2,204,195,205,193,203,209,205,215,1,111,0,0,233,47,141,201,0,220,202,243,229,225,245,7,2,220,204,231,76,0,0,0,0,0,8
0,0,0,0,0,0,0,0,0,0,0,0,0,0,0,0,0,0,0,0,0,0,0,0,0,79,145,0,0,0,0,0,1,0,0,0,175,0,39,1,147,91,119,128,0,1,0,91,79,130,102,175,189,124,187,178,72,137,93,0,136,187,128,102,0,107,158,193,105,132,202,117,118,83,62,128,0,76,98,106,84,78,0,0,0,0,0,0,0,0,0,0,0,0,0,0,0,0,0,0,5
0,0,0,0,0,0,0,0,93,3,5,0,0,46,0,0,210,206,0,239,219,221,202,211,227,227,211,43,0,234,225,0,160,0,221,222,211,217,255,0,218,235,120,221,222,0,228,234,147,228,229,224,220,220,224,224,225,228,216,0,225,225,228,231,191,191,226,226,231,232,226,229,231,233,0,226,0,226,228,227,228,230,116,228,233,234,233,227,223,9,0,227,230,241,241,169,180,0,0,0,8
0,0,0,0,0,0,0,199,225,0,0,199,0,205,107,0,235,0,0,127,249,188,208,213,200,171,219,0,1,187,212,0,0,0,195,200,189,200,3,0,196,82,0,204,199,0,196,183,0,197,0,195,200,192,204,203,203,209,0,0,200,201,205,200,0,0,205,208,233,203,200,207,195,211,213,204,0,211,197,209,215,204,126,211,220,208,209,204,211,0,0,221,221,213,232,200,156,188,0,0,4
0,0,0,0,0,0,0,0,0,0,0,0,0,0,0,0,0,0,0,0,0,0,0,0,0,11,15,42,0,0,0,0,36,26,1,237,143,48,51,0,0,9,92,1,11,3,0,40,99,53,129,250,0,1,184,4,0,1,85,97,119,154,155,129,149,67,160,155,58,53,45,69,70,66,119,92,0,97,0,0,0,0,0,0,0,0,0,0,0,0,0,0,0,0,0,0,0,0,0,0,5
0,0,0,0,0,0,0,0,139,0,0,0,0,181,158,0,44,0,0,0,204,0,0,0,0,103,0,0,0,0,0,0,0,0,101,16,0,0,0,0,187,0,0,168,96,0,0,0,0,223,0,236,92,0,172,99,0,0,0,0,0,177,0,0,0,0,16,181,0,0,35,6,0,0,0,103,0,109,208,118,141,0,0,246,0,0,214,120,113,0,0,0,0,124,94,164,164,0,136,31,3
0,0,0,0,0,0,0,0,0,0,0,0,0,0,0,0,0,0,0,0,0,101,119,126,0,221,237,224,0,0,0,0,219,171,216,205,211,234,213,0,0,215,252,97,196,2,2,204,214,166,215,136,128,158,151,148,223,227,221,0,157,153,217,228,251,30,172,177,225,228,172,190,228,225,186,177,175,208,255,254,255,254,0,86,94,0,0,0,0,0,0,0,0,0,0,0,0,0,0,0,9
0,0,0,0,0,0,0,0,204,0,0,189,0,185,171,0,178,0,0,0,170,177,209,0,194,183,0,0,0,0,0,0,0,0,183,188,220,3,0,0,154,0,0,183,202,0,0,0,0,165,0,170,190,138,189,203,172,241,0,0,255,187,148,0,0,0,75,173,0,0,101,220,0,0,0,198,0,201,177,193,184,94,0,207,0,0,135,159,160,0,0,0,0,7,0,52,5,0,5,0,4
0,0,151,0,0,0,0,0,0,120,0,214,0,0,0,0,225,145,0,0,175,243,0,0,0,0,0,60,0,0,0,0,105,68,0,0,0,1,75,0,0,66,107,0,0,0,0,64,144,0,116,0,0,0,0,0,0,198,163,0,0,0,194,0,157,0,0,0,0,0,0,198,0,0,0,0,0,0,0,0,44,0,0,105,0,81,81,23,0,130,0,93,103,122,0,186,0,0,3,0,5
0,0,0,0,0,0,0,10,138,0,0,138,0,114,104,0,116,0,0,0,118,75,52,0,0,136,0,0,0,0,0,0,0,0,71,52,33,0,0,0,161,0,0,75,255,0,0,0,0,151,0,154,87,0,110,195,55,0,0,0,0,104,0,0,0,0,0,111,0,0,0,40,0,0,0,138,0,155,148,143,144,0,0,118,0,0,163,111,162,0,0,0,0,106,9,0,2,0,0,0,1
0,0,0,0,0,0,0,14,226,0,1,183,0,159,159,0,162,170,0,0,156,162,162,175,173,157,176,0,0,139,192,0,0,0,215,196,176,240,0,0,54,235,0,61,52,0,207,210,0,64,0,62,66,167,65,68,64,54,0,0,61,65,62,218,0,0,57,66,50,218,59,72,64,200,91,54,0,126,149,151,156,141,0,117,155,162,137,143,148,0,0,101,164,138,137,178,165,0,34,88,2
0,0,0,0,0,0,0,0,0,0,115,0,4,0,0,0,0,225,0,0,201,0,0,191,0,222,255,0,0,0,0,0,33,46,0,0,223,46,90,0,0,65,234,0,0,0,0,234,232,0,192,0,0,1,0,0,207,64,41,0,4,2,105,0,254,0,0,0,0,0,29,11,4,6,0,117,1,80,243,213,0,3,157,217,0,236,222,222,1,231,0,103,210,229,0,22,0,0,0,0,5
0,1,0,0,0,0,1,119,108,62,0,109,0,121,121,0,118,134,0,157,114,117,117,122,132,113,140,0,0,157,130,0,163,0,132,133,158,147,0,0,129,142,0,133,132,0,157,174,0,138,118,140,136,215,134,134,136,122,146,0,181,135,141,158,14,0,150,133,209,185,155,135,133,179,162,138,0,136,138,140,134,137,0,145,141,159,142,137,138,0,0,0,163,130,132,161,162,2,76,66,6
0,0,0,0,0,0,0,236,225,0,0,216,0,222,222,0,223,0,0,0,224,218,162,0,109,220,0,0,0,0,0,0,0,0,217,214,63,0,0,0,220,0,0,206,253,0,0,0,0,223,0,224,254,0,208,255,209,0,0,0,0,212,0,0,0,0,156,216,0,0,165,197,0,0,0,248,0,242,221,232,229,0,0,233,0,0,225,200,228,0,0,0,0,176,73,0,63,0,0,0,1
0,0,0,0,0,0,0,154,161,0,0,154,0,150,161,0,154,0,0,0,164,154,130,0,117,248,0,0,0,0,0,0,0,0,127,211,43,0,0,0,137,0,0,107,117,0,0,0,0,110,0,114,120,0,117,117,137,0,0,0,110,120,117,0,0,0,124,120,0,0,117,120,3,0,0,117,0,114,117,110,120,137,0,124,127,104,124,114,114,0,0,0,174,83,140,208,231,0,167,0,0
0,0,0,0,0,0,0,0,0,0,0,0,0,0,0,0,0,2,0,0,0,206,0,0,0,40,13,0,0,0,0,0,213,0,168,186,179,195,207,0,0,176,171,3,198,0,0,213,75,0,208,158,188,0,158,189,173,193,152,0,204,171,172,198,209,108,170,182,176,168,180,181,160,163,181,182,100,166,247,240,228,220,0,82,107,0,0,0,0,0,0,0,0,0,0,0,0,0,0,0,9
0,0,0,0,0,0,0,78,102,0,0,102,0,0,0,0,127,0,0,0,171,102,88,0,156,127,0,0,0,0,0,0,0,0,152,142,53,0,0,0,152,0,0,166,142,0,0,0,0,147,0,156,152,0,161,147,156,4,0,0,181,156,201,0,0,0,161,161,0,0,156,142,88,0,0,171,0,176,181,181,171,181,0,191,127,181,186,196,181,0,0,0,186,220,161,245,191,0,29,9,6
0,0,0,0,0,0,0,79,56,0,1,80,0,81,82,0,77,96,0,3,76,73,69,100,155,80,122,0,0,31,103,0,0,0,101,106,41,164,0,0,126,80,0,100,97,0,89,88,0,116,0,113,103,114,97,95,94,0,0,0,4,97,116,160,0,0,121,100,47,167,116,96,64,113,0,110,0,108,123,122,125,123,0,79,67,0,0,0,0,0,0,134,0,1,2,0,1,0,0,0,2
0,0,0,0,0,0,0,241,215,0,0,215,0,215,214,0,222,0,0,0,218,221,227,0,255,221,28,0,0,0,0,0,0,0,218,250,37,127,0,0,226,0,0,228,224,0,0,0,0,249,0,252,227,201,222,226,245,252,0,0,240,222,106,0,0,0,82,223,203,0,107,250,255,0,0,227,0,228,224,228,224,78,0,240,0,0,224,227,233,0,0,0,0,224,239,255,244,0,0,59,3
0,0,0,0,0,0,0,0,0,0,0,0,0,12,48,0,79,0,0,0,14,4,1,0,0,0,0,0,0,0,0,0,0,0,0,77,0,0,0,0,69,0,0,0,4,0,0,0,0,0,0,184,193,41,208,204,204,216,0,0,228,211,204,0,0,0,205,215,160,0,212,214,217,0,0,216,0,217,215,216,215,215,0,216,213,215,216,219,212,0,0,78,207,218,216,229,224,0,196,193,8
0,0,0,0,0,0,0,0,0,0,0,0,0,0,0,0,206,0,1,0,0,0,0,0,0,9,1,0,0,0,0,0,176,1,186,193,163,170,5,0,0,186,0,5,182,0,0,185,0,0,161,76,99,60,85,181,215,192,193,0,144,71,212,187,85,176,113,147,212,194,165,215,214,216,125,202,0,192,28,25,23,38,0,0,0,0,0,0,0,0,0,0,0,0,0,0,0,0,0,0,9
0,0,1,0,0,0,0,78,47,0,0,172,0,59,174,0,203,0,0,0,107,188,161,162,152,45,166,0,0,0,0,0,0,0,124,168,220,233,0,0,151,0,0,34,144,0,0,0,0,150,0,169,34,136,174,80,177,97,0,0,157,190,173,52,0,0,123,127,219,130,70,181,128,0,0,215,0,117,48,128,227,164,0,180,0,0,57,153,166,0,0,0,0,63,177,83,199,0,194,163,4
0,0,0,0,0,0,0,153,178,0,0,60,0,128,141,0,84,0,0,0,110,97,168,114,170,118,0,0,0,0,118,0,0,0,131,118,157,0,0,0,139,0,0,136,153,0,1,0,0,141,0,138,144,135,145,161,140,131,0,0,170,148,148,0,0,0,156,147,2,0,156,131,164,0,0,161,0,155,143,151,139,141,0,123,168,140,191,186,191,0,0,160,241,232,231,240,239,0,151,14,6
0,0,0,0,0,0,0,0,0,0,0,0,0,0,0,0,0,0,0,0,0,0,0,0,0,0,0,0,0,0,0,0,120,0,255,208,0,0,250,0,199,217,142,232,203,31,179,236,247,216,234,215,216,184,234,212,171,177,214,0,209,240,192,181,231,0,238,235,248,242,51,0,43,81,0,0,0,0,0,0,0,0,0,0,0,0,0,0,0,0,0,0,0,0,0,0,0,0,0,0,7
0,0,0,0,0,0,0,139,90,0,0,95,0,83,88,0,86,90,0,0,75,72,75,92,70,65,75,0,0,10,130,0,0,0,75,74,68,66,0,0,86,66,0,70,66,0,70,74,0,56,0,68,66,218,90,68,59,66,0,0,41,92,63,81,0,0,56,94,65,81,56,65,61,79,0,59,0,59,90,59,83,65,0,94,68,59,75,61,63,0,0,75,56,56,65,110,88,0,66,32,6
